customer_id,customer_name,phone,email,address
1,Arun Kumar 0001,9610000001,arun.kumar.0001@gmail.com,"101 Main Road, Chennai"
2,Priya Kumar 0002,9610000002,priya.kumar.0002@gmail.com,"102 Main Road, Coimbatore"
3,Rahul Kumar 0003,9610000003,rahul.kumar.0003@gmail.com,"103 Main Road, Bangalore"
4,Divya Kumar 0004,9610000004,divya.kumar.0004@gmail.com,"104 Main Road, Hyderabad"
5,Karthik Kumar 0005,9610000005,karthik.kumar.0005@gmail.com,"105 Main Road, Madurai"
6,Sneha Kumar 0006,9610000006,sneha.kumar.0006@gmail.com,"106 Main Road, Salem"
7,Vijay Kumar 0007,9610000007,vijay.kumar.0007@gmail.com,"107 Main Road, Trichy"
8,Anitha Kumar 0008,9610000008,anitha.kumar.0008@gmail.com,"108 Main Road, Pune"
9,Suresh Kumar 0009,9610000009,suresh.kumar.0009@gmail.com,"109 Main Road, Mumbai"
10,Meena Kumar 0010,9610000010,meena.kumar.0010@gmail.com,"110 Main Road, Kochi"
11,Ajay Kumar 0011,9610000011,ajay.kumar.0011@gmail.com,"111 Main Road, Chennai"
12,Kavya Kumar 0012,9610000012,kavya.kumar.0012@gmail.com,"112 Main Road, Coimbatore"
13,Ravi Kumar 0013,9610000013,ravi.kumar.0013@gmail.com,"113 Main Road, Bangalore"
14,Pooja Kumar 0014,9610000014,pooja.kumar.0014@gmail.com,"114 Main Road, Hyderabad"
15,Manoj Kumar 0015,9610000015,manoj.kumar.0015@gmail.com,"115 Main Road, Madurai"
16,Swathi Kumar 0016,9610000016,swathi.kumar.0016@gmail.com,"116 Main Road, Salem"
17,Gokul Kumar 0017,9610000017,gokul.kumar.0017@gmail.com,"117 Main Road, Trichy"
18,Nisha Kumar 0018,9610000018,nisha.kumar.0018@gmail.com,"118 Main Road, Pune"
19,Harish Kumar 0019,9610000019,harish.kumar.0019@gmail.com,"119 Main Road, Mumbai"
20,Deepa Kumar 0020,9610000020,deepa.kumar.0020@gmail.com,"120 Main Road, Kochi"
21,Arun Sharma 0021,9610000021,arun.sharma.0021@gmail.com,"121 Main Road, Chennai"
22,Priya Sharma 0022,9610000022,priya.sharma.0022@gmail.com,"122 Main Road, Coimbatore"
23,Rahul Sharma 0023,9610000023,rahul.sharma.0023@gmail.com,"123 Main Road, Bangalore"
24,Divya Sharma 0024,9610000024,divya.sharma.0024@gmail.com,"124 Main Road, Hyderabad"
25,Karthik Sharma 0025,9610000025,karthik.sharma.0025@gmail.com,"125 Main Road, Madurai"
26,Sneha Sharma 0026,9610000026,sneha.sharma.0026@gmail.com,"126 Main Road, Salem"
27,Vijay Sharma 0027,9610000027,vijay.sharma.0027@gmail.com,"127 Main Road, Trichy"
28,Anitha Sharma 0028,9610000028,anitha.sharma.0028@gmail.com,"128 Main Road, Pune"
29,Suresh Sharma 0029,9610000029,suresh.sharma.0029@gmail.com,"129 Main Road, Mumbai"
30,Meena Sharma 0030,9610000030,meena.sharma.0030@gmail.com,"130 Main Road, Kochi"
31,Ajay Sharma 0031,9610000031,ajay.sharma.0031@gmail.com,"131 Main Road, Chennai"
32,Kavya Sharma 0032,9610000032,kavya.sharma.0032@gmail.com,"132 Main Road, Coimbatore"
33,Ravi Sharma 0033,9610000033,ravi.sharma.0033@gmail.com,"133 Main Road, Bangalore"
34,Pooja Sharma 0034,9610000034,pooja.sharma.0034@gmail.com,"134 Main Road, Hyderabad"
35,Manoj Sharma 0035,9610000035,manoj.sharma.0035@gmail.com,"135 Main Road, Madurai"
36,Swathi Sharma 0036,9610000036,swathi.sharma.0036@gmail.com,"136 Main Road, Salem"
37,Gokul Sharma 0037,9610000037,gokul.sharma.0037@gmail.com,"137 Main Road, Trichy"
38,Nisha Sharma 0038,9610000038,nisha.sharma.0038@gmail.com,"138 Main Road, Pune"
39,Harish Sharma 0039,9610000039,harish.sharma.0039@gmail.com,"139 Main Road, Mumbai"
40,Deepa Sharma 0040,9610000040,deepa.sharma.0040@gmail.com,"140 Main Road, Kochi"
41,Arun Raj 0041,9610000041,arun.raj.0041@gmail.com,"141 Main Road, Chennai"
42,Priya Raj 0042,9610000042,priya.raj.0042@gmail.com,"142 Main Road, Coimbatore"
43,Rahul Raj 0043,9610000043,rahul.raj.0043@gmail.com,"143 Main Road, Bangalore"
44,Divya Raj 0044,9610000044,divya.raj.0044@gmail.com,"144 Main Road, Hyderabad"
45,Karthik Raj 0045,9610000045,karthik.raj.0045@gmail.com,"145 Main Road, Madurai"
46,Sneha Raj 0046,9610000046,sneha.raj.0046@gmail.com,"146 Main Road, Salem"
47,Vijay Raj 0047,9610000047,vijay.raj.0047@gmail.com,"147 Main Road, Trichy"
48,Anitha Raj 0048,9610000048,anitha.raj.0048@gmail.com,"148 Main Road, Pune"
49,Suresh Raj 0049,9610000049,suresh.raj.0049@gmail.com,"149 Main Road, Mumbai"
50,Meena Raj 0050,9610000050,meena.raj.0050@gmail.com,"150 Main Road, Kochi"
51,Ajay Raj 0051,9610000051,ajay.raj.0051@gmail.com,"151 Main Road, Chennai"
52,Kavya Raj 0052,9610000052,kavya.raj.0052@gmail.com,"152 Main Road, Coimbatore"
53,Ravi Raj 0053,9610000053,ravi.raj.0053@gmail.com,"153 Main Road, Bangalore"
54,Pooja Raj 0054,9610000054,pooja.raj.0054@gmail.com,"154 Main Road, Hyderabad"
55,Manoj Raj 0055,9610000055,manoj.raj.0055@gmail.com,"155 Main Road, Madurai"
56,Swathi Raj 0056,9610000056,swathi.raj.0056@gmail.com,"156 Main Road, Salem"
57,Gokul Raj 0057,9610000057,gokul.raj.0057@gmail.com,"157 Main Road, Trichy"
58,Nisha Raj 0058,9610000058,nisha.raj.0058@gmail.com,"158 Main Road, Pune"
59,Harish Raj 0059,9610000059,harish.raj.0059@gmail.com,"159 Main Road, Mumbai"
60,Deepa Raj 0060,9610000060,deepa.raj.0060@gmail.com,"160 Main Road, Kochi"
61,Arun Devi 0061,9610000061,arun.devi.0061@gmail.com,"161 Main Road, Chennai"
62,Priya Devi 0062,9610000062,priya.devi.0062@gmail.com,"162 Main Road, Coimbatore"
63,Rahul Devi 0063,9610000063,rahul.devi.0063@gmail.com,"163 Main Road, Bangalore"
64,Divya Devi 0064,9610000064,divya.devi.0064@gmail.com,"164 Main Road, Hyderabad"
65,Karthik Devi 0065,9610000065,karthik.devi.0065@gmail.com,"165 Main Road, Madurai"
66,Sneha Devi 0066,9610000066,sneha.devi.0066@gmail.com,"166 Main Road, Salem"
67,Vijay Devi 0067,9610000067,vijay.devi.0067@gmail.com,"167 Main Road, Trichy"
68,Anitha Devi 0068,9610000068,anitha.devi.0068@gmail.com,"168 Main Road, Pune"
69,Suresh Devi 0069,9610000069,suresh.devi.0069@gmail.com,"169 Main Road, Mumbai"
70,Meena Devi 0070,9610000070,meena.devi.0070@gmail.com,"170 Main Road, Kochi"
71,Ajay Devi 0071,9610000071,ajay.devi.0071@gmail.com,"171 Main Road, Chennai"
72,Kavya Devi 0072,9610000072,kavya.devi.0072@gmail.com,"172 Main Road, Coimbatore"
73,Ravi Devi 0073,9610000073,ravi.devi.0073@gmail.com,"173 Main Road, Bangalore"
74,Pooja Devi 0074,9610000074,pooja.devi.0074@gmail.com,"174 Main Road, Hyderabad"
75,Manoj Devi 0075,9610000075,manoj.devi.0075@gmail.com,"175 Main Road, Madurai"
76,Swathi Devi 0076,9610000076,swathi.devi.0076@gmail.com,"176 Main Road, Salem"
77,Gokul Devi 0077,9610000077,gokul.devi.0077@gmail.com,"177 Main Road, Trichy"
78,Nisha Devi 0078,9610000078,nisha.devi.0078@gmail.com,"178 Main Road, Pune"
79,Harish Devi 0079,9610000079,harish.devi.0079@gmail.com,"179 Main Road, Mumbai"
80,Deepa Devi 0080,9610000080,deepa.devi.0080@gmail.com,"180 Main Road, Kochi"
81,Arun Krishnan 0081,9610000081,arun.krishnan.0081@gmail.com,"181 Main Road, Chennai"
82,Priya Krishnan 0082,9610000082,priya.krishnan.0082@gmail.com,"182 Main Road, Coimbatore"
83,Rahul Krishnan 0083,9610000083,rahul.krishnan.0083@gmail.com,"183 Main Road, Bangalore"
84,Divya Krishnan 0084,9610000084,divya.krishnan.0084@gmail.com,"184 Main Road, Hyderabad"
85,Karthik Krishnan 0085,9610000085,karthik.krishnan.0085@gmail.com,"185 Main Road, Madurai"
86,Sneha Krishnan 0086,9610000086,sneha.krishnan.0086@gmail.com,"186 Main Road, Salem"
87,Vijay Krishnan 0087,9610000087,vijay.krishnan.0087@gmail.com,"187 Main Road, Trichy"
88,Anitha Krishnan 0088,9610000088,anitha.krishnan.0088@gmail.com,"188 Main Road, Pune"
89,Suresh Krishnan 0089,9610000089,suresh.krishnan.0089@gmail.com,"189 Main Road, Mumbai"
90,Meena Krishnan 0090,9610000090,meena.krishnan.0090@gmail.com,"190 Main Road, Kochi"
91,Ajay Krishnan 0091,9610000091,ajay.krishnan.0091@gmail.com,"191 Main Road, Chennai"
92,Kavya Krishnan 0092,9610000092,kavya.krishnan.0092@gmail.com,"192 Main Road, Coimbatore"
93,Ravi Krishnan 0093,9610000093,ravi.krishnan.0093@gmail.com,"193 Main Road, Bangalore"
94,Pooja Krishnan 0094,9610000094,pooja.krishnan.0094@gmail.com,"194 Main Road, Hyderabad"
95,Manoj Krishnan 0095,9610000095,manoj.krishnan.0095@gmail.com,"195 Main Road, Madurai"
96,Swathi Krishnan 0096,9610000096,swathi.krishnan.0096@gmail.com,"196 Main Road, Salem"
97,Gokul Krishnan 0097,9610000097,gokul.krishnan.0097@gmail.com,"197 Main Road, Trichy"
98,Nisha Krishnan 0098,9610000098,nisha.krishnan.0098@gmail.com,"198 Main Road, Pune"
99,Harish Krishnan 0099,9610000099,harish.krishnan.0099@gmail.com,"199 Main Road, Mumbai"
100,Deepa Krishnan 0100,9610000100,deepa.krishnan.0100@gmail.com,"200 Main Road, Kochi"
101,Arun Reddy 0101,9610000101,arun.reddy.0101@gmail.com,"201 Main Road, Chennai"
102,Priya Reddy 0102,9610000102,priya.reddy.0102@gmail.com,"202 Main Road, Coimbatore"
103,Rahul Reddy 0103,9610000103,rahul.reddy.0103@gmail.com,"203 Main Road, Bangalore"
104,Divya Reddy 0104,9610000104,divya.reddy.0104@gmail.com,"204 Main Road, Hyderabad"
105,Karthik Reddy 0105,9610000105,karthik.reddy.0105@gmail.com,"205 Main Road, Madurai"
106,Sneha Reddy 0106,9610000106,sneha.reddy.0106@gmail.com,"206 Main Road, Salem"
107,Vijay Reddy 0107,9610000107,vijay.reddy.0107@gmail.com,"207 Main Road, Trichy"
108,Anitha Reddy 0108,9610000108,anitha.reddy.0108@gmail.com,"208 Main Road, Pune"
109,Suresh Reddy 0109,9610000109,suresh.reddy.0109@gmail.com,"209 Main Road, Mumbai"
110,Meena Reddy 0110,9610000110,meena.reddy.0110@gmail.com,"210 Main Road, Kochi"
111,Ajay Reddy 0111,9610000111,ajay.reddy.0111@gmail.com,"211 Main Road, Chennai"
112,Kavya Reddy 0112,9610000112,kavya.reddy.0112@gmail.com,"212 Main Road, Coimbatore"
113,Ravi Reddy 0113,9610000113,ravi.reddy.0113@gmail.com,"213 Main Road, Bangalore"
114,Pooja Reddy 0114,9610000114,pooja.reddy.0114@gmail.com,"214 Main Road, Hyderabad"
115,Manoj Reddy 0115,9610000115,manoj.reddy.0115@gmail.com,"215 Main Road, Madurai"
116,Swathi Reddy 0116,9610000116,swathi.reddy.0116@gmail.com,"216 Main Road, Salem"
117,Gokul Reddy 0117,9610000117,gokul.reddy.0117@gmail.com,"217 Main Road, Trichy"
118,Nisha Reddy 0118,9610000118,nisha.reddy.0118@gmail.com,"218 Main Road, Pune"
119,Harish Reddy 0119,9610000119,harish.reddy.0119@gmail.com,"219 Main Road, Mumbai"
120,Deepa Reddy 0120,9610000120,deepa.reddy.0120@gmail.com,"220 Main Road, Kochi"
121,Arun Iyer 0121,9610000121,arun.iyer.0121@gmail.com,"221 Main Road, Chennai"
122,Priya Iyer 0122,9610000122,priya.iyer.0122@gmail.com,"222 Main Road, Coimbatore"
123,Rahul Iyer 0123,9610000123,rahul.iyer.0123@gmail.com,"223 Main Road, Bangalore"
124,Divya Iyer 0124,9610000124,divya.iyer.0124@gmail.com,"224 Main Road, Hyderabad"
125,Karthik Iyer 0125,9610000125,karthik.iyer.0125@gmail.com,"225 Main Road, Madurai"
126,Sneha Iyer 0126,9610000126,sneha.iyer.0126@gmail.com,"226 Main Road, Salem"
127,Vijay Iyer 0127,9610000127,vijay.iyer.0127@gmail.com,"227 Main Road, Trichy"
128,Anitha Iyer 0128,9610000128,anitha.iyer.0128@gmail.com,"228 Main Road, Pune"
129,Suresh Iyer 0129,9610000129,suresh.iyer.0129@gmail.com,"229 Main Road, Mumbai"
130,Meena Iyer 0130,9610000130,meena.iyer.0130@gmail.com,"230 Main Road, Kochi"
131,Ajay Iyer 0131,9610000131,ajay.iyer.0131@gmail.com,"231 Main Road, Chennai"
132,Kavya Iyer 0132,9610000132,kavya.iyer.0132@gmail.com,"232 Main Road, Coimbatore"
133,Ravi Iyer 0133,9610000133,ravi.iyer.0133@gmail.com,"233 Main Road, Bangalore"
134,Pooja Iyer 0134,9610000134,pooja.iyer.0134@gmail.com,"234 Main Road, Hyderabad"
135,Manoj Iyer 0135,9610000135,manoj.iyer.0135@gmail.com,"235 Main Road, Madurai"
136,Swathi Iyer 0136,9610000136,swathi.iyer.0136@gmail.com,"236 Main Road, Salem"
137,Gokul Iyer 0137,9610000137,gokul.iyer.0137@gmail.com,"237 Main Road, Trichy"
138,Nisha Iyer 0138,9610000138,nisha.iyer.0138@gmail.com,"238 Main Road, Pune"
139,Harish Iyer 0139,9610000139,harish.iyer.0139@gmail.com,"239 Main Road, Mumbai"
140,Deepa Iyer 0140,9610000140,deepa.iyer.0140@gmail.com,"240 Main Road, Kochi"
141,Arun Nair 0141,9610000141,arun.nair.0141@gmail.com,"241 Main Road, Chennai"
142,Priya Nair 0142,9610000142,priya.nair.0142@gmail.com,"242 Main Road, Coimbatore"
143,Rahul Nair 0143,9610000143,rahul.nair.0143@gmail.com,"243 Main Road, Bangalore"
144,Divya Nair 0144,9610000144,divya.nair.0144@gmail.com,"244 Main Road, Hyderabad"
145,Karthik Nair 0145,9610000145,karthik.nair.0145@gmail.com,"245 Main Road, Madurai"
146,Sneha Nair 0146,9610000146,sneha.nair.0146@gmail.com,"246 Main Road, Salem"
147,Vijay Nair 0147,9610000147,vijay.nair.0147@gmail.com,"247 Main Road, Trichy"
148,Anitha Nair 0148,9610000148,anitha.nair.0148@gmail.com,"248 Main Road, Pune"
149,Suresh Nair 0149,9610000149,suresh.nair.0149@gmail.com,"249 Main Road, Mumbai"
150,Meena Nair 0150,9610000150,meena.nair.0150@gmail.com,"250 Main Road, Kochi"
151,Ajay Nair 0151,9610000151,ajay.nair.0151@gmail.com,"251 Main Road, Chennai"
152,Kavya Nair 0152,9610000152,kavya.nair.0152@gmail.com,"252 Main Road, Coimbatore"
153,Ravi Nair 0153,9610000153,ravi.nair.0153@gmail.com,"253 Main Road, Bangalore"
154,Pooja Nair 0154,9610000154,pooja.nair.0154@gmail.com,"254 Main Road, Hyderabad"
155,Manoj Nair 0155,9610000155,manoj.nair.0155@gmail.com,"255 Main Road, Madurai"
156,Swathi Nair 0156,9610000156,swathi.nair.0156@gmail.com,"256 Main Road, Salem"
157,Gokul Nair 0157,9610000157,gokul.nair.0157@gmail.com,"257 Main Road, Trichy"
158,Nisha Nair 0158,9610000158,nisha.nair.0158@gmail.com,"258 Main Road, Pune"
159,Harish Nair 0159,9610000159,harish.nair.0159@gmail.com,"259 Main Road, Mumbai"
160,Deepa Nair 0160,9610000160,deepa.nair.0160@gmail.com,"260 Main Road, Kochi"
161,Arun Patel 0161,9610000161,arun.patel.0161@gmail.com,"261 Main Road, Chennai"
162,Priya Patel 0162,9610000162,priya.patel.0162@gmail.com,"262 Main Road, Coimbatore"
163,Rahul Patel 0163,9610000163,rahul.patel.0163@gmail.com,"263 Main Road, Bangalore"
164,Divya Patel 0164,9610000164,divya.patel.0164@gmail.com,"264 Main Road, Hyderabad"
165,Karthik Patel 0165,9610000165,karthik.patel.0165@gmail.com,"265 Main Road, Madurai"
166,Sneha Patel 0166,9610000166,sneha.patel.0166@gmail.com,"266 Main Road, Salem"
167,Vijay Patel 0167,9610000167,vijay.patel.0167@gmail.com,"267 Main Road, Trichy"
168,Anitha Patel 0168,9610000168,anitha.patel.0168@gmail.com,"268 Main Road, Pune"
169,Suresh Patel 0169,9610000169,suresh.patel.0169@gmail.com,"269 Main Road, Mumbai"
170,Meena Patel 0170,9610000170,meena.patel.0170@gmail.com,"270 Main Road, Kochi"
171,Ajay Patel 0171,9610000171,ajay.patel.0171@gmail.com,"271 Main Road, Chennai"
172,Kavya Patel 0172,9610000172,kavya.patel.0172@gmail.com,"272 Main Road, Coimbatore"
173,Ravi Patel 0173,9610000173,ravi.patel.0173@gmail.com,"273 Main Road, Bangalore"
174,Pooja Patel 0174,9610000174,pooja.patel.0174@gmail.com,"274 Main Road, Hyderabad"
175,Manoj Patel 0175,9610000175,manoj.patel.0175@gmail.com,"275 Main Road, Madurai"
176,Swathi Patel 0176,9610000176,swathi.patel.0176@gmail.com,"276 Main Road, Salem"
177,Gokul Patel 0177,9610000177,gokul.patel.0177@gmail.com,"277 Main Road, Trichy"
178,Nisha Patel 0178,9610000178,nisha.patel.0178@gmail.com,"278 Main Road, Pune"
179,Harish Patel 0179,9610000179,harish.patel.0179@gmail.com,"279 Main Road, Mumbai"
180,Deepa Patel 0180,9610000180,deepa.patel.0180@gmail.com,"280 Main Road, Kochi"
181,Arun Singh 0181,9610000181,arun.singh.0181@gmail.com,"281 Main Road, Chennai"
182,Priya Singh 0182,9610000182,priya.singh.0182@gmail.com,"282 Main Road, Coimbatore"
183,Rahul Singh 0183,9610000183,rahul.singh.0183@gmail.com,"283 Main Road, Bangalore"
184,Divya Singh 0184,9610000184,divya.singh.0184@gmail.com,"284 Main Road, Hyderabad"
185,Karthik Singh 0185,9610000185,karthik.singh.0185@gmail.com,"285 Main Road, Madurai"
186,Sneha Singh 0186,9610000186,sneha.singh.0186@gmail.com,"286 Main Road, Salem"
187,Vijay Singh 0187,9610000187,vijay.singh.0187@gmail.com,"287 Main Road, Trichy"
188,Anitha Singh 0188,9610000188,anitha.singh.0188@gmail.com,"288 Main Road, Pune"
189,Suresh Singh 0189,9610000189,suresh.singh.0189@gmail.com,"289 Main Road, Mumbai"
190,Meena Singh 0190,9610000190,meena.singh.0190@gmail.com,"290 Main Road, Kochi"
191,Ajay Singh 0191,9610000191,ajay.singh.0191@gmail.com,"291 Main Road, Chennai"
192,Kavya Singh 0192,9610000192,kavya.singh.0192@gmail.com,"292 Main Road, Coimbatore"
193,Ravi Singh 0193,9610000193,ravi.singh.0193@gmail.com,"293 Main Road, Bangalore"
194,Pooja Singh 0194,9610000194,pooja.singh.0194@gmail.com,"294 Main Road, Hyderabad"
195,Manoj Singh 0195,9610000195,manoj.singh.0195@gmail.com,"295 Main Road, Madurai"
196,Swathi Singh 0196,9610000196,swathi.singh.0196@gmail.com,"296 Main Road, Salem"
197,Gokul Singh 0197,9610000197,gokul.singh.0197@gmail.com,"297 Main Road, Trichy"
198,Nisha Singh 0198,9610000198,nisha.singh.0198@gmail.com,"298 Main Road, Pune"
199,Harish Singh 0199,9610000199,harish.singh.0199@gmail.com,"299 Main Road, Mumbai"
200,Deepa Singh 0200,9610000200,deepa.singh.0200@gmail.com,"300 Main Road, Kochi"
201,Arun Kumar 0201,9610000201,arun.kumar.0201@gmail.com,"301 Main Road, Chennai"
202,Priya Kumar 0202,9610000202,priya.kumar.0202@gmail.com,"302 Main Road, Coimbatore"
203,Rahul Kumar 0203,9610000203,rahul.kumar.0203@gmail.com,"303 Main Road, Bangalore"
204,Divya Kumar 0204,9610000204,divya.kumar.0204@gmail.com,"304 Main Road, Hyderabad"
205,Karthik Kumar 0205,9610000205,karthik.kumar.0205@gmail.com,"305 Main Road, Madurai"
206,Sneha Kumar 0206,9610000206,sneha.kumar.0206@gmail.com,"306 Main Road, Salem"
207,Vijay Kumar 0207,9610000207,vijay.kumar.0207@gmail.com,"307 Main Road, Trichy"
208,Anitha Kumar 0208,9610000208,anitha.kumar.0208@gmail.com,"308 Main Road, Pune"
209,Suresh Kumar 0209,9610000209,suresh.kumar.0209@gmail.com,"309 Main Road, Mumbai"
210,Meena Kumar 0210,9610000210,meena.kumar.0210@gmail.com,"310 Main Road, Kochi"
211,Ajay Kumar 0211,9610000211,ajay.kumar.0211@gmail.com,"311 Main Road, Chennai"
212,Kavya Kumar 0212,9610000212,kavya.kumar.0212@gmail.com,"312 Main Road, Coimbatore"
213,Ravi Kumar 0213,9610000213,ravi.kumar.0213@gmail.com,"313 Main Road, Bangalore"
214,Pooja Kumar 0214,9610000214,pooja.kumar.0214@gmail.com,"314 Main Road, Hyderabad"
215,Manoj Kumar 0215,9610000215,manoj.kumar.0215@gmail.com,"315 Main Road, Madurai"
216,Swathi Kumar 0216,9610000216,swathi.kumar.0216@gmail.com,"316 Main Road, Salem"
217,Gokul Kumar 0217,9610000217,gokul.kumar.0217@gmail.com,"317 Main Road, Trichy"
218,Nisha Kumar 0218,9610000218,nisha.kumar.0218@gmail.com,"318 Main Road, Pune"
219,Harish Kumar 0219,9610000219,harish.kumar.0219@gmail.com,"319 Main Road, Mumbai"
220,Deepa Kumar 0220,9610000220,deepa.kumar.0220@gmail.com,"320 Main Road, Kochi"
221,Arun Sharma 0221,9610000221,arun.sharma.0221@gmail.com,"321 Main Road, Chennai"
222,Priya Sharma 0222,9610000222,priya.sharma.0222@gmail.com,"322 Main Road, Coimbatore"
223,Rahul Sharma 0223,9610000223,rahul.sharma.0223@gmail.com,"323 Main Road, Bangalore"
224,Divya Sharma 0224,9610000224,divya.sharma.0224@gmail.com,"324 Main Road, Hyderabad"
225,Karthik Sharma 0225,9610000225,karthik.sharma.0225@gmail.com,"325 Main Road, Madurai"
226,Sneha Sharma 0226,9610000226,sneha.sharma.0226@gmail.com,"326 Main Road, Salem"
227,Vijay Sharma 0227,9610000227,vijay.sharma.0227@gmail.com,"327 Main Road, Trichy"
228,Anitha Sharma 0228,9610000228,anitha.sharma.0228@gmail.com,"328 Main Road, Pune"
229,Suresh Sharma 0229,9610000229,suresh.sharma.0229@gmail.com,"329 Main Road, Mumbai"
230,Meena Sharma 0230,9610000230,meena.sharma.0230@gmail.com,"330 Main Road, Kochi"
231,Ajay Sharma 0231,9610000231,ajay.sharma.0231@gmail.com,"331 Main Road, Chennai"
232,Kavya Sharma 0232,9610000232,kavya.sharma.0232@gmail.com,"332 Main Road, Coimbatore"
233,Ravi Sharma 0233,9610000233,ravi.sharma.0233@gmail.com,"333 Main Road, Bangalore"
234,Pooja Sharma 0234,9610000234,pooja.sharma.0234@gmail.com,"334 Main Road, Hyderabad"
235,Manoj Sharma 0235,9610000235,manoj.sharma.0235@gmail.com,"335 Main Road, Madurai"
236,Swathi Sharma 0236,9610000236,swathi.sharma.0236@gmail.com,"336 Main Road, Salem"
237,Gokul Sharma 0237,9610000237,gokul.sharma.0237@gmail.com,"337 Main Road, Trichy"
238,Nisha Sharma 0238,9610000238,nisha.sharma.0238@gmail.com,"338 Main Road, Pune"
239,Harish Sharma 0239,9610000239,harish.sharma.0239@gmail.com,"339 Main Road, Mumbai"
240,Deepa Sharma 0240,9610000240,deepa.sharma.0240@gmail.com,"340 Main Road, Kochi"
241,Arun Raj 0241,9610000241,arun.raj.0241@gmail.com,"341 Main Road, Chennai"
242,Priya Raj 0242,9610000242,priya.raj.0242@gmail.com,"342 Main Road, Coimbatore"
243,Rahul Raj 0243,9610000243,rahul.raj.0243@gmail.com,"343 Main Road, Bangalore"
244,Divya Raj 0244,9610000244,divya.raj.0244@gmail.com,"344 Main Road, Hyderabad"
245,Karthik Raj 0245,9610000245,karthik.raj.0245@gmail.com,"345 Main Road, Madurai"
246,Sneha Raj 0246,9610000246,sneha.raj.0246@gmail.com,"346 Main Road, Salem"
247,Vijay Raj 0247,9610000247,vijay.raj.0247@gmail.com,"347 Main Road, Trichy"
248,Anitha Raj 0248,9610000248,anitha.raj.0248@gmail.com,"348 Main Road, Pune"
249,Suresh Raj 0249,9610000249,suresh.raj.0249@gmail.com,"349 Main Road, Mumbai"
250,Meena Raj 0250,9610000250,meena.raj.0250@gmail.com,"350 Main Road, Kochi"
251,Ajay Raj 0251,9610000251,ajay.raj.0251@gmail.com,"351 Main Road, Chennai"
252,Kavya Raj 0252,9610000252,kavya.raj.0252@gmail.com,"352 Main Road, Coimbatore"
253,Ravi Raj 0253,9610000253,ravi.raj.0253@gmail.com,"353 Main Road, Bangalore"
254,Pooja Raj 0254,9610000254,pooja.raj.0254@gmail.com,"354 Main Road, Hyderabad"
255,Manoj Raj 0255,9610000255,manoj.raj.0255@gmail.com,"355 Main Road, Madurai"
256,Swathi Raj 0256,9610000256,swathi.raj.0256@gmail.com,"356 Main Road, Salem"
257,Gokul Raj 0257,9610000257,gokul.raj.0257@gmail.com,"357 Main Road, Trichy"
258,Nisha Raj 0258,9610000258,nisha.raj.0258@gmail.com,"358 Main Road, Pune"
259,Harish Raj 0259,9610000259,harish.raj.0259@gmail.com,"359 Main Road, Mumbai"
260,Deepa Raj 0260,9610000260,deepa.raj.0260@gmail.com,"360 Main Road, Kochi"
261,Arun Devi 0261,9610000261,arun.devi.0261@gmail.com,"361 Main Road, Chennai"
262,Priya Devi 0262,9610000262,priya.devi.0262@gmail.com,"362 Main Road, Coimbatore"
263,Rahul Devi 0263,9610000263,rahul.devi.0263@gmail.com,"363 Main Road, Bangalore"
264,Divya Devi 0264,9610000264,divya.devi.0264@gmail.com,"364 Main Road, Hyderabad"
265,Karthik Devi 0265,9610000265,karthik.devi.0265@gmail.com,"365 Main Road, Madurai"
266,Sneha Devi 0266,9610000266,sneha.devi.0266@gmail.com,"366 Main Road, Salem"
267,Vijay Devi 0267,9610000267,vijay.devi.0267@gmail.com,"367 Main Road, Trichy"
268,Anitha Devi 0268,9610000268,anitha.devi.0268@gmail.com,"368 Main Road, Pune"
269,Suresh Devi 0269,9610000269,suresh.devi.0269@gmail.com,"369 Main Road, Mumbai"
270,Meena Devi 0270,9610000270,meena.devi.0270@gmail.com,"370 Main Road, Kochi"
271,Ajay Devi 0271,9610000271,ajay.devi.0271@gmail.com,"371 Main Road, Chennai"
272,Kavya Devi 0272,9610000272,kavya.devi.0272@gmail.com,"372 Main Road, Coimbatore"
273,Ravi Devi 0273,9610000273,ravi.devi.0273@gmail.com,"373 Main Road, Bangalore"
274,Pooja Devi 0274,9610000274,pooja.devi.0274@gmail.com,"374 Main Road, Hyderabad"
275,Manoj Devi 0275,9610000275,manoj.devi.0275@gmail.com,"375 Main Road, Madurai"
276,Swathi Devi 0276,9610000276,swathi.devi.0276@gmail.com,"376 Main Road, Salem"
277,Gokul Devi 0277,9610000277,gokul.devi.0277@gmail.com,"377 Main Road, Trichy"
278,Nisha Devi 0278,9610000278,nisha.devi.0278@gmail.com,"378 Main Road, Pune"
279,Harish Devi 0279,9610000279,harish.devi.0279@gmail.com,"379 Main Road, Mumbai"
280,Deepa Devi 0280,9610000280,deepa.devi.0280@gmail.com,"380 Main Road, Kochi"
281,Arun Krishnan 0281,9610000281,arun.krishnan.0281@gmail.com,"381 Main Road, Chennai"
282,Priya Krishnan 0282,9610000282,priya.krishnan.0282@gmail.com,"382 Main Road, Coimbatore"
283,Rahul Krishnan 0283,9610000283,rahul.krishnan.0283@gmail.com,"383 Main Road, Bangalore"
284,Divya Krishnan 0284,9610000284,divya.krishnan.0284@gmail.com,"384 Main Road, Hyderabad"
285,Karthik Krishnan 0285,9610000285,karthik.krishnan.0285@gmail.com,"385 Main Road, Madurai"
286,Sneha Krishnan 0286,9610000286,sneha.krishnan.0286@gmail.com,"386 Main Road, Salem"
287,Vijay Krishnan 0287,9610000287,vijay.krishnan.0287@gmail.com,"387 Main Road, Trichy"
288,Anitha Krishnan 0288,9610000288,anitha.krishnan.0288@gmail.com,"388 Main Road, Pune"
289,Suresh Krishnan 0289,9610000289,suresh.krishnan.0289@gmail.com,"389 Main Road, Mumbai"
290,Meena Krishnan 0290,9610000290,meena.krishnan.0290@gmail.com,"390 Main Road, Kochi"
291,Ajay Krishnan 0291,9610000291,ajay.krishnan.0291@gmail.com,"391 Main Road, Chennai"
292,Kavya Krishnan 0292,9610000292,kavya.krishnan.0292@gmail.com,"392 Main Road, Coimbatore"
293,Ravi Krishnan 0293,9610000293,ravi.krishnan.0293@gmail.com,"393 Main Road, Bangalore"
294,Pooja Krishnan 0294,9610000294,pooja.krishnan.0294@gmail.com,"394 Main Road, Hyderabad"
295,Manoj Krishnan 0295,9610000295,manoj.krishnan.0295@gmail.com,"395 Main Road, Madurai"
296,Swathi Krishnan 0296,9610000296,swathi.krishnan.0296@gmail.com,"396 Main Road, Salem"
297,Gokul Krishnan 0297,9610000297,gokul.krishnan.0297@gmail.com,"397 Main Road, Trichy"
298,Nisha Krishnan 0298,9610000298,nisha.krishnan.0298@gmail.com,"398 Main Road, Pune"
299,Harish Krishnan 0299,9610000299,harish.krishnan.0299@gmail.com,"399 Main Road, Mumbai"
300,Deepa Krishnan 0300,9610000300,deepa.krishnan.0300@gmail.com,"400 Main Road, Kochi"
301,Arun Reddy 0301,9610000301,arun.reddy.0301@gmail.com,"401 Main Road, Chennai"
302,Priya Reddy 0302,9610000302,priya.reddy.0302@gmail.com,"402 Main Road, Coimbatore"
303,Rahul Reddy 0303,9610000303,rahul.reddy.0303@gmail.com,"403 Main Road, Bangalore"
304,Divya Reddy 0304,9610000304,divya.reddy.0304@gmail.com,"404 Main Road, Hyderabad"
305,Karthik Reddy 0305,9610000305,karthik.reddy.0305@gmail.com,"405 Main Road, Madurai"
306,Sneha Reddy 0306,9610000306,sneha.reddy.0306@gmail.com,"406 Main Road, Salem"
307,Vijay Reddy 0307,9610000307,vijay.reddy.0307@gmail.com,"407 Main Road, Trichy"
308,Anitha Reddy 0308,9610000308,anitha.reddy.0308@gmail.com,"408 Main Road, Pune"
309,Suresh Reddy 0309,9610000309,suresh.reddy.0309@gmail.com,"409 Main Road, Mumbai"
310,Meena Reddy 0310,9610000310,meena.reddy.0310@gmail.com,"410 Main Road, Kochi"
311,Ajay Reddy 0311,9610000311,ajay.reddy.0311@gmail.com,"411 Main Road, Chennai"
312,Kavya Reddy 0312,9610000312,kavya.reddy.0312@gmail.com,"412 Main Road, Coimbatore"
313,Ravi Reddy 0313,9610000313,ravi.reddy.0313@gmail.com,"413 Main Road, Bangalore"
314,Pooja Reddy 0314,9610000314,pooja.reddy.0314@gmail.com,"414 Main Road, Hyderabad"
315,Manoj Reddy 0315,9610000315,manoj.reddy.0315@gmail.com,"415 Main Road, Madurai"
316,Swathi Reddy 0316,9610000316,swathi.reddy.0316@gmail.com,"416 Main Road, Salem"
317,Gokul Reddy 0317,9610000317,gokul.reddy.0317@gmail.com,"417 Main Road, Trichy"
318,Nisha Reddy 0318,9610000318,nisha.reddy.0318@gmail.com,"418 Main Road, Pune"
319,Harish Reddy 0319,9610000319,harish.reddy.0319@gmail.com,"419 Main Road, Mumbai"
320,Deepa Reddy 0320,9610000320,deepa.reddy.0320@gmail.com,"420 Main Road, Kochi"
321,Arun Iyer 0321,9610000321,arun.iyer.0321@gmail.com,"421 Main Road, Chennai"
322,Priya Iyer 0322,9610000322,priya.iyer.0322@gmail.com,"422 Main Road, Coimbatore"
323,Rahul Iyer 0323,9610000323,rahul.iyer.0323@gmail.com,"423 Main Road, Bangalore"
324,Divya Iyer 0324,9610000324,divya.iyer.0324@gmail.com,"424 Main Road, Hyderabad"
325,Karthik Iyer 0325,9610000325,karthik.iyer.0325@gmail.com,"425 Main Road, Madurai"
326,Sneha Iyer 0326,9610000326,sneha.iyer.0326@gmail.com,"426 Main Road, Salem"
327,Vijay Iyer 0327,9610000327,vijay.iyer.0327@gmail.com,"427 Main Road, Trichy"
328,Anitha Iyer 0328,9610000328,anitha.iyer.0328@gmail.com,"428 Main Road, Pune"
329,Suresh Iyer 0329,9610000329,suresh.iyer.0329@gmail.com,"429 Main Road, Mumbai"
330,Meena Iyer 0330,9610000330,meena.iyer.0330@gmail.com,"430 Main Road, Kochi"
331,Ajay Iyer 0331,9610000331,ajay.iyer.0331@gmail.com,"431 Main Road, Chennai"
332,Kavya Iyer 0332,9610000332,kavya.iyer.0332@gmail.com,"432 Main Road, Coimbatore"
333,Ravi Iyer 0333,9610000333,ravi.iyer.0333@gmail.com,"433 Main Road, Bangalore"
334,Pooja Iyer 0334,9610000334,pooja.iyer.0334@gmail.com,"434 Main Road, Hyderabad"
335,Manoj Iyer 0335,9610000335,manoj.iyer.0335@gmail.com,"435 Main Road, Madurai"
336,Swathi Iyer 0336,9610000336,swathi.iyer.0336@gmail.com,"436 Main Road, Salem"
337,Gokul Iyer 0337,9610000337,gokul.iyer.0337@gmail.com,"437 Main Road, Trichy"
338,Nisha Iyer 0338,9610000338,nisha.iyer.0338@gmail.com,"438 Main Road, Pune"
339,Harish Iyer 0339,9610000339,harish.iyer.0339@gmail.com,"439 Main Road, Mumbai"
340,Deepa Iyer 0340,9610000340,deepa.iyer.0340@gmail.com,"440 Main Road, Kochi"
341,Arun Nair 0341,9610000341,arun.nair.0341@gmail.com,"441 Main Road, Chennai"
342,Priya Nair 0342,9610000342,priya.nair.0342@gmail.com,"442 Main Road, Coimbatore"
343,Rahul Nair 0343,9610000343,rahul.nair.0343@gmail.com,"443 Main Road, Bangalore"
344,Divya Nair 0344,9610000344,divya.nair.0344@gmail.com,"444 Main Road, Hyderabad"
345,Karthik Nair 0345,9610000345,karthik.nair.0345@gmail.com,"445 Main Road, Madurai"
346,Sneha Nair 0346,9610000346,sneha.nair.0346@gmail.com,"446 Main Road, Salem"
347,Vijay Nair 0347,9610000347,vijay.nair.0347@gmail.com,"447 Main Road, Trichy"
348,Anitha Nair 0348,9610000348,anitha.nair.0348@gmail.com,"448 Main Road, Pune"
349,Suresh Nair 0349,9610000349,suresh.nair.0349@gmail.com,"449 Main Road, Mumbai"
350,Meena Nair 0350,9610000350,meena.nair.0350@gmail.com,"450 Main Road, Kochi"
351,Ajay Nair 0351,9610000351,ajay.nair.0351@gmail.com,"451 Main Road, Chennai"
352,Kavya Nair 0352,9610000352,kavya.nair.0352@gmail.com,"452 Main Road, Coimbatore"
353,Ravi Nair 0353,9610000353,ravi.nair.0353@gmail.com,"453 Main Road, Bangalore"
354,Pooja Nair 0354,9610000354,pooja.nair.0354@gmail.com,"454 Main Road, Hyderabad"
355,Manoj Nair 0355,9610000355,manoj.nair.0355@gmail.com,"455 Main Road, Madurai"
356,Swathi Nair 0356,9610000356,swathi.nair.0356@gmail.com,"456 Main Road, Salem"
357,Gokul Nair 0357,9610000357,gokul.nair.0357@gmail.com,"457 Main Road, Trichy"
358,Nisha Nair 0358,9610000358,nisha.nair.0358@gmail.com,"458 Main Road, Pune"
359,Harish Nair 0359,9610000359,harish.nair.0359@gmail.com,"459 Main Road, Mumbai"
360,Deepa Nair 0360,9610000360,deepa.nair.0360@gmail.com,"460 Main Road, Kochi"
361,Arun Patel 0361,9610000361,arun.patel.0361@gmail.com,"461 Main Road, Chennai"
362,Priya Patel 0362,9610000362,priya.patel.0362@gmail.com,"462 Main Road, Coimbatore"
363,Rahul Patel 0363,9610000363,rahul.patel.0363@gmail.com,"463 Main Road, Bangalore"
364,Divya Patel 0364,9610000364,divya.patel.0364@gmail.com,"464 Main Road, Hyderabad"
365,Karthik Patel 0365,9610000365,karthik.patel.0365@gmail.com,"465 Main Road, Madurai"
366,Sneha Patel 0366,9610000366,sneha.patel.0366@gmail.com,"466 Main Road, Salem"
367,Vijay Patel 0367,9610000367,vijay.patel.0367@gmail.com,"467 Main Road, Trichy"
368,Anitha Patel 0368,9610000368,anitha.patel.0368@gmail.com,"468 Main Road, Pune"
369,Suresh Patel 0369,9610000369,suresh.patel.0369@gmail.com,"469 Main Road, Mumbai"
370,Meena Patel 0370,9610000370,meena.patel.0370@gmail.com,"470 Main Road, Kochi"
371,Ajay Patel 0371,9610000371,ajay.patel.0371@gmail.com,"471 Main Road, Chennai"
372,Kavya Patel 0372,9610000372,kavya.patel.0372@gmail.com,"472 Main Road, Coimbatore"
373,Ravi Patel 0373,9610000373,ravi.patel.0373@gmail.com,"473 Main Road, Bangalore"
374,Pooja Patel 0374,9610000374,pooja.patel.0374@gmail.com,"474 Main Road, Hyderabad"
375,Manoj Patel 0375,9610000375,manoj.patel.0375@gmail.com,"475 Main Road, Madurai"
376,Swathi Patel 0376,9610000376,swathi.patel.0376@gmail.com,"476 Main Road, Salem"
377,Gokul Patel 0377,9610000377,gokul.patel.0377@gmail.com,"477 Main Road, Trichy"
378,Nisha Patel 0378,9610000378,nisha.patel.0378@gmail.com,"478 Main Road, Pune"
379,Harish Patel 0379,9610000379,harish.patel.0379@gmail.com,"479 Main Road, Mumbai"
380,Deepa Patel 0380,9610000380,deepa.patel.0380@gmail.com,"480 Main Road, Kochi"
381,Arun Singh 0381,9610000381,arun.singh.0381@gmail.com,"481 Main Road, Chennai"
382,Priya Singh 0382,9610000382,priya.singh.0382@gmail.com,"482 Main Road, Coimbatore"
383,Rahul Singh 0383,9610000383,rahul.singh.0383@gmail.com,"483 Main Road, Bangalore"
384,Divya Singh 0384,9610000384,divya.singh.0384@gmail.com,"484 Main Road, Hyderabad"
385,Karthik Singh 0385,9610000385,karthik.singh.0385@gmail.com,"485 Main Road, Madurai"
386,Sneha Singh 0386,9610000386,sneha.singh.0386@gmail.com,"486 Main Road, Salem"
387,Vijay Singh 0387,9610000387,vijay.singh.0387@gmail.com,"487 Main Road, Trichy"
388,Anitha Singh 0388,9610000388,anitha.singh.0388@gmail.com,"488 Main Road, Pune"
389,Suresh Singh 0389,9610000389,suresh.singh.0389@gmail.com,"489 Main Road, Mumbai"
390,Meena Singh 0390,9610000390,meena.singh.0390@gmail.com,"490 Main Road, Kochi"
391,Ajay Singh 0391,9610000391,ajay.singh.0391@gmail.com,"491 Main Road, Chennai"
392,Kavya Singh 0392,9610000392,kavya.singh.0392@gmail.com,"492 Main Road, Coimbatore"
393,Ravi Singh 0393,9610000393,ravi.singh.0393@gmail.com,"493 Main Road, Bangalore"
394,Pooja Singh 0394,9610000394,pooja.singh.0394@gmail.com,"494 Main Road, Hyderabad"
395,Manoj Singh 0395,9610000395,manoj.singh.0395@gmail.com,"495 Main Road, Madurai"
396,Swathi Singh 0396,9610000396,swathi.singh.0396@gmail.com,"496 Main Road, Salem"
397,Gokul Singh 0397,9610000397,gokul.singh.0397@gmail.com,"497 Main Road, Trichy"
398,Nisha Singh 0398,9610000398,nisha.singh.0398@gmail.com,"498 Main Road, Pune"
399,Harish Singh 0399,9610000399,harish.singh.0399@gmail.com,"499 Main Road, Mumbai"
400,Deepa Singh 0400,9610000400,deepa.singh.0400@gmail.com,"500 Main Road, Kochi"
401,Arun Kumar 0401,9610000401,arun.kumar.0401@gmail.com,"501 Main Road, Chennai"
402,Priya Kumar 0402,9610000402,priya.kumar.0402@gmail.com,"502 Main Road, Coimbatore"
403,Rahul Kumar 0403,9610000403,rahul.kumar.0403@gmail.com,"503 Main Road, Bangalore"
404,Divya Kumar 0404,9610000404,divya.kumar.0404@gmail.com,"504 Main Road, Hyderabad"
405,Karthik Kumar 0405,9610000405,karthik.kumar.0405@gmail.com,"505 Main Road, Madurai"
406,Sneha Kumar 0406,9610000406,sneha.kumar.0406@gmail.com,"506 Main Road, Salem"
407,Vijay Kumar 0407,9610000407,vijay.kumar.0407@gmail.com,"507 Main Road, Trichy"
408,Anitha Kumar 0408,9610000408,anitha.kumar.0408@gmail.com,"508 Main Road, Pune"
409,Suresh Kumar 0409,9610000409,suresh.kumar.0409@gmail.com,"509 Main Road, Mumbai"
410,Meena Kumar 0410,9610000410,meena.kumar.0410@gmail.com,"510 Main Road, Kochi"
411,Ajay Kumar 0411,9610000411,ajay.kumar.0411@gmail.com,"511 Main Road, Chennai"
412,Kavya Kumar 0412,9610000412,kavya.kumar.0412@gmail.com,"512 Main Road, Coimbatore"
413,Ravi Kumar 0413,9610000413,ravi.kumar.0413@gmail.com,"513 Main Road, Bangalore"
414,Pooja Kumar 0414,9610000414,pooja.kumar.0414@gmail.com,"514 Main Road, Hyderabad"
415,Manoj Kumar 0415,9610000415,manoj.kumar.0415@gmail.com,"515 Main Road, Madurai"
416,Swathi Kumar 0416,9610000416,swathi.kumar.0416@gmail.com,"516 Main Road, Salem"
417,Gokul Kumar 0417,9610000417,gokul.kumar.0417@gmail.com,"517 Main Road, Trichy"
418,Nisha Kumar 0418,9610000418,nisha.kumar.0418@gmail.com,"518 Main Road, Pune"
419,Harish Kumar 0419,9610000419,harish.kumar.0419@gmail.com,"519 Main Road, Mumbai"
420,Deepa Kumar 0420,9610000420,deepa.kumar.0420@gmail.com,"520 Main Road, Kochi"
421,Arun Sharma 0421,9610000421,arun.sharma.0421@gmail.com,"521 Main Road, Chennai"
422,Priya Sharma 0422,9610000422,priya.sharma.0422@gmail.com,"522 Main Road, Coimbatore"
423,Rahul Sharma 0423,9610000423,rahul.sharma.0423@gmail.com,"523 Main Road, Bangalore"
424,Divya Sharma 0424,9610000424,divya.sharma.0424@gmail.com,"524 Main Road, Hyderabad"
425,Karthik Sharma 0425,9610000425,karthik.sharma.0425@gmail.com,"525 Main Road, Madurai"
426,Sneha Sharma 0426,9610000426,sneha.sharma.0426@gmail.com,"526 Main Road, Salem"
427,Vijay Sharma 0427,9610000427,vijay.sharma.0427@gmail.com,"527 Main Road, Trichy"
428,Anitha Sharma 0428,9610000428,anitha.sharma.0428@gmail.com,"528 Main Road, Pune"
429,Suresh Sharma 0429,9610000429,suresh.sharma.0429@gmail.com,"529 Main Road, Mumbai"
430,Meena Sharma 0430,9610000430,meena.sharma.0430@gmail.com,"530 Main Road, Kochi"
431,Ajay Sharma 0431,9610000431,ajay.sharma.0431@gmail.com,"531 Main Road, Chennai"
432,Kavya Sharma 0432,9610000432,kavya.sharma.0432@gmail.com,"532 Main Road, Coimbatore"
433,Ravi Sharma 0433,9610000433,ravi.sharma.0433@gmail.com,"533 Main Road, Bangalore"
434,Pooja Sharma 0434,9610000434,pooja.sharma.0434@gmail.com,"534 Main Road, Hyderabad"
435,Manoj Sharma 0435,9610000435,manoj.sharma.0435@gmail.com,"535 Main Road, Madurai"
436,Swathi Sharma 0436,9610000436,swathi.sharma.0436@gmail.com,"536 Main Road, Salem"
437,Gokul Sharma 0437,9610000437,gokul.sharma.0437@gmail.com,"537 Main Road, Trichy"
438,Nisha Sharma 0438,9610000438,nisha.sharma.0438@gmail.com,"538 Main Road, Pune"
439,Harish Sharma 0439,9610000439,harish.sharma.0439@gmail.com,"539 Main Road, Mumbai"
440,Deepa Sharma 0440,9610000440,deepa.sharma.0440@gmail.com,"540 Main Road, Kochi"
441,Arun Raj 0441,9610000441,arun.raj.0441@gmail.com,"541 Main Road, Chennai"
442,Priya Raj 0442,9610000442,priya.raj.0442@gmail.com,"542 Main Road, Coimbatore"
443,Rahul Raj 0443,9610000443,rahul.raj.0443@gmail.com,"543 Main Road, Bangalore"
444,Divya Raj 0444,9610000444,divya.raj.0444@gmail.com,"544 Main Road, Hyderabad"
445,Karthik Raj 0445,9610000445,karthik.raj.0445@gmail.com,"545 Main Road, Madurai"
446,Sneha Raj 0446,9610000446,sneha.raj.0446@gmail.com,"546 Main Road, Salem"
447,Vijay Raj 0447,9610000447,vijay.raj.0447@gmail.com,"547 Main Road, Trichy"
448,Anitha Raj 0448,9610000448,anitha.raj.0448@gmail.com,"548 Main Road, Pune"
449,Suresh Raj 0449,9610000449,suresh.raj.0449@gmail.com,"549 Main Road, Mumbai"
450,Meena Raj 0450,9610000450,meena.raj.0450@gmail.com,"550 Main Road, Kochi"
451,Ajay Raj 0451,9610000451,ajay.raj.0451@gmail.com,"551 Main Road, Chennai"
452,Kavya Raj 0452,9610000452,kavya.raj.0452@gmail.com,"552 Main Road, Coimbatore"
453,Ravi Raj 0453,9610000453,ravi.raj.0453@gmail.com,"553 Main Road, Bangalore"
454,Pooja Raj 0454,9610000454,pooja.raj.0454@gmail.com,"554 Main Road, Hyderabad"
455,Manoj Raj 0455,9610000455,manoj.raj.0455@gmail.com,"555 Main Road, Madurai"
456,Swathi Raj 0456,9610000456,swathi.raj.0456@gmail.com,"556 Main Road, Salem"
457,Gokul Raj 0457,9610000457,gokul.raj.0457@gmail.com,"557 Main Road, Trichy"
458,Nisha Raj 0458,9610000458,nisha.raj.0458@gmail.com,"558 Main Road, Pune"
459,Harish Raj 0459,9610000459,harish.raj.0459@gmail.com,"559 Main Road, Mumbai"
460,Deepa Raj 0460,9610000460,deepa.raj.0460@gmail.com,"560 Main Road, Kochi"
461,Arun Devi 0461,9610000461,arun.devi.0461@gmail.com,"561 Main Road, Chennai"
462,Priya Devi 0462,9610000462,priya.devi.0462@gmail.com,"562 Main Road, Coimbatore"
463,Rahul Devi 0463,9610000463,rahul.devi.0463@gmail.com,"563 Main Road, Bangalore"
464,Divya Devi 0464,9610000464,divya.devi.0464@gmail.com,"564 Main Road, Hyderabad"
465,Karthik Devi 0465,9610000465,karthik.devi.0465@gmail.com,"565 Main Road, Madurai"
466,Sneha Devi 0466,9610000466,sneha.devi.0466@gmail.com,"566 Main Road, Salem"
467,Vijay Devi 0467,9610000467,vijay.devi.0467@gmail.com,"567 Main Road, Trichy"
468,Anitha Devi 0468,9610000468,anitha.devi.0468@gmail.com,"568 Main Road, Pune"
469,Suresh Devi 0469,9610000469,suresh.devi.0469@gmail.com,"569 Main Road, Mumbai"
470,Meena Devi 0470,9610000470,meena.devi.0470@gmail.com,"570 Main Road, Kochi"
471,Ajay Devi 0471,9610000471,ajay.devi.0471@gmail.com,"571 Main Road, Chennai"
472,Kavya Devi 0472,9610000472,kavya.devi.0472@gmail.com,"572 Main Road, Coimbatore"
473,Ravi Devi 0473,9610000473,ravi.devi.0473@gmail.com,"573 Main Road, Bangalore"
474,Pooja Devi 0474,9610000474,pooja.devi.0474@gmail.com,"574 Main Road, Hyderabad"
475,Manoj Devi 0475,9610000475,manoj.devi.0475@gmail.com,"575 Main Road, Madurai"
476,Swathi Devi 0476,9610000476,swathi.devi.0476@gmail.com,"576 Main Road, Salem"
477,Gokul Devi 0477,9610000477,gokul.devi.0477@gmail.com,"577 Main Road, Trichy"
478,Nisha Devi 0478,9610000478,nisha.devi.0478@gmail.com,"578 Main Road, Pune"
479,Harish Devi 0479,9610000479,harish.devi.0479@gmail.com,"579 Main Road, Mumbai"
480,Deepa Devi 0480,9610000480,deepa.devi.0480@gmail.com,"580 Main Road, Kochi"
481,Arun Krishnan 0481,9610000481,arun.krishnan.0481@gmail.com,"581 Main Road, Chennai"
482,Priya Krishnan 0482,9610000482,priya.krishnan.0482@gmail.com,"582 Main Road, Coimbatore"
483,Rahul Krishnan 0483,9610000483,rahul.krishnan.0483@gmail.com,"583 Main Road, Bangalore"
484,Divya Krishnan 0484,9610000484,divya.krishnan.0484@gmail.com,"584 Main Road, Hyderabad"
485,Karthik Krishnan 0485,9610000485,karthik.krishnan.0485@gmail.com,"585 Main Road, Madurai"
486,Sneha Krishnan 0486,9610000486,sneha.krishnan.0486@gmail.com,"586 Main Road, Salem"
487,Vijay Krishnan 0487,9610000487,vijay.krishnan.0487@gmail.com,"587 Main Road, Trichy"
488,Anitha Krishnan 0488,9610000488,anitha.krishnan.0488@gmail.com,"588 Main Road, Pune"
489,Suresh Krishnan 0489,9610000489,suresh.krishnan.0489@gmail.com,"589 Main Road, Mumbai"
490,Meena Krishnan 0490,9610000490,meena.krishnan.0490@gmail.com,"590 Main Road, Kochi"
491,Ajay Krishnan 0491,9610000491,ajay.krishnan.0491@gmail.com,"591 Main Road, Chennai"
492,Kavya Krishnan 0492,9610000492,kavya.krishnan.0492@gmail.com,"592 Main Road, Coimbatore"
493,Ravi Krishnan 0493,9610000493,ravi.krishnan.0493@gmail.com,"593 Main Road, Bangalore"
494,Pooja Krishnan 0494,9610000494,pooja.krishnan.0494@gmail.com,"594 Main Road, Hyderabad"
495,Manoj Krishnan 0495,9610000495,manoj.krishnan.0495@gmail.com,"595 Main Road, Madurai"
496,Swathi Krishnan 0496,9610000496,swathi.krishnan.0496@gmail.com,"596 Main Road, Salem"
497,Gokul Krishnan 0497,9610000497,gokul.krishnan.0497@gmail.com,"597 Main Road, Trichy"
498,Nisha Krishnan 0498,9610000498,nisha.krishnan.0498@gmail.com,"598 Main Road, Pune"
499,Harish Krishnan 0499,9610000499,harish.krishnan.0499@gmail.com,"599 Main Road, Mumbai"
500,Deepa Krishnan 0500,9610000500,deepa.krishnan.0500@gmail.com,"600 Main Road, Kochi"
501,Arun Reddy 0501,9610000501,arun.reddy.0501@gmail.com,"601 Main Road, Chennai"
502,Priya Reddy 0502,9610000502,priya.reddy.0502@gmail.com,"602 Main Road, Coimbatore"
503,Rahul Reddy 0503,9610000503,rahul.reddy.0503@gmail.com,"603 Main Road, Bangalore"
504,Divya Reddy 0504,9610000504,divya.reddy.0504@gmail.com,"604 Main Road, Hyderabad"
505,Karthik Reddy 0505,9610000505,karthik.reddy.0505@gmail.com,"605 Main Road, Madurai"
506,Sneha Reddy 0506,9610000506,sneha.reddy.0506@gmail.com,"606 Main Road, Salem"
507,Vijay Reddy 0507,9610000507,vijay.reddy.0507@gmail.com,"607 Main Road, Trichy"
508,Anitha Reddy 0508,9610000508,anitha.reddy.0508@gmail.com,"608 Main Road, Pune"
509,Suresh Reddy 0509,9610000509,suresh.reddy.0509@gmail.com,"609 Main Road, Mumbai"
510,Meena Reddy 0510,9610000510,meena.reddy.0510@gmail.com,"610 Main Road, Kochi"
511,Ajay Reddy 0511,9610000511,ajay.reddy.0511@gmail.com,"611 Main Road, Chennai"
512,Kavya Reddy 0512,9610000512,kavya.reddy.0512@gmail.com,"612 Main Road, Coimbatore"
513,Ravi Reddy 0513,9610000513,ravi.reddy.0513@gmail.com,"613 Main Road, Bangalore"
514,Pooja Reddy 0514,9610000514,pooja.reddy.0514@gmail.com,"614 Main Road, Hyderabad"
515,Manoj Reddy 0515,9610000515,manoj.reddy.0515@gmail.com,"615 Main Road, Madurai"
516,Swathi Reddy 0516,9610000516,swathi.reddy.0516@gmail.com,"616 Main Road, Salem"
517,Gokul Reddy 0517,9610000517,gokul.reddy.0517@gmail.com,"617 Main Road, Trichy"
518,Nisha Reddy 0518,9610000518,nisha.reddy.0518@gmail.com,"618 Main Road, Pune"
519,Harish Reddy 0519,9610000519,harish.reddy.0519@gmail.com,"619 Main Road, Mumbai"
520,Deepa Reddy 0520,9610000520,deepa.reddy.0520@gmail.com,"620 Main Road, Kochi"
521,Arun Iyer 0521,9610000521,arun.iyer.0521@gmail.com,"621 Main Road, Chennai"
522,Priya Iyer 0522,9610000522,priya.iyer.0522@gmail.com,"622 Main Road, Coimbatore"
523,Rahul Iyer 0523,9610000523,rahul.iyer.0523@gmail.com,"623 Main Road, Bangalore"
524,Divya Iyer 0524,9610000524,divya.iyer.0524@gmail.com,"624 Main Road, Hyderabad"
525,Karthik Iyer 0525,9610000525,karthik.iyer.0525@gmail.com,"625 Main Road, Madurai"
526,Sneha Iyer 0526,9610000526,sneha.iyer.0526@gmail.com,"626 Main Road, Salem"
527,Vijay Iyer 0527,9610000527,vijay.iyer.0527@gmail.com,"627 Main Road, Trichy"
528,Anitha Iyer 0528,9610000528,anitha.iyer.0528@gmail.com,"628 Main Road, Pune"
529,Suresh Iyer 0529,9610000529,suresh.iyer.0529@gmail.com,"629 Main Road, Mumbai"
530,Meena Iyer 0530,9610000530,meena.iyer.0530@gmail.com,"630 Main Road, Kochi"
531,Ajay Iyer 0531,9610000531,ajay.iyer.0531@gmail.com,"631 Main Road, Chennai"
532,Kavya Iyer 0532,9610000532,kavya.iyer.0532@gmail.com,"632 Main Road, Coimbatore"
533,Ravi Iyer 0533,9610000533,ravi.iyer.0533@gmail.com,"633 Main Road, Bangalore"
534,Pooja Iyer 0534,9610000534,pooja.iyer.0534@gmail.com,"634 Main Road, Hyderabad"
535,Manoj Iyer 0535,9610000535,manoj.iyer.0535@gmail.com,"635 Main Road, Madurai"
536,Swathi Iyer 0536,9610000536,swathi.iyer.0536@gmail.com,"636 Main Road, Salem"
537,Gokul Iyer 0537,9610000537,gokul.iyer.0537@gmail.com,"637 Main Road, Trichy"
538,Nisha Iyer 0538,9610000538,nisha.iyer.0538@gmail.com,"638 Main Road, Pune"
539,Harish Iyer 0539,9610000539,harish.iyer.0539@gmail.com,"639 Main Road, Mumbai"
540,Deepa Iyer 0540,9610000540,deepa.iyer.0540@gmail.com,"640 Main Road, Kochi"
541,Arun Nair 0541,9610000541,arun.nair.0541@gmail.com,"641 Main Road, Chennai"
542,Priya Nair 0542,9610000542,priya.nair.0542@gmail.com,"642 Main Road, Coimbatore"
543,Rahul Nair 0543,9610000543,rahul.nair.0543@gmail.com,"643 Main Road, Bangalore"
544,Divya Nair 0544,9610000544,divya.nair.0544@gmail.com,"644 Main Road, Hyderabad"
545,Karthik Nair 0545,9610000545,karthik.nair.0545@gmail.com,"645 Main Road, Madurai"
546,Sneha Nair 0546,9610000546,sneha.nair.0546@gmail.com,"646 Main Road, Salem"
547,Vijay Nair 0547,9610000547,vijay.nair.0547@gmail.com,"647 Main Road, Trichy"
548,Anitha Nair 0548,9610000548,anitha.nair.0548@gmail.com,"648 Main Road, Pune"
549,Suresh Nair 0549,9610000549,suresh.nair.0549@gmail.com,"649 Main Road, Mumbai"
550,Meena Nair 0550,9610000550,meena.nair.0550@gmail.com,"650 Main Road, Kochi"
551,Ajay Nair 0551,9610000551,ajay.nair.0551@gmail.com,"651 Main Road, Chennai"
552,Kavya Nair 0552,9610000552,kavya.nair.0552@gmail.com,"652 Main Road, Coimbatore"
553,Ravi Nair 0553,9610000553,ravi.nair.0553@gmail.com,"653 Main Road, Bangalore"
554,Pooja Nair 0554,9610000554,pooja.nair.0554@gmail.com,"654 Main Road, Hyderabad"
555,Manoj Nair 0555,9610000555,manoj.nair.0555@gmail.com,"655 Main Road, Madurai"
556,Swathi Nair 0556,9610000556,swathi.nair.0556@gmail.com,"656 Main Road, Salem"
557,Gokul Nair 0557,9610000557,gokul.nair.0557@gmail.com,"657 Main Road, Trichy"
558,Nisha Nair 0558,9610000558,nisha.nair.0558@gmail.com,"658 Main Road, Pune"
559,Harish Nair 0559,9610000559,harish.nair.0559@gmail.com,"659 Main Road, Mumbai"
560,Deepa Nair 0560,9610000560,deepa.nair.0560@gmail.com,"660 Main Road, Kochi"
561,Arun Patel 0561,9610000561,arun.patel.0561@gmail.com,"661 Main Road, Chennai"
562,Priya Patel 0562,9610000562,priya.patel.0562@gmail.com,"662 Main Road, Coimbatore"
563,Rahul Patel 0563,9610000563,rahul.patel.0563@gmail.com,"663 Main Road, Bangalore"
564,Divya Patel 0564,9610000564,divya.patel.0564@gmail.com,"664 Main Road, Hyderabad"
565,Karthik Patel 0565,9610000565,karthik.patel.0565@gmail.com,"665 Main Road, Madurai"
566,Sneha Patel 0566,9610000566,sneha.patel.0566@gmail.com,"666 Main Road, Salem"
567,Vijay Patel 0567,9610000567,vijay.patel.0567@gmail.com,"667 Main Road, Trichy"
568,Anitha Patel 0568,9610000568,anitha.patel.0568@gmail.com,"668 Main Road, Pune"
569,Suresh Patel 0569,9610000569,suresh.patel.0569@gmail.com,"669 Main Road, Mumbai"
570,Meena Patel 0570,9610000570,meena.patel.0570@gmail.com,"670 Main Road, Kochi"
571,Ajay Patel 0571,9610000571,ajay.patel.0571@gmail.com,"671 Main Road, Chennai"
572,Kavya Patel 0572,9610000572,kavya.patel.0572@gmail.com,"672 Main Road, Coimbatore"
573,Ravi Patel 0573,9610000573,ravi.patel.0573@gmail.com,"673 Main Road, Bangalore"
574,Pooja Patel 0574,9610000574,pooja.patel.0574@gmail.com,"674 Main Road, Hyderabad"
575,Manoj Patel 0575,9610000575,manoj.patel.0575@gmail.com,"675 Main Road, Madurai"
576,Swathi Patel 0576,9610000576,swathi.patel.0576@gmail.com,"676 Main Road, Salem"
577,Gokul Patel 0577,9610000577,gokul.patel.0577@gmail.com,"677 Main Road, Trichy"
578,Nisha Patel 0578,9610000578,nisha.patel.0578@gmail.com,"678 Main Road, Pune"
579,Harish Patel 0579,9610000579,harish.patel.0579@gmail.com,"679 Main Road, Mumbai"
580,Deepa Patel 0580,9610000580,deepa.patel.0580@gmail.com,"680 Main Road, Kochi"
581,Arun Singh 0581,9610000581,arun.singh.0581@gmail.com,"681 Main Road, Chennai"
582,Priya Singh 0582,9610000582,priya.singh.0582@gmail.com,"682 Main Road, Coimbatore"
583,Rahul Singh 0583,9610000583,rahul.singh.0583@gmail.com,"683 Main Road, Bangalore"
584,Divya Singh 0584,9610000584,divya.singh.0584@gmail.com,"684 Main Road, Hyderabad"
585,Karthik Singh 0585,9610000585,karthik.singh.0585@gmail.com,"685 Main Road, Madurai"
586,Sneha Singh 0586,9610000586,sneha.singh.0586@gmail.com,"686 Main Road, Salem"
587,Vijay Singh 0587,9610000587,vijay.singh.0587@gmail.com,"687 Main Road, Trichy"
588,Anitha Singh 0588,9610000588,anitha.singh.0588@gmail.com,"688 Main Road, Pune"
589,Suresh Singh 0589,9610000589,suresh.singh.0589@gmail.com,"689 Main Road, Mumbai"
590,Meena Singh 0590,9610000590,meena.singh.0590@gmail.com,"690 Main Road, Kochi"
591,Ajay Singh 0591,9610000591,ajay.singh.0591@gmail.com,"691 Main Road, Chennai"
592,Kavya Singh 0592,9610000592,kavya.singh.0592@gmail.com,"692 Main Road, Coimbatore"
593,Ravi Singh 0593,9610000593,ravi.singh.0593@gmail.com,"693 Main Road, Bangalore"
594,Pooja Singh 0594,9610000594,pooja.singh.0594@gmail.com,"694 Main Road, Hyderabad"
595,Manoj Singh 0595,9610000595,manoj.singh.0595@gmail.com,"695 Main Road, Madurai"
596,Swathi Singh 0596,9610000596,swathi.singh.0596@gmail.com,"696 Main Road, Salem"
597,Gokul Singh 0597,9610000597,gokul.singh.0597@gmail.com,"697 Main Road, Trichy"
598,Nisha Singh 0598,9610000598,nisha.singh.0598@gmail.com,"698 Main Road, Pune"
599,Harish Singh 0599,9610000599,harish.singh.0599@gmail.com,"699 Main Road, Mumbai"
600,Deepa Singh 0600,9610000600,deepa.singh.0600@gmail.com,"700 Main Road, Kochi"
601,Arun Kumar 0601,9610000601,arun.kumar.0601@gmail.com,"701 Main Road, Chennai"
602,Priya Kumar 0602,9610000602,priya.kumar.0602@gmail.com,"702 Main Road, Coimbatore"
603,Rahul Kumar 0603,9610000603,rahul.kumar.0603@gmail.com,"703 Main Road, Bangalore"
604,Divya Kumar 0604,9610000604,divya.kumar.0604@gmail.com,"704 Main Road, Hyderabad"
605,Karthik Kumar 0605,9610000605,karthik.kumar.0605@gmail.com,"705 Main Road, Madurai"
606,Sneha Kumar 0606,9610000606,sneha.kumar.0606@gmail.com,"706 Main Road, Salem"
607,Vijay Kumar 0607,9610000607,vijay.kumar.0607@gmail.com,"707 Main Road, Trichy"
608,Anitha Kumar 0608,9610000608,anitha.kumar.0608@gmail.com,"708 Main Road, Pune"
609,Suresh Kumar 0609,9610000609,suresh.kumar.0609@gmail.com,"709 Main Road, Mumbai"
610,Meena Kumar 0610,9610000610,meena.kumar.0610@gmail.com,"710 Main Road, Kochi"
611,Ajay Kumar 0611,9610000611,ajay.kumar.0611@gmail.com,"711 Main Road, Chennai"
612,Kavya Kumar 0612,9610000612,kavya.kumar.0612@gmail.com,"712 Main Road, Coimbatore"
613,Ravi Kumar 0613,9610000613,ravi.kumar.0613@gmail.com,"713 Main Road, Bangalore"
614,Pooja Kumar 0614,9610000614,pooja.kumar.0614@gmail.com,"714 Main Road, Hyderabad"
615,Manoj Kumar 0615,9610000615,manoj.kumar.0615@gmail.com,"715 Main Road, Madurai"
616,Swathi Kumar 0616,9610000616,swathi.kumar.0616@gmail.com,"716 Main Road, Salem"
617,Gokul Kumar 0617,9610000617,gokul.kumar.0617@gmail.com,"717 Main Road, Trichy"
618,Nisha Kumar 0618,9610000618,nisha.kumar.0618@gmail.com,"718 Main Road, Pune"
619,Harish Kumar 0619,9610000619,harish.kumar.0619@gmail.com,"719 Main Road, Mumbai"
620,Deepa Kumar 0620,9610000620,deepa.kumar.0620@gmail.com,"720 Main Road, Kochi"
621,Arun Sharma 0621,9610000621,arun.sharma.0621@gmail.com,"721 Main Road, Chennai"
622,Priya Sharma 0622,9610000622,priya.sharma.0622@gmail.com,"722 Main Road, Coimbatore"
623,Rahul Sharma 0623,9610000623,rahul.sharma.0623@gmail.com,"723 Main Road, Bangalore"
624,Divya Sharma 0624,9610000624,divya.sharma.0624@gmail.com,"724 Main Road, Hyderabad"
625,Karthik Sharma 0625,9610000625,karthik.sharma.0625@gmail.com,"725 Main Road, Madurai"
626,Sneha Sharma 0626,9610000626,sneha.sharma.0626@gmail.com,"726 Main Road, Salem"
627,Vijay Sharma 0627,9610000627,vijay.sharma.0627@gmail.com,"727 Main Road, Trichy"
628,Anitha Sharma 0628,9610000628,anitha.sharma.0628@gmail.com,"728 Main Road, Pune"
629,Suresh Sharma 0629,9610000629,suresh.sharma.0629@gmail.com,"729 Main Road, Mumbai"
630,Meena Sharma 0630,9610000630,meena.sharma.0630@gmail.com,"730 Main Road, Kochi"
631,Ajay Sharma 0631,9610000631,ajay.sharma.0631@gmail.com,"731 Main Road, Chennai"
632,Kavya Sharma 0632,9610000632,kavya.sharma.0632@gmail.com,"732 Main Road, Coimbatore"
633,Ravi Sharma 0633,9610000633,ravi.sharma.0633@gmail.com,"733 Main Road, Bangalore"
634,Pooja Sharma 0634,9610000634,pooja.sharma.0634@gmail.com,"734 Main Road, Hyderabad"
635,Manoj Sharma 0635,9610000635,manoj.sharma.0635@gmail.com,"735 Main Road, Madurai"
636,Swathi Sharma 0636,9610000636,swathi.sharma.0636@gmail.com,"736 Main Road, Salem"
637,Gokul Sharma 0637,9610000637,gokul.sharma.0637@gmail.com,"737 Main Road, Trichy"
638,Nisha Sharma 0638,9610000638,nisha.sharma.0638@gmail.com,"738 Main Road, Pune"
639,Harish Sharma 0639,9610000639,harish.sharma.0639@gmail.com,"739 Main Road, Mumbai"
640,Deepa Sharma 0640,9610000640,deepa.sharma.0640@gmail.com,"740 Main Road, Kochi"
641,Arun Raj 0641,9610000641,arun.raj.0641@gmail.com,"741 Main Road, Chennai"
642,Priya Raj 0642,9610000642,priya.raj.0642@gmail.com,"742 Main Road, Coimbatore"
643,Rahul Raj 0643,9610000643,rahul.raj.0643@gmail.com,"743 Main Road, Bangalore"
644,Divya Raj 0644,9610000644,divya.raj.0644@gmail.com,"744 Main Road, Hyderabad"
645,Karthik Raj 0645,9610000645,karthik.raj.0645@gmail.com,"745 Main Road, Madurai"
646,Sneha Raj 0646,9610000646,sneha.raj.0646@gmail.com,"746 Main Road, Salem"
647,Vijay Raj 0647,9610000647,vijay.raj.0647@gmail.com,"747 Main Road, Trichy"
648,Anitha Raj 0648,9610000648,anitha.raj.0648@gmail.com,"748 Main Road, Pune"
649,Suresh Raj 0649,9610000649,suresh.raj.0649@gmail.com,"749 Main Road, Mumbai"
650,Meena Raj 0650,9610000650,meena.raj.0650@gmail.com,"750 Main Road, Kochi"
651,Ajay Raj 0651,9610000651,ajay.raj.0651@gmail.com,"751 Main Road, Chennai"
652,Kavya Raj 0652,9610000652,kavya.raj.0652@gmail.com,"752 Main Road, Coimbatore"
653,Ravi Raj 0653,9610000653,ravi.raj.0653@gmail.com,"753 Main Road, Bangalore"
654,Pooja Raj 0654,9610000654,pooja.raj.0654@gmail.com,"754 Main Road, Hyderabad"
655,Manoj Raj 0655,9610000655,manoj.raj.0655@gmail.com,"755 Main Road, Madurai"
656,Swathi Raj 0656,9610000656,swathi.raj.0656@gmail.com,"756 Main Road, Salem"
657,Gokul Raj 0657,9610000657,gokul.raj.0657@gmail.com,"757 Main Road, Trichy"
658,Nisha Raj 0658,9610000658,nisha.raj.0658@gmail.com,"758 Main Road, Pune"
659,Harish Raj 0659,9610000659,harish.raj.0659@gmail.com,"759 Main Road, Mumbai"
660,Deepa Raj 0660,9610000660,deepa.raj.0660@gmail.com,"760 Main Road, Kochi"
661,Arun Devi 0661,9610000661,arun.devi.0661@gmail.com,"761 Main Road, Chennai"
662,Priya Devi 0662,9610000662,priya.devi.0662@gmail.com,"762 Main Road, Coimbatore"
663,Rahul Devi 0663,9610000663,rahul.devi.0663@gmail.com,"763 Main Road, Bangalore"
664,Divya Devi 0664,9610000664,divya.devi.0664@gmail.com,"764 Main Road, Hyderabad"
665,Karthik Devi 0665,9610000665,karthik.devi.0665@gmail.com,"765 Main Road, Madurai"
666,Sneha Devi 0666,9610000666,sneha.devi.0666@gmail.com,"766 Main Road, Salem"
667,Vijay Devi 0667,9610000667,vijay.devi.0667@gmail.com,"767 Main Road, Trichy"
668,Anitha Devi 0668,9610000668,anitha.devi.0668@gmail.com,"768 Main Road, Pune"
669,Suresh Devi 0669,9610000669,suresh.devi.0669@gmail.com,"769 Main Road, Mumbai"
670,Meena Devi 0670,9610000670,meena.devi.0670@gmail.com,"770 Main Road, Kochi"
671,Ajay Devi 0671,9610000671,ajay.devi.0671@gmail.com,"771 Main Road, Chennai"
672,Kavya Devi 0672,9610000672,kavya.devi.0672@gmail.com,"772 Main Road, Coimbatore"
673,Ravi Devi 0673,9610000673,ravi.devi.0673@gmail.com,"773 Main Road, Bangalore"
674,Pooja Devi 0674,9610000674,pooja.devi.0674@gmail.com,"774 Main Road, Hyderabad"
675,Manoj Devi 0675,9610000675,manoj.devi.0675@gmail.com,"775 Main Road, Madurai"
676,Swathi Devi 0676,9610000676,swathi.devi.0676@gmail.com,"776 Main Road, Salem"
677,Gokul Devi 0677,9610000677,gokul.devi.0677@gmail.com,"777 Main Road, Trichy"
678,Nisha Devi 0678,9610000678,nisha.devi.0678@gmail.com,"778 Main Road, Pune"
679,Harish Devi 0679,9610000679,harish.devi.0679@gmail.com,"779 Main Road, Mumbai"
680,Deepa Devi 0680,9610000680,deepa.devi.0680@gmail.com,"780 Main Road, Kochi"
681,Arun Krishnan 0681,9610000681,arun.krishnan.0681@gmail.com,"781 Main Road, Chennai"
682,Priya Krishnan 0682,9610000682,priya.krishnan.0682@gmail.com,"782 Main Road, Coimbatore"
683,Rahul Krishnan 0683,9610000683,rahul.krishnan.0683@gmail.com,"783 Main Road, Bangalore"
684,Divya Krishnan 0684,9610000684,divya.krishnan.0684@gmail.com,"784 Main Road, Hyderabad"
685,Karthik Krishnan 0685,9610000685,karthik.krishnan.0685@gmail.com,"785 Main Road, Madurai"
686,Sneha Krishnan 0686,9610000686,sneha.krishnan.0686@gmail.com,"786 Main Road, Salem"
687,Vijay Krishnan 0687,9610000687,vijay.krishnan.0687@gmail.com,"787 Main Road, Trichy"
688,Anitha Krishnan 0688,9610000688,anitha.krishnan.0688@gmail.com,"788 Main Road, Pune"
689,Suresh Krishnan 0689,9610000689,suresh.krishnan.0689@gmail.com,"789 Main Road, Mumbai"
690,Meena Krishnan 0690,9610000690,meena.krishnan.0690@gmail.com,"790 Main Road, Kochi"
691,Ajay Krishnan 0691,9610000691,ajay.krishnan.0691@gmail.com,"791 Main Road, Chennai"
692,Kavya Krishnan 0692,9610000692,kavya.krishnan.0692@gmail.com,"792 Main Road, Coimbatore"
693,Ravi Krishnan 0693,9610000693,ravi.krishnan.0693@gmail.com,"793 Main Road, Bangalore"
694,Pooja Krishnan 0694,9610000694,pooja.krishnan.0694@gmail.com,"794 Main Road, Hyderabad"
695,Manoj Krishnan 0695,9610000695,manoj.krishnan.0695@gmail.com,"795 Main Road, Madurai"
696,Swathi Krishnan 0696,9610000696,swathi.krishnan.0696@gmail.com,"796 Main Road, Salem"
697,Gokul Krishnan 0697,9610000697,gokul.krishnan.0697@gmail.com,"797 Main Road, Trichy"
698,Nisha Krishnan 0698,9610000698,nisha.krishnan.0698@gmail.com,"798 Main Road, Pune"
699,Harish Krishnan 0699,9610000699,harish.krishnan.0699@gmail.com,"799 Main Road, Mumbai"
700,Deepa Krishnan 0700,9610000700,deepa.krishnan.0700@gmail.com,"800 Main Road, Kochi"
701,Arun Reddy 0701,9610000701,arun.reddy.0701@gmail.com,"801 Main Road, Chennai"
702,Priya Reddy 0702,9610000702,priya.reddy.0702@gmail.com,"802 Main Road, Coimbatore"
703,Rahul Reddy 0703,9610000703,rahul.reddy.0703@gmail.com,"803 Main Road, Bangalore"
704,Divya Reddy 0704,9610000704,divya.reddy.0704@gmail.com,"804 Main Road, Hyderabad"
705,Karthik Reddy 0705,9610000705,karthik.reddy.0705@gmail.com,"805 Main Road, Madurai"
706,Sneha Reddy 0706,9610000706,sneha.reddy.0706@gmail.com,"806 Main Road, Salem"
707,Vijay Reddy 0707,9610000707,vijay.reddy.0707@gmail.com,"807 Main Road, Trichy"
708,Anitha Reddy 0708,9610000708,anitha.reddy.0708@gmail.com,"808 Main Road, Pune"
709,Suresh Reddy 0709,9610000709,suresh.reddy.0709@gmail.com,"809 Main Road, Mumbai"
710,Meena Reddy 0710,9610000710,meena.reddy.0710@gmail.com,"810 Main Road, Kochi"
711,Ajay Reddy 0711,9610000711,ajay.reddy.0711@gmail.com,"811 Main Road, Chennai"
712,Kavya Reddy 0712,9610000712,kavya.reddy.0712@gmail.com,"812 Main Road, Coimbatore"
713,Ravi Reddy 0713,9610000713,ravi.reddy.0713@gmail.com,"813 Main Road, Bangalore"
714,Pooja Reddy 0714,9610000714,pooja.reddy.0714@gmail.com,"814 Main Road, Hyderabad"
715,Manoj Reddy 0715,9610000715,manoj.reddy.0715@gmail.com,"815 Main Road, Madurai"
716,Swathi Reddy 0716,9610000716,swathi.reddy.0716@gmail.com,"816 Main Road, Salem"
717,Gokul Reddy 0717,9610000717,gokul.reddy.0717@gmail.com,"817 Main Road, Trichy"
718,Nisha Reddy 0718,9610000718,nisha.reddy.0718@gmail.com,"818 Main Road, Pune"
719,Harish Reddy 0719,9610000719,harish.reddy.0719@gmail.com,"819 Main Road, Mumbai"
720,Deepa Reddy 0720,9610000720,deepa.reddy.0720@gmail.com,"820 Main Road, Kochi"
721,Arun Iyer 0721,9610000721,arun.iyer.0721@gmail.com,"821 Main Road, Chennai"
722,Priya Iyer 0722,9610000722,priya.iyer.0722@gmail.com,"822 Main Road, Coimbatore"
723,Rahul Iyer 0723,9610000723,rahul.iyer.0723@gmail.com,"823 Main Road, Bangalore"
724,Divya Iyer 0724,9610000724,divya.iyer.0724@gmail.com,"824 Main Road, Hyderabad"
725,Karthik Iyer 0725,9610000725,karthik.iyer.0725@gmail.com,"825 Main Road, Madurai"
726,Sneha Iyer 0726,9610000726,sneha.iyer.0726@gmail.com,"826 Main Road, Salem"
727,Vijay Iyer 0727,9610000727,vijay.iyer.0727@gmail.com,"827 Main Road, Trichy"
728,Anitha Iyer 0728,9610000728,anitha.iyer.0728@gmail.com,"828 Main Road, Pune"
729,Suresh Iyer 0729,9610000729,suresh.iyer.0729@gmail.com,"829 Main Road, Mumbai"
730,Meena Iyer 0730,9610000730,meena.iyer.0730@gmail.com,"830 Main Road, Kochi"
731,Ajay Iyer 0731,9610000731,ajay.iyer.0731@gmail.com,"831 Main Road, Chennai"
732,Kavya Iyer 0732,9610000732,kavya.iyer.0732@gmail.com,"832 Main Road, Coimbatore"
733,Ravi Iyer 0733,9610000733,ravi.iyer.0733@gmail.com,"833 Main Road, Bangalore"
734,Pooja Iyer 0734,9610000734,pooja.iyer.0734@gmail.com,"834 Main Road, Hyderabad"
735,Manoj Iyer 0735,9610000735,manoj.iyer.0735@gmail.com,"835 Main Road, Madurai"
736,Swathi Iyer 0736,9610000736,swathi.iyer.0736@gmail.com,"836 Main Road, Salem"
737,Gokul Iyer 0737,9610000737,gokul.iyer.0737@gmail.com,"837 Main Road, Trichy"
738,Nisha Iyer 0738,9610000738,nisha.iyer.0738@gmail.com,"838 Main Road, Pune"
739,Harish Iyer 0739,9610000739,harish.iyer.0739@gmail.com,"839 Main Road, Mumbai"
740,Deepa Iyer 0740,9610000740,deepa.iyer.0740@gmail.com,"840 Main Road, Kochi"
741,Arun Nair 0741,9610000741,arun.nair.0741@gmail.com,"841 Main Road, Chennai"
742,Priya Nair 0742,9610000742,priya.nair.0742@gmail.com,"842 Main Road, Coimbatore"
743,Rahul Nair 0743,9610000743,rahul.nair.0743@gmail.com,"843 Main Road, Bangalore"
744,Divya Nair 0744,9610000744,divya.nair.0744@gmail.com,"844 Main Road, Hyderabad"
745,Karthik Nair 0745,9610000745,karthik.nair.0745@gmail.com,"845 Main Road, Madurai"
746,Sneha Nair 0746,9610000746,sneha.nair.0746@gmail.com,"846 Main Road, Salem"
747,Vijay Nair 0747,9610000747,vijay.nair.0747@gmail.com,"847 Main Road, Trichy"
748,Anitha Nair 0748,9610000748,anitha.nair.0748@gmail.com,"848 Main Road, Pune"
749,Suresh Nair 0749,9610000749,suresh.nair.0749@gmail.com,"849 Main Road, Mumbai"
750,Meena Nair 0750,9610000750,meena.nair.0750@gmail.com,"850 Main Road, Kochi"
751,Ajay Nair 0751,9610000751,ajay.nair.0751@gmail.com,"851 Main Road, Chennai"
752,Kavya Nair 0752,9610000752,kavya.nair.0752@gmail.com,"852 Main Road, Coimbatore"
753,Ravi Nair 0753,9610000753,ravi.nair.0753@gmail.com,"853 Main Road, Bangalore"
754,Pooja Nair 0754,9610000754,pooja.nair.0754@gmail.com,"854 Main Road, Hyderabad"
755,Manoj Nair 0755,9610000755,manoj.nair.0755@gmail.com,"855 Main Road, Madurai"
756,Swathi Nair 0756,9610000756,swathi.nair.0756@gmail.com,"856 Main Road, Salem"
757,Gokul Nair 0757,9610000757,gokul.nair.0757@gmail.com,"857 Main Road, Trichy"
758,Nisha Nair 0758,9610000758,nisha.nair.0758@gmail.com,"858 Main Road, Pune"
759,Harish Nair 0759,9610000759,harish.nair.0759@gmail.com,"859 Main Road, Mumbai"
760,Deepa Nair 0760,9610000760,deepa.nair.0760@gmail.com,"860 Main Road, Kochi"
761,Arun Patel 0761,9610000761,arun.patel.0761@gmail.com,"861 Main Road, Chennai"
762,Priya Patel 0762,9610000762,priya.patel.0762@gmail.com,"862 Main Road, Coimbatore"
763,Rahul Patel 0763,9610000763,rahul.patel.0763@gmail.com,"863 Main Road, Bangalore"
764,Divya Patel 0764,9610000764,divya.patel.0764@gmail.com,"864 Main Road, Hyderabad"
765,Karthik Patel 0765,9610000765,karthik.patel.0765@gmail.com,"865 Main Road, Madurai"
766,Sneha Patel 0766,9610000766,sneha.patel.0766@gmail.com,"866 Main Road, Salem"
767,Vijay Patel 0767,9610000767,vijay.patel.0767@gmail.com,"867 Main Road, Trichy"
768,Anitha Patel 0768,9610000768,anitha.patel.0768@gmail.com,"868 Main Road, Pune"
769,Suresh Patel 0769,9610000769,suresh.patel.0769@gmail.com,"869 Main Road, Mumbai"
770,Meena Patel 0770,9610000770,meena.patel.0770@gmail.com,"870 Main Road, Kochi"
771,Ajay Patel 0771,9610000771,ajay.patel.0771@gmail.com,"871 Main Road, Chennai"
772,Kavya Patel 0772,9610000772,kavya.patel.0772@gmail.com,"872 Main Road, Coimbatore"
773,Ravi Patel 0773,9610000773,ravi.patel.0773@gmail.com,"873 Main Road, Bangalore"
774,Pooja Patel 0774,9610000774,pooja.patel.0774@gmail.com,"874 Main Road, Hyderabad"
775,Manoj Patel 0775,9610000775,manoj.patel.0775@gmail.com,"875 Main Road, Madurai"
776,Swathi Patel 0776,9610000776,swathi.patel.0776@gmail.com,"876 Main Road, Salem"
777,Gokul Patel 0777,9610000777,gokul.patel.0777@gmail.com,"877 Main Road, Trichy"
778,Nisha Patel 0778,9610000778,nisha.patel.0778@gmail.com,"878 Main Road, Pune"
779,Harish Patel 0779,9610000779,harish.patel.0779@gmail.com,"879 Main Road, Mumbai"
780,Deepa Patel 0780,9610000780,deepa.patel.0780@gmail.com,"880 Main Road, Kochi"
781,Arun Singh 0781,9610000781,arun.singh.0781@gmail.com,"881 Main Road, Chennai"
782,Priya Singh 0782,9610000782,priya.singh.0782@gmail.com,"882 Main Road, Coimbatore"
783,Rahul Singh 0783,9610000783,rahul.singh.0783@gmail.com,"883 Main Road, Bangalore"
784,Divya Singh 0784,9610000784,divya.singh.0784@gmail.com,"884 Main Road, Hyderabad"
785,Karthik Singh 0785,9610000785,karthik.singh.0785@gmail.com,"885 Main Road, Madurai"
786,Sneha Singh 0786,9610000786,sneha.singh.0786@gmail.com,"886 Main Road, Salem"
787,Vijay Singh 0787,9610000787,vijay.singh.0787@gmail.com,"887 Main Road, Trichy"
788,Anitha Singh 0788,9610000788,anitha.singh.0788@gmail.com,"888 Main Road, Pune"
789,Suresh Singh 0789,9610000789,suresh.singh.0789@gmail.com,"889 Main Road, Mumbai"
790,Meena Singh 0790,9610000790,meena.singh.0790@gmail.com,"890 Main Road, Kochi"
791,Ajay Singh 0791,9610000791,ajay.singh.0791@gmail.com,"891 Main Road, Chennai"
792,Kavya Singh 0792,9610000792,kavya.singh.0792@gmail.com,"892 Main Road, Coimbatore"
793,Ravi Singh 0793,9610000793,ravi.singh.0793@gmail.com,"893 Main Road, Bangalore"
794,Pooja Singh 0794,9610000794,pooja.singh.0794@gmail.com,"894 Main Road, Hyderabad"
795,Manoj Singh 0795,9610000795,manoj.singh.0795@gmail.com,"895 Main Road, Madurai"
796,Swathi Singh 0796,9610000796,swathi.singh.0796@gmail.com,"896 Main Road, Salem"
797,Gokul Singh 0797,9610000797,gokul.singh.0797@gmail.com,"897 Main Road, Trichy"
798,Nisha Singh 0798,9610000798,nisha.singh.0798@gmail.com,"898 Main Road, Pune"
799,Harish Singh 0799,9610000799,harish.singh.0799@gmail.com,"899 Main Road, Mumbai"
800,Deepa Singh 0800,9610000800,deepa.singh.0800@gmail.com,"900 Main Road, Kochi"
801,Arun Kumar 0801,9610000801,arun.kumar.0801@gmail.com,"901 Main Road, Chennai"
802,Priya Kumar 0802,9610000802,priya.kumar.0802@gmail.com,"902 Main Road, Coimbatore"
803,Rahul Kumar 0803,9610000803,rahul.kumar.0803@gmail.com,"903 Main Road, Bangalore"
804,Divya Kumar 0804,9610000804,divya.kumar.0804@gmail.com,"904 Main Road, Hyderabad"
805,Karthik Kumar 0805,9610000805,karthik.kumar.0805@gmail.com,"905 Main Road, Madurai"
806,Sneha Kumar 0806,9610000806,sneha.kumar.0806@gmail.com,"906 Main Road, Salem"
807,Vijay Kumar 0807,9610000807,vijay.kumar.0807@gmail.com,"907 Main Road, Trichy"
808,Anitha Kumar 0808,9610000808,anitha.kumar.0808@gmail.com,"908 Main Road, Pune"
809,Suresh Kumar 0809,9610000809,suresh.kumar.0809@gmail.com,"909 Main Road, Mumbai"
810,Meena Kumar 0810,9610000810,meena.kumar.0810@gmail.com,"910 Main Road, Kochi"
811,Ajay Kumar 0811,9610000811,ajay.kumar.0811@gmail.com,"911 Main Road, Chennai"
812,Kavya Kumar 0812,9610000812,kavya.kumar.0812@gmail.com,"912 Main Road, Coimbatore"
813,Ravi Kumar 0813,9610000813,ravi.kumar.0813@gmail.com,"913 Main Road, Bangalore"
814,Pooja Kumar 0814,9610000814,pooja.kumar.0814@gmail.com,"914 Main Road, Hyderabad"
815,Manoj Kumar 0815,9610000815,manoj.kumar.0815@gmail.com,"915 Main Road, Madurai"
816,Swathi Kumar 0816,9610000816,swathi.kumar.0816@gmail.com,"916 Main Road, Salem"
817,Gokul Kumar 0817,9610000817,gokul.kumar.0817@gmail.com,"917 Main Road, Trichy"
818,Nisha Kumar 0818,9610000818,nisha.kumar.0818@gmail.com,"918 Main Road, Pune"
819,Harish Kumar 0819,9610000819,harish.kumar.0819@gmail.com,"919 Main Road, Mumbai"
820,Deepa Kumar 0820,9610000820,deepa.kumar.0820@gmail.com,"920 Main Road, Kochi"
821,Arun Sharma 0821,9610000821,arun.sharma.0821@gmail.com,"921 Main Road, Chennai"
822,Priya Sharma 0822,9610000822,priya.sharma.0822@gmail.com,"922 Main Road, Coimbatore"
823,Rahul Sharma 0823,9610000823,rahul.sharma.0823@gmail.com,"923 Main Road, Bangalore"
824,Divya Sharma 0824,9610000824,divya.sharma.0824@gmail.com,"924 Main Road, Hyderabad"
825,Karthik Sharma 0825,9610000825,karthik.sharma.0825@gmail.com,"925 Main Road, Madurai"
826,Sneha Sharma 0826,9610000826,sneha.sharma.0826@gmail.com,"926 Main Road, Salem"
827,Vijay Sharma 0827,9610000827,vijay.sharma.0827@gmail.com,"927 Main Road, Trichy"
828,Anitha Sharma 0828,9610000828,anitha.sharma.0828@gmail.com,"928 Main Road, Pune"
829,Suresh Sharma 0829,9610000829,suresh.sharma.0829@gmail.com,"929 Main Road, Mumbai"
830,Meena Sharma 0830,9610000830,meena.sharma.0830@gmail.com,"930 Main Road, Kochi"
831,Ajay Sharma 0831,9610000831,ajay.sharma.0831@gmail.com,"931 Main Road, Chennai"
832,Kavya Sharma 0832,9610000832,kavya.sharma.0832@gmail.com,"932 Main Road, Coimbatore"
833,Ravi Sharma 0833,9610000833,ravi.sharma.0833@gmail.com,"933 Main Road, Bangalore"
834,Pooja Sharma 0834,9610000834,pooja.sharma.0834@gmail.com,"934 Main Road, Hyderabad"
835,Manoj Sharma 0835,9610000835,manoj.sharma.0835@gmail.com,"935 Main Road, Madurai"
836,Swathi Sharma 0836,9610000836,swathi.sharma.0836@gmail.com,"936 Main Road, Salem"
837,Gokul Sharma 0837,9610000837,gokul.sharma.0837@gmail.com,"937 Main Road, Trichy"
838,Nisha Sharma 0838,9610000838,nisha.sharma.0838@gmail.com,"938 Main Road, Pune"
839,Harish Sharma 0839,9610000839,harish.sharma.0839@gmail.com,"939 Main Road, Mumbai"
840,Deepa Sharma 0840,9610000840,deepa.sharma.0840@gmail.com,"940 Main Road, Kochi"
841,Arun Raj 0841,9610000841,arun.raj.0841@gmail.com,"941 Main Road, Chennai"
842,Priya Raj 0842,9610000842,priya.raj.0842@gmail.com,"942 Main Road, Coimbatore"
843,Rahul Raj 0843,9610000843,rahul.raj.0843@gmail.com,"943 Main Road, Bangalore"
844,Divya Raj 0844,9610000844,divya.raj.0844@gmail.com,"944 Main Road, Hyderabad"
845,Karthik Raj 0845,9610000845,karthik.raj.0845@gmail.com,"945 Main Road, Madurai"
846,Sneha Raj 0846,9610000846,sneha.raj.0846@gmail.com,"946 Main Road, Salem"
847,Vijay Raj 0847,9610000847,vijay.raj.0847@gmail.com,"947 Main Road, Trichy"
848,Anitha Raj 0848,9610000848,anitha.raj.0848@gmail.com,"948 Main Road, Pune"
849,Suresh Raj 0849,9610000849,suresh.raj.0849@gmail.com,"949 Main Road, Mumbai"
850,Meena Raj 0850,9610000850,meena.raj.0850@gmail.com,"950 Main Road, Kochi"
851,Ajay Raj 0851,9610000851,ajay.raj.0851@gmail.com,"951 Main Road, Chennai"
852,Kavya Raj 0852,9610000852,kavya.raj.0852@gmail.com,"952 Main Road, Coimbatore"
853,Ravi Raj 0853,9610000853,ravi.raj.0853@gmail.com,"953 Main Road, Bangalore"
854,Pooja Raj 0854,9610000854,pooja.raj.0854@gmail.com,"954 Main Road, Hyderabad"
855,Manoj Raj 0855,9610000855,manoj.raj.0855@gmail.com,"955 Main Road, Madurai"
856,Swathi Raj 0856,9610000856,swathi.raj.0856@gmail.com,"956 Main Road, Salem"
857,Gokul Raj 0857,9610000857,gokul.raj.0857@gmail.com,"957 Main Road, Trichy"
858,Nisha Raj 0858,9610000858,nisha.raj.0858@gmail.com,"958 Main Road, Pune"
859,Harish Raj 0859,9610000859,harish.raj.0859@gmail.com,"959 Main Road, Mumbai"
860,Deepa Raj 0860,9610000860,deepa.raj.0860@gmail.com,"960 Main Road, Kochi"
861,Arun Devi 0861,9610000861,arun.devi.0861@gmail.com,"961 Main Road, Chennai"
862,Priya Devi 0862,9610000862,priya.devi.0862@gmail.com,"962 Main Road, Coimbatore"
863,Rahul Devi 0863,9610000863,rahul.devi.0863@gmail.com,"963 Main Road, Bangalore"
864,Divya Devi 0864,9610000864,divya.devi.0864@gmail.com,"964 Main Road, Hyderabad"
865,Karthik Devi 0865,9610000865,karthik.devi.0865@gmail.com,"965 Main Road, Madurai"
866,Sneha Devi 0866,9610000866,sneha.devi.0866@gmail.com,"966 Main Road, Salem"
867,Vijay Devi 0867,9610000867,vijay.devi.0867@gmail.com,"967 Main Road, Trichy"
868,Anitha Devi 0868,9610000868,anitha.devi.0868@gmail.com,"968 Main Road, Pune"
869,Suresh Devi 0869,9610000869,suresh.devi.0869@gmail.com,"969 Main Road, Mumbai"
870,Meena Devi 0870,9610000870,meena.devi.0870@gmail.com,"970 Main Road, Kochi"
871,Ajay Devi 0871,9610000871,ajay.devi.0871@gmail.com,"971 Main Road, Chennai"
872,Kavya Devi 0872,9610000872,kavya.devi.0872@gmail.com,"972 Main Road, Coimbatore"
873,Ravi Devi 0873,9610000873,ravi.devi.0873@gmail.com,"973 Main Road, Bangalore"
874,Pooja Devi 0874,9610000874,pooja.devi.0874@gmail.com,"974 Main Road, Hyderabad"
875,Manoj Devi 0875,9610000875,manoj.devi.0875@gmail.com,"975 Main Road, Madurai"
876,Swathi Devi 0876,9610000876,swathi.devi.0876@gmail.com,"976 Main Road, Salem"
877,Gokul Devi 0877,9610000877,gokul.devi.0877@gmail.com,"977 Main Road, Trichy"
878,Nisha Devi 0878,9610000878,nisha.devi.0878@gmail.com,"978 Main Road, Pune"
879,Harish Devi 0879,9610000879,harish.devi.0879@gmail.com,"979 Main Road, Mumbai"
880,Deepa Devi 0880,9610000880,deepa.devi.0880@gmail.com,"980 Main Road, Kochi"
881,Arun Krishnan 0881,9610000881,arun.krishnan.0881@gmail.com,"981 Main Road, Chennai"
882,Priya Krishnan 0882,9610000882,priya.krishnan.0882@gmail.com,"982 Main Road, Coimbatore"
883,Rahul Krishnan 0883,9610000883,rahul.krishnan.0883@gmail.com,"983 Main Road, Bangalore"
884,Divya Krishnan 0884,9610000884,divya.krishnan.0884@gmail.com,"984 Main Road, Hyderabad"
885,Karthik Krishnan 0885,9610000885,karthik.krishnan.0885@gmail.com,"985 Main Road, Madurai"
886,Sneha Krishnan 0886,9610000886,sneha.krishnan.0886@gmail.com,"986 Main Road, Salem"
887,Vijay Krishnan 0887,9610000887,vijay.krishnan.0887@gmail.com,"987 Main Road, Trichy"
888,Anitha Krishnan 0888,9610000888,anitha.krishnan.0888@gmail.com,"988 Main Road, Pune"
889,Suresh Krishnan 0889,9610000889,suresh.krishnan.0889@gmail.com,"989 Main Road, Mumbai"
890,Meena Krishnan 0890,9610000890,meena.krishnan.0890@gmail.com,"990 Main Road, Kochi"
891,Ajay Krishnan 0891,9610000891,ajay.krishnan.0891@gmail.com,"991 Main Road, Chennai"
892,Kavya Krishnan 0892,9610000892,kavya.krishnan.0892@gmail.com,"992 Main Road, Coimbatore"
893,Ravi Krishnan 0893,9610000893,ravi.krishnan.0893@gmail.com,"993 Main Road, Bangalore"
894,Pooja Krishnan 0894,9610000894,pooja.krishnan.0894@gmail.com,"994 Main Road, Hyderabad"
895,Manoj Krishnan 0895,9610000895,manoj.krishnan.0895@gmail.com,"995 Main Road, Madurai"
896,Swathi Krishnan 0896,9610000896,swathi.krishnan.0896@gmail.com,"996 Main Road, Salem"
897,Gokul Krishnan 0897,9610000897,gokul.krishnan.0897@gmail.com,"997 Main Road, Trichy"
898,Nisha Krishnan 0898,9610000898,nisha.krishnan.0898@gmail.com,"998 Main Road, Pune"
899,Harish Krishnan 0899,9610000899,harish.krishnan.0899@gmail.com,"999 Main Road, Mumbai"
900,Deepa Krishnan 0900,9610000900,deepa.krishnan.0900@gmail.com,"100 Main Road, Kochi"
901,Arun Reddy 0901,9610000901,arun.reddy.0901@gmail.com,"101 Main Road, Chennai"
902,Priya Reddy 0902,9610000902,priya.reddy.0902@gmail.com,"102 Main Road, Coimbatore"
903,Rahul Reddy 0903,9610000903,rahul.reddy.0903@gmail.com,"103 Main Road, Bangalore"
904,Divya Reddy 0904,9610000904,divya.reddy.0904@gmail.com,"104 Main Road, Hyderabad"
905,Karthik Reddy 0905,9610000905,karthik.reddy.0905@gmail.com,"105 Main Road, Madurai"
906,Sneha Reddy 0906,9610000906,sneha.reddy.0906@gmail.com,"106 Main Road, Salem"
907,Vijay Reddy 0907,9610000907,vijay.reddy.0907@gmail.com,"107 Main Road, Trichy"
908,Anitha Reddy 0908,9610000908,anitha.reddy.0908@gmail.com,"108 Main Road, Pune"
909,Suresh Reddy 0909,9610000909,suresh.reddy.0909@gmail.com,"109 Main Road, Mumbai"
910,Meena Reddy 0910,9610000910,meena.reddy.0910@gmail.com,"110 Main Road, Kochi"
911,Ajay Reddy 0911,9610000911,ajay.reddy.0911@gmail.com,"111 Main Road, Chennai"
912,Kavya Reddy 0912,9610000912,kavya.reddy.0912@gmail.com,"112 Main Road, Coimbatore"
913,Ravi Reddy 0913,9610000913,ravi.reddy.0913@gmail.com,"113 Main Road, Bangalore"
914,Pooja Reddy 0914,9610000914,pooja.reddy.0914@gmail.com,"114 Main Road, Hyderabad"
915,Manoj Reddy 0915,9610000915,manoj.reddy.0915@gmail.com,"115 Main Road, Madurai"
916,Swathi Reddy 0916,9610000916,swathi.reddy.0916@gmail.com,"116 Main Road, Salem"
917,Gokul Reddy 0917,9610000917,gokul.reddy.0917@gmail.com,"117 Main Road, Trichy"
918,Nisha Reddy 0918,9610000918,nisha.reddy.0918@gmail.com,"118 Main Road, Pune"
919,Harish Reddy 0919,9610000919,harish.reddy.0919@gmail.com,"119 Main Road, Mumbai"
920,Deepa Reddy 0920,9610000920,deepa.reddy.0920@gmail.com,"120 Main Road, Kochi"
921,Arun Iyer 0921,9610000921,arun.iyer.0921@gmail.com,"121 Main Road, Chennai"
922,Priya Iyer 0922,9610000922,priya.iyer.0922@gmail.com,"122 Main Road, Coimbatore"
923,Rahul Iyer 0923,9610000923,rahul.iyer.0923@gmail.com,"123 Main Road, Bangalore"
924,Divya Iyer 0924,9610000924,divya.iyer.0924@gmail.com,"124 Main Road, Hyderabad"
925,Karthik Iyer 0925,9610000925,karthik.iyer.0925@gmail.com,"125 Main Road, Madurai"
926,Sneha Iyer 0926,9610000926,sneha.iyer.0926@gmail.com,"126 Main Road, Salem"
927,Vijay Iyer 0927,9610000927,vijay.iyer.0927@gmail.com,"127 Main Road, Trichy"
928,Anitha Iyer 0928,9610000928,anitha.iyer.0928@gmail.com,"128 Main Road, Pune"
929,Suresh Iyer 0929,9610000929,suresh.iyer.0929@gmail.com,"129 Main Road, Mumbai"
930,Meena Iyer 0930,9610000930,meena.iyer.0930@gmail.com,"130 Main Road, Kochi"
931,Ajay Iyer 0931,9610000931,ajay.iyer.0931@gmail.com,"131 Main Road, Chennai"
932,Kavya Iyer 0932,9610000932,kavya.iyer.0932@gmail.com,"132 Main Road, Coimbatore"
933,Ravi Iyer 0933,9610000933,ravi.iyer.0933@gmail.com,"133 Main Road, Bangalore"
934,Pooja Iyer 0934,9610000934,pooja.iyer.0934@gmail.com,"134 Main Road, Hyderabad"
935,Manoj Iyer 0935,9610000935,manoj.iyer.0935@gmail.com,"135 Main Road, Madurai"
936,Swathi Iyer 0936,9610000936,swathi.iyer.0936@gmail.com,"136 Main Road, Salem"
937,Gokul Iyer 0937,9610000937,gokul.iyer.0937@gmail.com,"137 Main Road, Trichy"
938,Nisha Iyer 0938,9610000938,nisha.iyer.0938@gmail.com,"138 Main Road, Pune"
939,Harish Iyer 0939,9610000939,harish.iyer.0939@gmail.com,"139 Main Road, Mumbai"
940,Deepa Iyer 0940,9610000940,deepa.iyer.0940@gmail.com,"140 Main Road, Kochi"
941,Arun Nair 0941,9610000941,arun.nair.0941@gmail.com,"141 Main Road, Chennai"
942,Priya Nair 0942,9610000942,priya.nair.0942@gmail.com,"142 Main Road, Coimbatore"
943,Rahul Nair 0943,9610000943,rahul.nair.0943@gmail.com,"143 Main Road, Bangalore"
944,Divya Nair 0944,9610000944,divya.nair.0944@gmail.com,"144 Main Road, Hyderabad"
945,Karthik Nair 0945,9610000945,karthik.nair.0945@gmail.com,"145 Main Road, Madurai"
946,Sneha Nair 0946,9610000946,sneha.nair.0946@gmail.com,"146 Main Road, Salem"
947,Vijay Nair 0947,9610000947,vijay.nair.0947@gmail.com,"147 Main Road, Trichy"
948,Anitha Nair 0948,9610000948,anitha.nair.0948@gmail.com,"148 Main Road, Pune"
949,Suresh Nair 0949,9610000949,suresh.nair.0949@gmail.com,"149 Main Road, Mumbai"
950,Meena Nair 0950,9610000950,meena.nair.0950@gmail.com,"150 Main Road, Kochi"
951,Ajay Nair 0951,9610000951,ajay.nair.0951@gmail.com,"151 Main Road, Chennai"
952,Kavya Nair 0952,9610000952,kavya.nair.0952@gmail.com,"152 Main Road, Coimbatore"
953,Ravi Nair 0953,9610000953,ravi.nair.0953@gmail.com,"153 Main Road, Bangalore"
954,Pooja Nair 0954,9610000954,pooja.nair.0954@gmail.com,"154 Main Road, Hyderabad"
955,Manoj Nair 0955,9610000955,manoj.nair.0955@gmail.com,"155 Main Road, Madurai"
956,Swathi Nair 0956,9610000956,swathi.nair.0956@gmail.com,"156 Main Road, Salem"
957,Gokul Nair 0957,9610000957,gokul.nair.0957@gmail.com,"157 Main Road, Trichy"
958,Nisha Nair 0958,9610000958,nisha.nair.0958@gmail.com,"158 Main Road, Pune"
959,Harish Nair 0959,9610000959,harish.nair.0959@gmail.com,"159 Main Road, Mumbai"
960,Deepa Nair 0960,9610000960,deepa.nair.0960@gmail.com,"160 Main Road, Kochi"
961,Arun Patel 0961,9610000961,arun.patel.0961@gmail.com,"161 Main Road, Chennai"
962,Priya Patel 0962,9610000962,priya.patel.0962@gmail.com,"162 Main Road, Coimbatore"
963,Rahul Patel 0963,9610000963,rahul.patel.0963@gmail.com,"163 Main Road, Bangalore"
964,Divya Patel 0964,9610000964,divya.patel.0964@gmail.com,"164 Main Road, Hyderabad"
965,Karthik Patel 0965,9610000965,karthik.patel.0965@gmail.com,"165 Main Road, Madurai"
966,Sneha Patel 0966,9610000966,sneha.patel.0966@gmail.com,"166 Main Road, Salem"
967,Vijay Patel 0967,9610000967,vijay.patel.0967@gmail.com,"167 Main Road, Trichy"
968,Anitha Patel 0968,9610000968,anitha.patel.0968@gmail.com,"168 Main Road, Pune"
969,Suresh Patel 0969,9610000969,suresh.patel.0969@gmail.com,"169 Main Road, Mumbai"
970,Meena Patel 0970,9610000970,meena.patel.0970@gmail.com,"170 Main Road, Kochi"
971,Ajay Patel 0971,9610000971,ajay.patel.0971@gmail.com,"171 Main Road, Chennai"
972,Kavya Patel 0972,9610000972,kavya.patel.0972@gmail.com,"172 Main Road, Coimbatore"
973,Ravi Patel 0973,9610000973,ravi.patel.0973@gmail.com,"173 Main Road, Bangalore"
974,Pooja Patel 0974,9610000974,pooja.patel.0974@gmail.com,"174 Main Road, Hyderabad"
975,Manoj Patel 0975,9610000975,manoj.patel.0975@gmail.com,"175 Main Road, Madurai"
976,Swathi Patel 0976,9610000976,swathi.patel.0976@gmail.com,"176 Main Road, Salem"
977,Gokul Patel 0977,9610000977,gokul.patel.0977@gmail.com,"177 Main Road, Trichy"
978,Nisha Patel 0978,9610000978,nisha.patel.0978@gmail.com,"178 Main Road, Pune"
979,Harish Patel 0979,9610000979,harish.patel.0979@gmail.com,"179 Main Road, Mumbai"
980,Deepa Patel 0980,9610000980,deepa.patel.0980@gmail.com,"180 Main Road, Kochi"
981,Arun Singh 0981,9610000981,arun.singh.0981@gmail.com,"181 Main Road, Chennai"
982,Priya Singh 0982,9610000982,priya.singh.0982@gmail.com,"182 Main Road, Coimbatore"
983,Rahul Singh 0983,9610000983,rahul.singh.0983@gmail.com,"183 Main Road, Bangalore"
984,Divya Singh 0984,9610000984,divya.singh.0984@gmail.com,"184 Main Road, Hyderabad"
985,Karthik Singh 0985,9610000985,karthik.singh.0985@gmail.com,"185 Main Road, Madurai"
986,Sneha Singh 0986,9610000986,sneha.singh.0986@gmail.com,"186 Main Road, Salem"
987,Vijay Singh 0987,9610000987,vijay.singh.0987@gmail.com,"187 Main Road, Trichy"
988,Anitha Singh 0988,9610000988,anitha.singh.0988@gmail.com,"188 Main Road, Pune"
989,Suresh Singh 0989,9610000989,suresh.singh.0989@gmail.com,"189 Main Road, Mumbai"
990,Meena Singh 0990,9610000990,meena.singh.0990@gmail.com,"190 Main Road, Kochi"
991,Ajay Singh 0991,9610000991,ajay.singh.0991@gmail.com,"191 Main Road, Chennai"
992,Kavya Singh 0992,9610000992,kavya.singh.0992@gmail.com,"192 Main Road, Coimbatore"
993,Ravi Singh 0993,9610000993,ravi.singh.0993@gmail.com,"193 Main Road, Bangalore"
994,Pooja Singh 0994,9610000994,pooja.singh.0994@gmail.com,"194 Main Road, Hyderabad"
995,Manoj Singh 0995,9610000995,manoj.singh.0995@gmail.com,"195 Main Road, Madurai"
996,Swathi Singh 0996,9610000996,swathi.singh.0996@gmail.com,"196 Main Road, Salem"
997,Gokul Singh 0997,9610000997,gokul.singh.0997@gmail.com,"197 Main Road, Trichy"
998,Nisha Singh 0998,9610000998,nisha.singh.0998@gmail.com,"198 Main Road, Pune"
999,Harish Singh 0999,9610000999,harish.singh.0999@gmail.com,"199 Main Road, Mumbai"
1000,Deepa Singh 1000,9610001000,deepa.singh.1000@gmail.com,"200 Main Road, Kochi"
1001,Arun Kumar 1001,9610001001,arun.kumar.1001@gmail.com,"201 Main Road, Chennai"
1002,Priya Kumar 1002,9610001002,priya.kumar.1002@gmail.com,"202 Main Road, Coimbatore"
1003,Rahul Kumar 1003,9610001003,rahul.kumar.1003@gmail.com,"203 Main Road, Bangalore"
1004,Divya Kumar 1004,9610001004,divya.kumar.1004@gmail.com,"204 Main Road, Hyderabad"
1005,Karthik Kumar 1005,9610001005,karthik.kumar.1005@gmail.com,"205 Main Road, Madurai"
1006,Sneha Kumar 1006,9610001006,sneha.kumar.1006@gmail.com,"206 Main Road, Salem"
1007,Vijay Kumar 1007,9610001007,vijay.kumar.1007@gmail.com,"207 Main Road, Trichy"
1008,Anitha Kumar 1008,9610001008,anitha.kumar.1008@gmail.com,"208 Main Road, Pune"
1009,Suresh Kumar 1009,9610001009,suresh.kumar.1009@gmail.com,"209 Main Road, Mumbai"
1010,Meena Kumar 1010,9610001010,meena.kumar.1010@gmail.com,"210 Main Road, Kochi"
1011,Ajay Kumar 1011,9610001011,ajay.kumar.1011@gmail.com,"211 Main Road, Chennai"
1012,Kavya Kumar 1012,9610001012,kavya.kumar.1012@gmail.com,"212 Main Road, Coimbatore"
1013,Ravi Kumar 1013,9610001013,ravi.kumar.1013@gmail.com,"213 Main Road, Bangalore"
1014,Pooja Kumar 1014,9610001014,pooja.kumar.1014@gmail.com,"214 Main Road, Hyderabad"
1015,Manoj Kumar 1015,9610001015,manoj.kumar.1015@gmail.com,"215 Main Road, Madurai"
1016,Swathi Kumar 1016,9610001016,swathi.kumar.1016@gmail.com,"216 Main Road, Salem"
1017,Gokul Kumar 1017,9610001017,gokul.kumar.1017@gmail.com,"217 Main Road, Trichy"
1018,Nisha Kumar 1018,9610001018,nisha.kumar.1018@gmail.com,"218 Main Road, Pune"
1019,Harish Kumar 1019,9610001019,harish.kumar.1019@gmail.com,"219 Main Road, Mumbai"
1020,Deepa Kumar 1020,9610001020,deepa.kumar.1020@gmail.com,"220 Main Road, Kochi"
1021,Arun Sharma 1021,9610001021,arun.sharma.1021@gmail.com,"221 Main Road, Chennai"
1022,Priya Sharma 1022,9610001022,priya.sharma.1022@gmail.com,"222 Main Road, Coimbatore"
1023,Rahul Sharma 1023,9610001023,rahul.sharma.1023@gmail.com,"223 Main Road, Bangalore"
1024,Divya Sharma 1024,9610001024,divya.sharma.1024@gmail.com,"224 Main Road, Hyderabad"
1025,Karthik Sharma 1025,9610001025,karthik.sharma.1025@gmail.com,"225 Main Road, Madurai"
1026,Sneha Sharma 1026,9610001026,sneha.sharma.1026@gmail.com,"226 Main Road, Salem"
1027,Vijay Sharma 1027,9610001027,vijay.sharma.1027@gmail.com,"227 Main Road, Trichy"
1028,Anitha Sharma 1028,9610001028,anitha.sharma.1028@gmail.com,"228 Main Road, Pune"
1029,Suresh Sharma 1029,9610001029,suresh.sharma.1029@gmail.com,"229 Main Road, Mumbai"
1030,Meena Sharma 1030,9610001030,meena.sharma.1030@gmail.com,"230 Main Road, Kochi"
1031,Ajay Sharma 1031,9610001031,ajay.sharma.1031@gmail.com,"231 Main Road, Chennai"
1032,Kavya Sharma 1032,9610001032,kavya.sharma.1032@gmail.com,"232 Main Road, Coimbatore"
1033,Ravi Sharma 1033,9610001033,ravi.sharma.1033@gmail.com,"233 Main Road, Bangalore"
1034,Pooja Sharma 1034,9610001034,pooja.sharma.1034@gmail.com,"234 Main Road, Hyderabad"
1035,Manoj Sharma 1035,9610001035,manoj.sharma.1035@gmail.com,"235 Main Road, Madurai"
1036,Swathi Sharma 1036,9610001036,swathi.sharma.1036@gmail.com,"236 Main Road, Salem"
1037,Gokul Sharma 1037,9610001037,gokul.sharma.1037@gmail.com,"237 Main Road, Trichy"
1038,Nisha Sharma 1038,9610001038,nisha.sharma.1038@gmail.com,"238 Main Road, Pune"
1039,Harish Sharma 1039,9610001039,harish.sharma.1039@gmail.com,"239 Main Road, Mumbai"
1040,Deepa Sharma 1040,9610001040,deepa.sharma.1040@gmail.com,"240 Main Road, Kochi"
1041,Arun Raj 1041,9610001041,arun.raj.1041@gmail.com,"241 Main Road, Chennai"
1042,Priya Raj 1042,9610001042,priya.raj.1042@gmail.com,"242 Main Road, Coimbatore"
1043,Rahul Raj 1043,9610001043,rahul.raj.1043@gmail.com,"243 Main Road, Bangalore"
1044,Divya Raj 1044,9610001044,divya.raj.1044@gmail.com,"244 Main Road, Hyderabad"
1045,Karthik Raj 1045,9610001045,karthik.raj.1045@gmail.com,"245 Main Road, Madurai"
1046,Sneha Raj 1046,9610001046,sneha.raj.1046@gmail.com,"246 Main Road, Salem"
1047,Vijay Raj 1047,9610001047,vijay.raj.1047@gmail.com,"247 Main Road, Trichy"
1048,Anitha Raj 1048,9610001048,anitha.raj.1048@gmail.com,"248 Main Road, Pune"
1049,Suresh Raj 1049,9610001049,suresh.raj.1049@gmail.com,"249 Main Road, Mumbai"
1050,Meena Raj 1050,9610001050,meena.raj.1050@gmail.com,"250 Main Road, Kochi"
1051,Ajay Raj 1051,9610001051,ajay.raj.1051@gmail.com,"251 Main Road, Chennai"
1052,Kavya Raj 1052,9610001052,kavya.raj.1052@gmail.com,"252 Main Road, Coimbatore"
1053,Ravi Raj 1053,9610001053,ravi.raj.1053@gmail.com,"253 Main Road, Bangalore"
1054,Pooja Raj 1054,9610001054,pooja.raj.1054@gmail.com,"254 Main Road, Hyderabad"
1055,Manoj Raj 1055,9610001055,manoj.raj.1055@gmail.com,"255 Main Road, Madurai"
1056,Swathi Raj 1056,9610001056,swathi.raj.1056@gmail.com,"256 Main Road, Salem"
1057,Gokul Raj 1057,9610001057,gokul.raj.1057@gmail.com,"257 Main Road, Trichy"
1058,Nisha Raj 1058,9610001058,nisha.raj.1058@gmail.com,"258 Main Road, Pune"
1059,Harish Raj 1059,9610001059,harish.raj.1059@gmail.com,"259 Main Road, Mumbai"
1060,Deepa Raj 1060,9610001060,deepa.raj.1060@gmail.com,"260 Main Road, Kochi"
1061,Arun Devi 1061,9610001061,arun.devi.1061@gmail.com,"261 Main Road, Chennai"
1062,Priya Devi 1062,9610001062,priya.devi.1062@gmail.com,"262 Main Road, Coimbatore"
1063,Rahul Devi 1063,9610001063,rahul.devi.1063@gmail.com,"263 Main Road, Bangalore"
1064,Divya Devi 1064,9610001064,divya.devi.1064@gmail.com,"264 Main Road, Hyderabad"
1065,Karthik Devi 1065,9610001065,karthik.devi.1065@gmail.com,"265 Main Road, Madurai"
1066,Sneha Devi 1066,9610001066,sneha.devi.1066@gmail.com,"266 Main Road, Salem"
1067,Vijay Devi 1067,9610001067,vijay.devi.1067@gmail.com,"267 Main Road, Trichy"
1068,Anitha Devi 1068,9610001068,anitha.devi.1068@gmail.com,"268 Main Road, Pune"
1069,Suresh Devi 1069,9610001069,suresh.devi.1069@gmail.com,"269 Main Road, Mumbai"
1070,Meena Devi 1070,9610001070,meena.devi.1070@gmail.com,"270 Main Road, Kochi"
1071,Ajay Devi 1071,9610001071,ajay.devi.1071@gmail.com,"271 Main Road, Chennai"
1072,Kavya Devi 1072,9610001072,kavya.devi.1072@gmail.com,"272 Main Road, Coimbatore"
1073,Ravi Devi 1073,9610001073,ravi.devi.1073@gmail.com,"273 Main Road, Bangalore"
1074,Pooja Devi 1074,9610001074,pooja.devi.1074@gmail.com,"274 Main Road, Hyderabad"
1075,Manoj Devi 1075,9610001075,manoj.devi.1075@gmail.com,"275 Main Road, Madurai"
1076,Swathi Devi 1076,9610001076,swathi.devi.1076@gmail.com,"276 Main Road, Salem"
1077,Gokul Devi 1077,9610001077,gokul.devi.1077@gmail.com,"277 Main Road, Trichy"
1078,Nisha Devi 1078,9610001078,nisha.devi.1078@gmail.com,"278 Main Road, Pune"
1079,Harish Devi 1079,9610001079,harish.devi.1079@gmail.com,"279 Main Road, Mumbai"
1080,Deepa Devi 1080,9610001080,deepa.devi.1080@gmail.com,"280 Main Road, Kochi"
1081,Arun Krishnan 1081,9610001081,arun.krishnan.1081@gmail.com,"281 Main Road, Chennai"
1082,Priya Krishnan 1082,9610001082,priya.krishnan.1082@gmail.com,"282 Main Road, Coimbatore"
1083,Rahul Krishnan 1083,9610001083,rahul.krishnan.1083@gmail.com,"283 Main Road, Bangalore"
1084,Divya Krishnan 1084,9610001084,divya.krishnan.1084@gmail.com,"284 Main Road, Hyderabad"
1085,Karthik Krishnan 1085,9610001085,karthik.krishnan.1085@gmail.com,"285 Main Road, Madurai"
1086,Sneha Krishnan 1086,9610001086,sneha.krishnan.1086@gmail.com,"286 Main Road, Salem"
1087,Vijay Krishnan 1087,9610001087,vijay.krishnan.1087@gmail.com,"287 Main Road, Trichy"
1088,Anitha Krishnan 1088,9610001088,anitha.krishnan.1088@gmail.com,"288 Main Road, Pune"
1089,Suresh Krishnan 1089,9610001089,suresh.krishnan.1089@gmail.com,"289 Main Road, Mumbai"
1090,Meena Krishnan 1090,9610001090,meena.krishnan.1090@gmail.com,"290 Main Road, Kochi"
1091,Ajay Krishnan 1091,9610001091,ajay.krishnan.1091@gmail.com,"291 Main Road, Chennai"
1092,Kavya Krishnan 1092,9610001092,kavya.krishnan.1092@gmail.com,"292 Main Road, Coimbatore"
1093,Ravi Krishnan 1093,9610001093,ravi.krishnan.1093@gmail.com,"293 Main Road, Bangalore"
1094,Pooja Krishnan 1094,9610001094,pooja.krishnan.1094@gmail.com,"294 Main Road, Hyderabad"
1095,Manoj Krishnan 1095,9610001095,manoj.krishnan.1095@gmail.com,"295 Main Road, Madurai"
1096,Swathi Krishnan 1096,9610001096,swathi.krishnan.1096@gmail.com,"296 Main Road, Salem"
1097,Gokul Krishnan 1097,9610001097,gokul.krishnan.1097@gmail.com,"297 Main Road, Trichy"
1098,Nisha Krishnan 1098,9610001098,nisha.krishnan.1098@gmail.com,"298 Main Road, Pune"
1099,Harish Krishnan 1099,9610001099,harish.krishnan.1099@gmail.com,"299 Main Road, Mumbai"
1100,Deepa Krishnan 1100,9610001100,deepa.krishnan.1100@gmail.com,"300 Main Road, Kochi"
1101,Arun Reddy 1101,9610001101,arun.reddy.1101@gmail.com,"301 Main Road, Chennai"
1102,Priya Reddy 1102,9610001102,priya.reddy.1102@gmail.com,"302 Main Road, Coimbatore"
1103,Rahul Reddy 1103,9610001103,rahul.reddy.1103@gmail.com,"303 Main Road, Bangalore"
1104,Divya Reddy 1104,9610001104,divya.reddy.1104@gmail.com,"304 Main Road, Hyderabad"
1105,Karthik Reddy 1105,9610001105,karthik.reddy.1105@gmail.com,"305 Main Road, Madurai"
1106,Sneha Reddy 1106,9610001106,sneha.reddy.1106@gmail.com,"306 Main Road, Salem"
1107,Vijay Reddy 1107,9610001107,vijay.reddy.1107@gmail.com,"307 Main Road, Trichy"
1108,Anitha Reddy 1108,9610001108,anitha.reddy.1108@gmail.com,"308 Main Road, Pune"
1109,Suresh Reddy 1109,9610001109,suresh.reddy.1109@gmail.com,"309 Main Road, Mumbai"
1110,Meena Reddy 1110,9610001110,meena.reddy.1110@gmail.com,"310 Main Road, Kochi"
1111,Ajay Reddy 1111,9610001111,ajay.reddy.1111@gmail.com,"311 Main Road, Chennai"
1112,Kavya Reddy 1112,9610001112,kavya.reddy.1112@gmail.com,"312 Main Road, Coimbatore"
1113,Ravi Reddy 1113,9610001113,ravi.reddy.1113@gmail.com,"313 Main Road, Bangalore"
1114,Pooja Reddy 1114,9610001114,pooja.reddy.1114@gmail.com,"314 Main Road, Hyderabad"
1115,Manoj Reddy 1115,9610001115,manoj.reddy.1115@gmail.com,"315 Main Road, Madurai"
1116,Swathi Reddy 1116,9610001116,swathi.reddy.1116@gmail.com,"316 Main Road, Salem"
1117,Gokul Reddy 1117,9610001117,gokul.reddy.1117@gmail.com,"317 Main Road, Trichy"
1118,Nisha Reddy 1118,9610001118,nisha.reddy.1118@gmail.com,"318 Main Road, Pune"
1119,Harish Reddy 1119,9610001119,harish.reddy.1119@gmail.com,"319 Main Road, Mumbai"
1120,Deepa Reddy 1120,9610001120,deepa.reddy.1120@gmail.com,"320 Main Road, Kochi"
1121,Arun Iyer 1121,9610001121,arun.iyer.1121@gmail.com,"321 Main Road, Chennai"
1122,Priya Iyer 1122,9610001122,priya.iyer.1122@gmail.com,"322 Main Road, Coimbatore"
1123,Rahul Iyer 1123,9610001123,rahul.iyer.1123@gmail.com,"323 Main Road, Bangalore"
1124,Divya Iyer 1124,9610001124,divya.iyer.1124@gmail.com,"324 Main Road, Hyderabad"
1125,Karthik Iyer 1125,9610001125,karthik.iyer.1125@gmail.com,"325 Main Road, Madurai"
1126,Sneha Iyer 1126,9610001126,sneha.iyer.1126@gmail.com,"326 Main Road, Salem"
1127,Vijay Iyer 1127,9610001127,vijay.iyer.1127@gmail.com,"327 Main Road, Trichy"
1128,Anitha Iyer 1128,9610001128,anitha.iyer.1128@gmail.com,"328 Main Road, Pune"
1129,Suresh Iyer 1129,9610001129,suresh.iyer.1129@gmail.com,"329 Main Road, Mumbai"
1130,Meena Iyer 1130,9610001130,meena.iyer.1130@gmail.com,"330 Main Road, Kochi"
1131,Ajay Iyer 1131,9610001131,ajay.iyer.1131@gmail.com,"331 Main Road, Chennai"
1132,Kavya Iyer 1132,9610001132,kavya.iyer.1132@gmail.com,"332 Main Road, Coimbatore"
1133,Ravi Iyer 1133,9610001133,ravi.iyer.1133@gmail.com,"333 Main Road, Bangalore"
1134,Pooja Iyer 1134,9610001134,pooja.iyer.1134@gmail.com,"334 Main Road, Hyderabad"
1135,Manoj Iyer 1135,9610001135,manoj.iyer.1135@gmail.com,"335 Main Road, Madurai"
1136,Swathi Iyer 1136,9610001136,swathi.iyer.1136@gmail.com,"336 Main Road, Salem"
1137,Gokul Iyer 1137,9610001137,gokul.iyer.1137@gmail.com,"337 Main Road, Trichy"
1138,Nisha Iyer 1138,9610001138,nisha.iyer.1138@gmail.com,"338 Main Road, Pune"
1139,Harish Iyer 1139,9610001139,harish.iyer.1139@gmail.com,"339 Main Road, Mumbai"
1140,Deepa Iyer 1140,9610001140,deepa.iyer.1140@gmail.com,"340 Main Road, Kochi"
1141,Arun Nair 1141,9610001141,arun.nair.1141@gmail.com,"341 Main Road, Chennai"
1142,Priya Nair 1142,9610001142,priya.nair.1142@gmail.com,"342 Main Road, Coimbatore"
1143,Rahul Nair 1143,9610001143,rahul.nair.1143@gmail.com,"343 Main Road, Bangalore"
1144,Divya Nair 1144,9610001144,divya.nair.1144@gmail.com,"344 Main Road, Hyderabad"
1145,Karthik Nair 1145,9610001145,karthik.nair.1145@gmail.com,"345 Main Road, Madurai"
1146,Sneha Nair 1146,9610001146,sneha.nair.1146@gmail.com,"346 Main Road, Salem"
1147,Vijay Nair 1147,9610001147,vijay.nair.1147@gmail.com,"347 Main Road, Trichy"
1148,Anitha Nair 1148,9610001148,anitha.nair.1148@gmail.com,"348 Main Road, Pune"
1149,Suresh Nair 1149,9610001149,suresh.nair.1149@gmail.com,"349 Main Road, Mumbai"
1150,Meena Nair 1150,9610001150,meena.nair.1150@gmail.com,"350 Main Road, Kochi"
1151,Ajay Nair 1151,9610001151,ajay.nair.1151@gmail.com,"351 Main Road, Chennai"
1152,Kavya Nair 1152,9610001152,kavya.nair.1152@gmail.com,"352 Main Road, Coimbatore"
1153,Ravi Nair 1153,9610001153,ravi.nair.1153@gmail.com,"353 Main Road, Bangalore"
1154,Pooja Nair 1154,9610001154,pooja.nair.1154@gmail.com,"354 Main Road, Hyderabad"
1155,Manoj Nair 1155,9610001155,manoj.nair.1155@gmail.com,"355 Main Road, Madurai"
1156,Swathi Nair 1156,9610001156,swathi.nair.1156@gmail.com,"356 Main Road, Salem"
1157,Gokul Nair 1157,9610001157,gokul.nair.1157@gmail.com,"357 Main Road, Trichy"
1158,Nisha Nair 1158,9610001158,nisha.nair.1158@gmail.com,"358 Main Road, Pune"
1159,Harish Nair 1159,9610001159,harish.nair.1159@gmail.com,"359 Main Road, Mumbai"
1160,Deepa Nair 1160,9610001160,deepa.nair.1160@gmail.com,"360 Main Road, Kochi"
1161,Arun Patel 1161,9610001161,arun.patel.1161@gmail.com,"361 Main Road, Chennai"
1162,Priya Patel 1162,9610001162,priya.patel.1162@gmail.com,"362 Main Road, Coimbatore"
1163,Rahul Patel 1163,9610001163,rahul.patel.1163@gmail.com,"363 Main Road, Bangalore"
1164,Divya Patel 1164,9610001164,divya.patel.1164@gmail.com,"364 Main Road, Hyderabad"
1165,Karthik Patel 1165,9610001165,karthik.patel.1165@gmail.com,"365 Main Road, Madurai"
1166,Sneha Patel 1166,9610001166,sneha.patel.1166@gmail.com,"366 Main Road, Salem"
1167,Vijay Patel 1167,9610001167,vijay.patel.1167@gmail.com,"367 Main Road, Trichy"
1168,Anitha Patel 1168,9610001168,anitha.patel.1168@gmail.com,"368 Main Road, Pune"
1169,Suresh Patel 1169,9610001169,suresh.patel.1169@gmail.com,"369 Main Road, Mumbai"
1170,Meena Patel 1170,9610001170,meena.patel.1170@gmail.com,"370 Main Road, Kochi"
1171,Ajay Patel 1171,9610001171,ajay.patel.1171@gmail.com,"371 Main Road, Chennai"
1172,Kavya Patel 1172,9610001172,kavya.patel.1172@gmail.com,"372 Main Road, Coimbatore"
1173,Ravi Patel 1173,9610001173,ravi.patel.1173@gmail.com,"373 Main Road, Bangalore"
1174,Pooja Patel 1174,9610001174,pooja.patel.1174@gmail.com,"374 Main Road, Hyderabad"
1175,Manoj Patel 1175,9610001175,manoj.patel.1175@gmail.com,"375 Main Road, Madurai"
1176,Swathi Patel 1176,9610001176,swathi.patel.1176@gmail.com,"376 Main Road, Salem"
1177,Gokul Patel 1177,9610001177,gokul.patel.1177@gmail.com,"377 Main Road, Trichy"
1178,Nisha Patel 1178,9610001178,nisha.patel.1178@gmail.com,"378 Main Road, Pune"
1179,Harish Patel 1179,9610001179,harish.patel.1179@gmail.com,"379 Main Road, Mumbai"
1180,Deepa Patel 1180,9610001180,deepa.patel.1180@gmail.com,"380 Main Road, Kochi"
1181,Arun Singh 1181,9610001181,arun.singh.1181@gmail.com,"381 Main Road, Chennai"
1182,Priya Singh 1182,9610001182,priya.singh.1182@gmail.com,"382 Main Road, Coimbatore"
1183,Rahul Singh 1183,9610001183,rahul.singh.1183@gmail.com,"383 Main Road, Bangalore"
1184,Divya Singh 1184,9610001184,divya.singh.1184@gmail.com,"384 Main Road, Hyderabad"
1185,Karthik Singh 1185,9610001185,karthik.singh.1185@gmail.com,"385 Main Road, Madurai"
1186,Sneha Singh 1186,9610001186,sneha.singh.1186@gmail.com,"386 Main Road, Salem"
1187,Vijay Singh 1187,9610001187,vijay.singh.1187@gmail.com,"387 Main Road, Trichy"
1188,Anitha Singh 1188,9610001188,anitha.singh.1188@gmail.com,"388 Main Road, Pune"
1189,Suresh Singh 1189,9610001189,suresh.singh.1189@gmail.com,"389 Main Road, Mumbai"
1190,Meena Singh 1190,9610001190,meena.singh.1190@gmail.com,"390 Main Road, Kochi"
1191,Ajay Singh 1191,9610001191,ajay.singh.1191@gmail.com,"391 Main Road, Chennai"
1192,Kavya Singh 1192,9610001192,kavya.singh.1192@gmail.com,"392 Main Road, Coimbatore"
1193,Ravi Singh 1193,9610001193,ravi.singh.1193@gmail.com,"393 Main Road, Bangalore"
1194,Pooja Singh 1194,9610001194,pooja.singh.1194@gmail.com,"394 Main Road, Hyderabad"
1195,Manoj Singh 1195,9610001195,manoj.singh.1195@gmail.com,"395 Main Road, Madurai"
1196,Swathi Singh 1196,9610001196,swathi.singh.1196@gmail.com,"396 Main Road, Salem"
1197,Gokul Singh 1197,9610001197,gokul.singh.1197@gmail.com,"397 Main Road, Trichy"
1198,Nisha Singh 1198,9610001198,nisha.singh.1198@gmail.com,"398 Main Road, Pune"
1199,Harish Singh 1199,9610001199,harish.singh.1199@gmail.com,"399 Main Road, Mumbai"
1200,Deepa Singh 1200,9610001200,deepa.singh.1200@gmail.com,"400 Main Road, Kochi"
1201,Arun Kumar 1201,9610001201,arun.kumar.1201@gmail.com,"401 Main Road, Chennai"
1202,Priya Kumar 1202,9610001202,priya.kumar.1202@gmail.com,"402 Main Road, Coimbatore"
1203,Rahul Kumar 1203,9610001203,rahul.kumar.1203@gmail.com,"403 Main Road, Bangalore"
1204,Divya Kumar 1204,9610001204,divya.kumar.1204@gmail.com,"404 Main Road, Hyderabad"
1205,Karthik Kumar 1205,9610001205,karthik.kumar.1205@gmail.com,"405 Main Road, Madurai"
1206,Sneha Kumar 1206,9610001206,sneha.kumar.1206@gmail.com,"406 Main Road, Salem"
1207,Vijay Kumar 1207,9610001207,vijay.kumar.1207@gmail.com,"407 Main Road, Trichy"
1208,Anitha Kumar 1208,9610001208,anitha.kumar.1208@gmail.com,"408 Main Road, Pune"
1209,Suresh Kumar 1209,9610001209,suresh.kumar.1209@gmail.com,"409 Main Road, Mumbai"
1210,Meena Kumar 1210,9610001210,meena.kumar.1210@gmail.com,"410 Main Road, Kochi"
1211,Ajay Kumar 1211,9610001211,ajay.kumar.1211@gmail.com,"411 Main Road, Chennai"
1212,Kavya Kumar 1212,9610001212,kavya.kumar.1212@gmail.com,"412 Main Road, Coimbatore"
1213,Ravi Kumar 1213,9610001213,ravi.kumar.1213@gmail.com,"413 Main Road, Bangalore"
1214,Pooja Kumar 1214,9610001214,pooja.kumar.1214@gmail.com,"414 Main Road, Hyderabad"
1215,Manoj Kumar 1215,9610001215,manoj.kumar.1215@gmail.com,"415 Main Road, Madurai"
1216,Swathi Kumar 1216,9610001216,swathi.kumar.1216@gmail.com,"416 Main Road, Salem"
1217,Gokul Kumar 1217,9610001217,gokul.kumar.1217@gmail.com,"417 Main Road, Trichy"
1218,Nisha Kumar 1218,9610001218,nisha.kumar.1218@gmail.com,"418 Main Road, Pune"
1219,Harish Kumar 1219,9610001219,harish.kumar.1219@gmail.com,"419 Main Road, Mumbai"
1220,Deepa Kumar 1220,9610001220,deepa.kumar.1220@gmail.com,"420 Main Road, Kochi"
1221,Arun Sharma 1221,9610001221,arun.sharma.1221@gmail.com,"421 Main Road, Chennai"
1222,Priya Sharma 1222,9610001222,priya.sharma.1222@gmail.com,"422 Main Road, Coimbatore"
1223,Rahul Sharma 1223,9610001223,rahul.sharma.1223@gmail.com,"423 Main Road, Bangalore"
1224,Divya Sharma 1224,9610001224,divya.sharma.1224@gmail.com,"424 Main Road, Hyderabad"
1225,Karthik Sharma 1225,9610001225,karthik.sharma.1225@gmail.com,"425 Main Road, Madurai"
1226,Sneha Sharma 1226,9610001226,sneha.sharma.1226@gmail.com,"426 Main Road, Salem"
1227,Vijay Sharma 1227,9610001227,vijay.sharma.1227@gmail.com,"427 Main Road, Trichy"
1228,Anitha Sharma 1228,9610001228,anitha.sharma.1228@gmail.com,"428 Main Road, Pune"
1229,Suresh Sharma 1229,9610001229,suresh.sharma.1229@gmail.com,"429 Main Road, Mumbai"
1230,Meena Sharma 1230,9610001230,meena.sharma.1230@gmail.com,"430 Main Road, Kochi"
1231,Ajay Sharma 1231,9610001231,ajay.sharma.1231@gmail.com,"431 Main Road, Chennai"
1232,Kavya Sharma 1232,9610001232,kavya.sharma.1232@gmail.com,"432 Main Road, Coimbatore"
1233,Ravi Sharma 1233,9610001233,ravi.sharma.1233@gmail.com,"433 Main Road, Bangalore"
1234,Pooja Sharma 1234,9610001234,pooja.sharma.1234@gmail.com,"434 Main Road, Hyderabad"
1235,Manoj Sharma 1235,9610001235,manoj.sharma.1235@gmail.com,"435 Main Road, Madurai"
1236,Swathi Sharma 1236,9610001236,swathi.sharma.1236@gmail.com,"436 Main Road, Salem"
1237,Gokul Sharma 1237,9610001237,gokul.sharma.1237@gmail.com,"437 Main Road, Trichy"
1238,Nisha Sharma 1238,9610001238,nisha.sharma.1238@gmail.com,"438 Main Road, Pune"
1239,Harish Sharma 1239,9610001239,harish.sharma.1239@gmail.com,"439 Main Road, Mumbai"
1240,Deepa Sharma 1240,9610001240,deepa.sharma.1240@gmail.com,"440 Main Road, Kochi"
1241,Arun Raj 1241,9610001241,arun.raj.1241@gmail.com,"441 Main Road, Chennai"
1242,Priya Raj 1242,9610001242,priya.raj.1242@gmail.com,"442 Main Road, Coimbatore"
1243,Rahul Raj 1243,9610001243,rahul.raj.1243@gmail.com,"443 Main Road, Bangalore"
1244,Divya Raj 1244,9610001244,divya.raj.1244@gmail.com,"444 Main Road, Hyderabad"
1245,Karthik Raj 1245,9610001245,karthik.raj.1245@gmail.com,"445 Main Road, Madurai"
1246,Sneha Raj 1246,9610001246,sneha.raj.1246@gmail.com,"446 Main Road, Salem"
1247,Vijay Raj 1247,9610001247,vijay.raj.1247@gmail.com,"447 Main Road, Trichy"
1248,Anitha Raj 1248,9610001248,anitha.raj.1248@gmail.com,"448 Main Road, Pune"
1249,Suresh Raj 1249,9610001249,suresh.raj.1249@gmail.com,"449 Main Road, Mumbai"
1250,Meena Raj 1250,9610001250,meena.raj.1250@gmail.com,"450 Main Road, Kochi"
1251,Ajay Raj 1251,9610001251,ajay.raj.1251@gmail.com,"451 Main Road, Chennai"
1252,Kavya Raj 1252,9610001252,kavya.raj.1252@gmail.com,"452 Main Road, Coimbatore"
1253,Ravi Raj 1253,9610001253,ravi.raj.1253@gmail.com,"453 Main Road, Bangalore"
1254,Pooja Raj 1254,9610001254,pooja.raj.1254@gmail.com,"454 Main Road, Hyderabad"
1255,Manoj Raj 1255,9610001255,manoj.raj.1255@gmail.com,"455 Main Road, Madurai"
1256,Swathi Raj 1256,9610001256,swathi.raj.1256@gmail.com,"456 Main Road, Salem"
1257,Gokul Raj 1257,9610001257,gokul.raj.1257@gmail.com,"457 Main Road, Trichy"
1258,Nisha Raj 1258,9610001258,nisha.raj.1258@gmail.com,"458 Main Road, Pune"
1259,Harish Raj 1259,9610001259,harish.raj.1259@gmail.com,"459 Main Road, Mumbai"
1260,Deepa Raj 1260,9610001260,deepa.raj.1260@gmail.com,"460 Main Road, Kochi"
1261,Arun Devi 1261,9610001261,arun.devi.1261@gmail.com,"461 Main Road, Chennai"
1262,Priya Devi 1262,9610001262,priya.devi.1262@gmail.com,"462 Main Road, Coimbatore"
1263,Rahul Devi 1263,9610001263,rahul.devi.1263@gmail.com,"463 Main Road, Bangalore"
1264,Divya Devi 1264,9610001264,divya.devi.1264@gmail.com,"464 Main Road, Hyderabad"
1265,Karthik Devi 1265,9610001265,karthik.devi.1265@gmail.com,"465 Main Road, Madurai"
1266,Sneha Devi 1266,9610001266,sneha.devi.1266@gmail.com,"466 Main Road, Salem"
1267,Vijay Devi 1267,9610001267,vijay.devi.1267@gmail.com,"467 Main Road, Trichy"
1268,Anitha Devi 1268,9610001268,anitha.devi.1268@gmail.com,"468 Main Road, Pune"
1269,Suresh Devi 1269,9610001269,suresh.devi.1269@gmail.com,"469 Main Road, Mumbai"
1270,Meena Devi 1270,9610001270,meena.devi.1270@gmail.com,"470 Main Road, Kochi"
1271,Ajay Devi 1271,9610001271,ajay.devi.1271@gmail.com,"471 Main Road, Chennai"
1272,Kavya Devi 1272,9610001272,kavya.devi.1272@gmail.com,"472 Main Road, Coimbatore"
1273,Ravi Devi 1273,9610001273,ravi.devi.1273@gmail.com,"473 Main Road, Bangalore"
1274,Pooja Devi 1274,9610001274,pooja.devi.1274@gmail.com,"474 Main Road, Hyderabad"
1275,Manoj Devi 1275,9610001275,manoj.devi.1275@gmail.com,"475 Main Road, Madurai"
1276,Swathi Devi 1276,9610001276,swathi.devi.1276@gmail.com,"476 Main Road, Salem"
1277,Gokul Devi 1277,9610001277,gokul.devi.1277@gmail.com,"477 Main Road, Trichy"
1278,Nisha Devi 1278,9610001278,nisha.devi.1278@gmail.com,"478 Main Road, Pune"
1279,Harish Devi 1279,9610001279,harish.devi.1279@gmail.com,"479 Main Road, Mumbai"
1280,Deepa Devi 1280,9610001280,deepa.devi.1280@gmail.com,"480 Main Road, Kochi"
1281,Arun Krishnan 1281,9610001281,arun.krishnan.1281@gmail.com,"481 Main Road, Chennai"
1282,Priya Krishnan 1282,9610001282,priya.krishnan.1282@gmail.com,"482 Main Road, Coimbatore"
1283,Rahul Krishnan 1283,9610001283,rahul.krishnan.1283@gmail.com,"483 Main Road, Bangalore"
1284,Divya Krishnan 1284,9610001284,divya.krishnan.1284@gmail.com,"484 Main Road, Hyderabad"
1285,Karthik Krishnan 1285,9610001285,karthik.krishnan.1285@gmail.com,"485 Main Road, Madurai"
1286,Sneha Krishnan 1286,9610001286,sneha.krishnan.1286@gmail.com,"486 Main Road, Salem"
1287,Vijay Krishnan 1287,9610001287,vijay.krishnan.1287@gmail.com,"487 Main Road, Trichy"
1288,Anitha Krishnan 1288,9610001288,anitha.krishnan.1288@gmail.com,"488 Main Road, Pune"
1289,Suresh Krishnan 1289,9610001289,suresh.krishnan.1289@gmail.com,"489 Main Road, Mumbai"
1290,Meena Krishnan 1290,9610001290,meena.krishnan.1290@gmail.com,"490 Main Road, Kochi"
1291,Ajay Krishnan 1291,9610001291,ajay.krishnan.1291@gmail.com,"491 Main Road, Chennai"
1292,Kavya Krishnan 1292,9610001292,kavya.krishnan.1292@gmail.com,"492 Main Road, Coimbatore"
1293,Ravi Krishnan 1293,9610001293,ravi.krishnan.1293@gmail.com,"493 Main Road, Bangalore"
1294,Pooja Krishnan 1294,9610001294,pooja.krishnan.1294@gmail.com,"494 Main Road, Hyderabad"
1295,Manoj Krishnan 1295,9610001295,manoj.krishnan.1295@gmail.com,"495 Main Road, Madurai"
1296,Swathi Krishnan 1296,9610001296,swathi.krishnan.1296@gmail.com,"496 Main Road, Salem"
1297,Gokul Krishnan 1297,9610001297,gokul.krishnan.1297@gmail.com,"497 Main Road, Trichy"
1298,Nisha Krishnan 1298,9610001298,nisha.krishnan.1298@gmail.com,"498 Main Road, Pune"
1299,Harish Krishnan 1299,9610001299,harish.krishnan.1299@gmail.com,"499 Main Road, Mumbai"
1300,Deepa Krishnan 1300,9610001300,deepa.krishnan.1300@gmail.com,"500 Main Road, Kochi"
1301,Arun Reddy 1301,9610001301,arun.reddy.1301@gmail.com,"501 Main Road, Chennai"
1302,Priya Reddy 1302,9610001302,priya.reddy.1302@gmail.com,"502 Main Road, Coimbatore"
1303,Rahul Reddy 1303,9610001303,rahul.reddy.1303@gmail.com,"503 Main Road, Bangalore"
1304,Divya Reddy 1304,9610001304,divya.reddy.1304@gmail.com,"504 Main Road, Hyderabad"
1305,Karthik Reddy 1305,9610001305,karthik.reddy.1305@gmail.com,"505 Main Road, Madurai"
1306,Sneha Reddy 1306,9610001306,sneha.reddy.1306@gmail.com,"506 Main Road, Salem"
1307,Vijay Reddy 1307,9610001307,vijay.reddy.1307@gmail.com,"507 Main Road, Trichy"
1308,Anitha Reddy 1308,9610001308,anitha.reddy.1308@gmail.com,"508 Main Road, Pune"
1309,Suresh Reddy 1309,9610001309,suresh.reddy.1309@gmail.com,"509 Main Road, Mumbai"
1310,Meena Reddy 1310,9610001310,meena.reddy.1310@gmail.com,"510 Main Road, Kochi"
1311,Ajay Reddy 1311,9610001311,ajay.reddy.1311@gmail.com,"511 Main Road, Chennai"
1312,Kavya Reddy 1312,9610001312,kavya.reddy.1312@gmail.com,"512 Main Road, Coimbatore"
1313,Ravi Reddy 1313,9610001313,ravi.reddy.1313@gmail.com,"513 Main Road, Bangalore"
1314,Pooja Reddy 1314,9610001314,pooja.reddy.1314@gmail.com,"514 Main Road, Hyderabad"
1315,Manoj Reddy 1315,9610001315,manoj.reddy.1315@gmail.com,"515 Main Road, Madurai"
1316,Swathi Reddy 1316,9610001316,swathi.reddy.1316@gmail.com,"516 Main Road, Salem"
1317,Gokul Reddy 1317,9610001317,gokul.reddy.1317@gmail.com,"517 Main Road, Trichy"
1318,Nisha Reddy 1318,9610001318,nisha.reddy.1318@gmail.com,"518 Main Road, Pune"
1319,Harish Reddy 1319,9610001319,harish.reddy.1319@gmail.com,"519 Main Road, Mumbai"
1320,Deepa Reddy 1320,9610001320,deepa.reddy.1320@gmail.com,"520 Main Road, Kochi"
1321,Arun Iyer 1321,9610001321,arun.iyer.1321@gmail.com,"521 Main Road, Chennai"
1322,Priya Iyer 1322,9610001322,priya.iyer.1322@gmail.com,"522 Main Road, Coimbatore"
1323,Rahul Iyer 1323,9610001323,rahul.iyer.1323@gmail.com,"523 Main Road, Bangalore"
1324,Divya Iyer 1324,9610001324,divya.iyer.1324@gmail.com,"524 Main Road, Hyderabad"
1325,Karthik Iyer 1325,9610001325,karthik.iyer.1325@gmail.com,"525 Main Road, Madurai"
1326,Sneha Iyer 1326,9610001326,sneha.iyer.1326@gmail.com,"526 Main Road, Salem"
1327,Vijay Iyer 1327,9610001327,vijay.iyer.1327@gmail.com,"527 Main Road, Trichy"
1328,Anitha Iyer 1328,9610001328,anitha.iyer.1328@gmail.com,"528 Main Road, Pune"
1329,Suresh Iyer 1329,9610001329,suresh.iyer.1329@gmail.com,"529 Main Road, Mumbai"
1330,Meena Iyer 1330,9610001330,meena.iyer.1330@gmail.com,"530 Main Road, Kochi"
1331,Ajay Iyer 1331,9610001331,ajay.iyer.1331@gmail.com,"531 Main Road, Chennai"
1332,Kavya Iyer 1332,9610001332,kavya.iyer.1332@gmail.com,"532 Main Road, Coimbatore"
1333,Ravi Iyer 1333,9610001333,ravi.iyer.1333@gmail.com,"533 Main Road, Bangalore"
1334,Pooja Iyer 1334,9610001334,pooja.iyer.1334@gmail.com,"534 Main Road, Hyderabad"
1335,Manoj Iyer 1335,9610001335,manoj.iyer.1335@gmail.com,"535 Main Road, Madurai"
1336,Swathi Iyer 1336,9610001336,swathi.iyer.1336@gmail.com,"536 Main Road, Salem"
1337,Gokul Iyer 1337,9610001337,gokul.iyer.1337@gmail.com,"537 Main Road, Trichy"
1338,Nisha Iyer 1338,9610001338,nisha.iyer.1338@gmail.com,"538 Main Road, Pune"
1339,Harish Iyer 1339,9610001339,harish.iyer.1339@gmail.com,"539 Main Road, Mumbai"
1340,Deepa Iyer 1340,9610001340,deepa.iyer.1340@gmail.com,"540 Main Road, Kochi"
1341,Arun Nair 1341,9610001341,arun.nair.1341@gmail.com,"541 Main Road, Chennai"
1342,Priya Nair 1342,9610001342,priya.nair.1342@gmail.com,"542 Main Road, Coimbatore"
1343,Rahul Nair 1343,9610001343,rahul.nair.1343@gmail.com,"543 Main Road, Bangalore"
1344,Divya Nair 1344,9610001344,divya.nair.1344@gmail.com,"544 Main Road, Hyderabad"
1345,Karthik Nair 1345,9610001345,karthik.nair.1345@gmail.com,"545 Main Road, Madurai"
1346,Sneha Nair 1346,9610001346,sneha.nair.1346@gmail.com,"546 Main Road, Salem"
1347,Vijay Nair 1347,9610001347,vijay.nair.1347@gmail.com,"547 Main Road, Trichy"
1348,Anitha Nair 1348,9610001348,anitha.nair.1348@gmail.com,"548 Main Road, Pune"
1349,Suresh Nair 1349,9610001349,suresh.nair.1349@gmail.com,"549 Main Road, Mumbai"
1350,Meena Nair 1350,9610001350,meena.nair.1350@gmail.com,"550 Main Road, Kochi"
1351,Ajay Nair 1351,9610001351,ajay.nair.1351@gmail.com,"551 Main Road, Chennai"
1352,Kavya Nair 1352,9610001352,kavya.nair.1352@gmail.com,"552 Main Road, Coimbatore"
1353,Ravi Nair 1353,9610001353,ravi.nair.1353@gmail.com,"553 Main Road, Bangalore"
1354,Pooja Nair 1354,9610001354,pooja.nair.1354@gmail.com,"554 Main Road, Hyderabad"
1355,Manoj Nair 1355,9610001355,manoj.nair.1355@gmail.com,"555 Main Road, Madurai"
1356,Swathi Nair 1356,9610001356,swathi.nair.1356@gmail.com,"556 Main Road, Salem"
1357,Gokul Nair 1357,9610001357,gokul.nair.1357@gmail.com,"557 Main Road, Trichy"
1358,Nisha Nair 1358,9610001358,nisha.nair.1358@gmail.com,"558 Main Road, Pune"
1359,Harish Nair 1359,9610001359,harish.nair.1359@gmail.com,"559 Main Road, Mumbai"
1360,Deepa Nair 1360,9610001360,deepa.nair.1360@gmail.com,"560 Main Road, Kochi"
1361,Arun Patel 1361,9610001361,arun.patel.1361@gmail.com,"561 Main Road, Chennai"
1362,Priya Patel 1362,9610001362,priya.patel.1362@gmail.com,"562 Main Road, Coimbatore"
1363,Rahul Patel 1363,9610001363,rahul.patel.1363@gmail.com,"563 Main Road, Bangalore"
1364,Divya Patel 1364,9610001364,divya.patel.1364@gmail.com,"564 Main Road, Hyderabad"
1365,Karthik Patel 1365,9610001365,karthik.patel.1365@gmail.com,"565 Main Road, Madurai"
1366,Sneha Patel 1366,9610001366,sneha.patel.1366@gmail.com,"566 Main Road, Salem"
1367,Vijay Patel 1367,9610001367,vijay.patel.1367@gmail.com,"567 Main Road, Trichy"
1368,Anitha Patel 1368,9610001368,anitha.patel.1368@gmail.com,"568 Main Road, Pune"
1369,Suresh Patel 1369,9610001369,suresh.patel.1369@gmail.com,"569 Main Road, Mumbai"
1370,Meena Patel 1370,9610001370,meena.patel.1370@gmail.com,"570 Main Road, Kochi"
1371,Ajay Patel 1371,9610001371,ajay.patel.1371@gmail.com,"571 Main Road, Chennai"
1372,Kavya Patel 1372,9610001372,kavya.patel.1372@gmail.com,"572 Main Road, Coimbatore"
1373,Ravi Patel 1373,9610001373,ravi.patel.1373@gmail.com,"573 Main Road, Bangalore"
1374,Pooja Patel 1374,9610001374,pooja.patel.1374@gmail.com,"574 Main Road, Hyderabad"
1375,Manoj Patel 1375,9610001375,manoj.patel.1375@gmail.com,"575 Main Road, Madurai"
1376,Swathi Patel 1376,9610001376,swathi.patel.1376@gmail.com,"576 Main Road, Salem"
1377,Gokul Patel 1377,9610001377,gokul.patel.1377@gmail.com,"577 Main Road, Trichy"
1378,Nisha Patel 1378,9610001378,nisha.patel.1378@gmail.com,"578 Main Road, Pune"
1379,Harish Patel 1379,9610001379,harish.patel.1379@gmail.com,"579 Main Road, Mumbai"
1380,Deepa Patel 1380,9610001380,deepa.patel.1380@gmail.com,"580 Main Road, Kochi"
1381,Arun Singh 1381,9610001381,arun.singh.1381@gmail.com,"581 Main Road, Chennai"
1382,Priya Singh 1382,9610001382,priya.singh.1382@gmail.com,"582 Main Road, Coimbatore"
1383,Rahul Singh 1383,9610001383,rahul.singh.1383@gmail.com,"583 Main Road, Bangalore"
1384,Divya Singh 1384,9610001384,divya.singh.1384@gmail.com,"584 Main Road, Hyderabad"
1385,Karthik Singh 1385,9610001385,karthik.singh.1385@gmail.com,"585 Main Road, Madurai"
1386,Sneha Singh 1386,9610001386,sneha.singh.1386@gmail.com,"586 Main Road, Salem"
1387,Vijay Singh 1387,9610001387,vijay.singh.1387@gmail.com,"587 Main Road, Trichy"
1388,Anitha Singh 1388,9610001388,anitha.singh.1388@gmail.com,"588 Main Road, Pune"
1389,Suresh Singh 1389,9610001389,suresh.singh.1389@gmail.com,"589 Main Road, Mumbai"
1390,Meena Singh 1390,9610001390,meena.singh.1390@gmail.com,"590 Main Road, Kochi"
1391,Ajay Singh 1391,9610001391,ajay.singh.1391@gmail.com,"591 Main Road, Chennai"
1392,Kavya Singh 1392,9610001392,kavya.singh.1392@gmail.com,"592 Main Road, Coimbatore"
1393,Ravi Singh 1393,9610001393,ravi.singh.1393@gmail.com,"593 Main Road, Bangalore"
1394,Pooja Singh 1394,9610001394,pooja.singh.1394@gmail.com,"594 Main Road, Hyderabad"
1395,Manoj Singh 1395,9610001395,manoj.singh.1395@gmail.com,"595 Main Road, Madurai"
1396,Swathi Singh 1396,9610001396,swathi.singh.1396@gmail.com,"596 Main Road, Salem"
1397,Gokul Singh 1397,9610001397,gokul.singh.1397@gmail.com,"597 Main Road, Trichy"
1398,Nisha Singh 1398,9610001398,nisha.singh.1398@gmail.com,"598 Main Road, Pune"
1399,Harish Singh 1399,9610001399,harish.singh.1399@gmail.com,"599 Main Road, Mumbai"
1400,Deepa Singh 1400,9610001400,deepa.singh.1400@gmail.com,"600 Main Road, Kochi"
1401,Arun Kumar 1401,9610001401,arun.kumar.1401@gmail.com,"601 Main Road, Chennai"
1402,Priya Kumar 1402,9610001402,priya.kumar.1402@gmail.com,"602 Main Road, Coimbatore"
1403,Rahul Kumar 1403,9610001403,rahul.kumar.1403@gmail.com,"603 Main Road, Bangalore"
1404,Divya Kumar 1404,9610001404,divya.kumar.1404@gmail.com,"604 Main Road, Hyderabad"
1405,Karthik Kumar 1405,9610001405,karthik.kumar.1405@gmail.com,"605 Main Road, Madurai"
1406,Sneha Kumar 1406,9610001406,sneha.kumar.1406@gmail.com,"606 Main Road, Salem"
1407,Vijay Kumar 1407,9610001407,vijay.kumar.1407@gmail.com,"607 Main Road, Trichy"
1408,Anitha Kumar 1408,9610001408,anitha.kumar.1408@gmail.com,"608 Main Road, Pune"
1409,Suresh Kumar 1409,9610001409,suresh.kumar.1409@gmail.com,"609 Main Road, Mumbai"
1410,Meena Kumar 1410,9610001410,meena.kumar.1410@gmail.com,"610 Main Road, Kochi"
1411,Ajay Kumar 1411,9610001411,ajay.kumar.1411@gmail.com,"611 Main Road, Chennai"
1412,Kavya Kumar 1412,9610001412,kavya.kumar.1412@gmail.com,"612 Main Road, Coimbatore"
1413,Ravi Kumar 1413,9610001413,ravi.kumar.1413@gmail.com,"613 Main Road, Bangalore"
1414,Pooja Kumar 1414,9610001414,pooja.kumar.1414@gmail.com,"614 Main Road, Hyderabad"
1415,Manoj Kumar 1415,9610001415,manoj.kumar.1415@gmail.com,"615 Main Road, Madurai"
1416,Swathi Kumar 1416,9610001416,swathi.kumar.1416@gmail.com,"616 Main Road, Salem"
1417,Gokul Kumar 1417,9610001417,gokul.kumar.1417@gmail.com,"617 Main Road, Trichy"
1418,Nisha Kumar 1418,9610001418,nisha.kumar.1418@gmail.com,"618 Main Road, Pune"
1419,Harish Kumar 1419,9610001419,harish.kumar.1419@gmail.com,"619 Main Road, Mumbai"
1420,Deepa Kumar 1420,9610001420,deepa.kumar.1420@gmail.com,"620 Main Road, Kochi"
1421,Arun Sharma 1421,9610001421,arun.sharma.1421@gmail.com,"621 Main Road, Chennai"
1422,Priya Sharma 1422,9610001422,priya.sharma.1422@gmail.com,"622 Main Road, Coimbatore"
1423,Rahul Sharma 1423,9610001423,rahul.sharma.1423@gmail.com,"623 Main Road, Bangalore"
1424,Divya Sharma 1424,9610001424,divya.sharma.1424@gmail.com,"624 Main Road, Hyderabad"
1425,Karthik Sharma 1425,9610001425,karthik.sharma.1425@gmail.com,"625 Main Road, Madurai"
1426,Sneha Sharma 1426,9610001426,sneha.sharma.1426@gmail.com,"626 Main Road, Salem"
1427,Vijay Sharma 1427,9610001427,vijay.sharma.1427@gmail.com,"627 Main Road, Trichy"
1428,Anitha Sharma 1428,9610001428,anitha.sharma.1428@gmail.com,"628 Main Road, Pune"
1429,Suresh Sharma 1429,9610001429,suresh.sharma.1429@gmail.com,"629 Main Road, Mumbai"
1430,Meena Sharma 1430,9610001430,meena.sharma.1430@gmail.com,"630 Main Road, Kochi"
1431,Ajay Sharma 1431,9610001431,ajay.sharma.1431@gmail.com,"631 Main Road, Chennai"
1432,Kavya Sharma 1432,9610001432,kavya.sharma.1432@gmail.com,"632 Main Road, Coimbatore"
1433,Ravi Sharma 1433,9610001433,ravi.sharma.1433@gmail.com,"633 Main Road, Bangalore"
1434,Pooja Sharma 1434,9610001434,pooja.sharma.1434@gmail.com,"634 Main Road, Hyderabad"
1435,Manoj Sharma 1435,9610001435,manoj.sharma.1435@gmail.com,"635 Main Road, Madurai"
1436,Swathi Sharma 1436,9610001436,swathi.sharma.1436@gmail.com,"636 Main Road, Salem"
1437,Gokul Sharma 1437,9610001437,gokul.sharma.1437@gmail.com,"637 Main Road, Trichy"
1438,Nisha Sharma 1438,9610001438,nisha.sharma.1438@gmail.com,"638 Main Road, Pune"
1439,Harish Sharma 1439,9610001439,harish.sharma.1439@gmail.com,"639 Main Road, Mumbai"
1440,Deepa Sharma 1440,9610001440,deepa.sharma.1440@gmail.com,"640 Main Road, Kochi"
1441,Arun Raj 1441,9610001441,arun.raj.1441@gmail.com,"641 Main Road, Chennai"
1442,Priya Raj 1442,9610001442,priya.raj.1442@gmail.com,"642 Main Road, Coimbatore"
1443,Rahul Raj 1443,9610001443,rahul.raj.1443@gmail.com,"643 Main Road, Bangalore"
1444,Divya Raj 1444,9610001444,divya.raj.1444@gmail.com,"644 Main Road, Hyderabad"
1445,Karthik Raj 1445,9610001445,karthik.raj.1445@gmail.com,"645 Main Road, Madurai"
1446,Sneha Raj 1446,9610001446,sneha.raj.1446@gmail.com,"646 Main Road, Salem"
1447,Vijay Raj 1447,9610001447,vijay.raj.1447@gmail.com,"647 Main Road, Trichy"
1448,Anitha Raj 1448,9610001448,anitha.raj.1448@gmail.com,"648 Main Road, Pune"
1449,Suresh Raj 1449,9610001449,suresh.raj.1449@gmail.com,"649 Main Road, Mumbai"
1450,Meena Raj 1450,9610001450,meena.raj.1450@gmail.com,"650 Main Road, Kochi"
1451,Ajay Raj 1451,9610001451,ajay.raj.1451@gmail.com,"651 Main Road, Chennai"
1452,Kavya Raj 1452,9610001452,kavya.raj.1452@gmail.com,"652 Main Road, Coimbatore"
1453,Ravi Raj 1453,9610001453,ravi.raj.1453@gmail.com,"653 Main Road, Bangalore"
1454,Pooja Raj 1454,9610001454,pooja.raj.1454@gmail.com,"654 Main Road, Hyderabad"
1455,Manoj Raj 1455,9610001455,manoj.raj.1455@gmail.com,"655 Main Road, Madurai"
1456,Swathi Raj 1456,9610001456,swathi.raj.1456@gmail.com,"656 Main Road, Salem"
1457,Gokul Raj 1457,9610001457,gokul.raj.1457@gmail.com,"657 Main Road, Trichy"
1458,Nisha Raj 1458,9610001458,nisha.raj.1458@gmail.com,"658 Main Road, Pune"
1459,Harish Raj 1459,9610001459,harish.raj.1459@gmail.com,"659 Main Road, Mumbai"
1460,Deepa Raj 1460,9610001460,deepa.raj.1460@gmail.com,"660 Main Road, Kochi"
1461,Arun Devi 1461,9610001461,arun.devi.1461@gmail.com,"661 Main Road, Chennai"
1462,Priya Devi 1462,9610001462,priya.devi.1462@gmail.com,"662 Main Road, Coimbatore"
1463,Rahul Devi 1463,9610001463,rahul.devi.1463@gmail.com,"663 Main Road, Bangalore"
1464,Divya Devi 1464,9610001464,divya.devi.1464@gmail.com,"664 Main Road, Hyderabad"
1465,Karthik Devi 1465,9610001465,karthik.devi.1465@gmail.com,"665 Main Road, Madurai"
1466,Sneha Devi 1466,9610001466,sneha.devi.1466@gmail.com,"666 Main Road, Salem"
1467,Vijay Devi 1467,9610001467,vijay.devi.1467@gmail.com,"667 Main Road, Trichy"
1468,Anitha Devi 1468,9610001468,anitha.devi.1468@gmail.com,"668 Main Road, Pune"
1469,Suresh Devi 1469,9610001469,suresh.devi.1469@gmail.com,"669 Main Road, Mumbai"
1470,Meena Devi 1470,9610001470,meena.devi.1470@gmail.com,"670 Main Road, Kochi"
1471,Ajay Devi 1471,9610001471,ajay.devi.1471@gmail.com,"671 Main Road, Chennai"
1472,Kavya Devi 1472,9610001472,kavya.devi.1472@gmail.com,"672 Main Road, Coimbatore"
1473,Ravi Devi 1473,9610001473,ravi.devi.1473@gmail.com,"673 Main Road, Bangalore"
1474,Pooja Devi 1474,9610001474,pooja.devi.1474@gmail.com,"674 Main Road, Hyderabad"
1475,Manoj Devi 1475,9610001475,manoj.devi.1475@gmail.com,"675 Main Road, Madurai"
1476,Swathi Devi 1476,9610001476,swathi.devi.1476@gmail.com,"676 Main Road, Salem"
1477,Gokul Devi 1477,9610001477,gokul.devi.1477@gmail.com,"677 Main Road, Trichy"
1478,Nisha Devi 1478,9610001478,nisha.devi.1478@gmail.com,"678 Main Road, Pune"
1479,Harish Devi 1479,9610001479,harish.devi.1479@gmail.com,"679 Main Road, Mumbai"
1480,Deepa Devi 1480,9610001480,deepa.devi.1480@gmail.com,"680 Main Road, Kochi"
1481,Arun Krishnan 1481,9610001481,arun.krishnan.1481@gmail.com,"681 Main Road, Chennai"
1482,Priya Krishnan 1482,9610001482,priya.krishnan.1482@gmail.com,"682 Main Road, Coimbatore"
1483,Rahul Krishnan 1483,9610001483,rahul.krishnan.1483@gmail.com,"683 Main Road, Bangalore"
1484,Divya Krishnan 1484,9610001484,divya.krishnan.1484@gmail.com,"684 Main Road, Hyderabad"
1485,Karthik Krishnan 1485,9610001485,karthik.krishnan.1485@gmail.com,"685 Main Road, Madurai"
1486,Sneha Krishnan 1486,9610001486,sneha.krishnan.1486@gmail.com,"686 Main Road, Salem"
1487,Vijay Krishnan 1487,9610001487,vijay.krishnan.1487@gmail.com,"687 Main Road, Trichy"
1488,Anitha Krishnan 1488,9610001488,anitha.krishnan.1488@gmail.com,"688 Main Road, Pune"
1489,Suresh Krishnan 1489,9610001489,suresh.krishnan.1489@gmail.com,"689 Main Road, Mumbai"
1490,Meena Krishnan 1490,9610001490,meena.krishnan.1490@gmail.com,"690 Main Road, Kochi"
1491,Ajay Krishnan 1491,9610001491,ajay.krishnan.1491@gmail.com,"691 Main Road, Chennai"
1492,Kavya Krishnan 1492,9610001492,kavya.krishnan.1492@gmail.com,"692 Main Road, Coimbatore"
1493,Ravi Krishnan 1493,9610001493,ravi.krishnan.1493@gmail.com,"693 Main Road, Bangalore"
1494,Pooja Krishnan 1494,9610001494,pooja.krishnan.1494@gmail.com,"694 Main Road, Hyderabad"
1495,Manoj Krishnan 1495,9610001495,manoj.krishnan.1495@gmail.com,"695 Main Road, Madurai"
1496,Swathi Krishnan 1496,9610001496,swathi.krishnan.1496@gmail.com,"696 Main Road, Salem"
1497,Gokul Krishnan 1497,9610001497,gokul.krishnan.1497@gmail.com,"697 Main Road, Trichy"
1498,Nisha Krishnan 1498,9610001498,nisha.krishnan.1498@gmail.com,"698 Main Road, Pune"
1499,Harish Krishnan 1499,9610001499,harish.krishnan.1499@gmail.com,"699 Main Road, Mumbai"
1500,Deepa Krishnan 1500,9610001500,deepa.krishnan.1500@gmail.com,"700 Main Road, Kochi"
1501,Arun Reddy 1501,9610001501,arun.reddy.1501@gmail.com,"701 Main Road, Chennai"
1502,Priya Reddy 1502,9610001502,priya.reddy.1502@gmail.com,"702 Main Road, Coimbatore"
1503,Rahul Reddy 1503,9610001503,rahul.reddy.1503@gmail.com,"703 Main Road, Bangalore"
1504,Divya Reddy 1504,9610001504,divya.reddy.1504@gmail.com,"704 Main Road, Hyderabad"
1505,Karthik Reddy 1505,9610001505,karthik.reddy.1505@gmail.com,"705 Main Road, Madurai"
1506,Sneha Reddy 1506,9610001506,sneha.reddy.1506@gmail.com,"706 Main Road, Salem"
1507,Vijay Reddy 1507,9610001507,vijay.reddy.1507@gmail.com,"707 Main Road, Trichy"
1508,Anitha Reddy 1508,9610001508,anitha.reddy.1508@gmail.com,"708 Main Road, Pune"
1509,Suresh Reddy 1509,9610001509,suresh.reddy.1509@gmail.com,"709 Main Road, Mumbai"
1510,Meena Reddy 1510,9610001510,meena.reddy.1510@gmail.com,"710 Main Road, Kochi"
1511,Ajay Reddy 1511,9610001511,ajay.reddy.1511@gmail.com,"711 Main Road, Chennai"
1512,Kavya Reddy 1512,9610001512,kavya.reddy.1512@gmail.com,"712 Main Road, Coimbatore"
1513,Ravi Reddy 1513,9610001513,ravi.reddy.1513@gmail.com,"713 Main Road, Bangalore"
1514,Pooja Reddy 1514,9610001514,pooja.reddy.1514@gmail.com,"714 Main Road, Hyderabad"
1515,Manoj Reddy 1515,9610001515,manoj.reddy.1515@gmail.com,"715 Main Road, Madurai"
1516,Swathi Reddy 1516,9610001516,swathi.reddy.1516@gmail.com,"716 Main Road, Salem"
1517,Gokul Reddy 1517,9610001517,gokul.reddy.1517@gmail.com,"717 Main Road, Trichy"
1518,Nisha Reddy 1518,9610001518,nisha.reddy.1518@gmail.com,"718 Main Road, Pune"
1519,Harish Reddy 1519,9610001519,harish.reddy.1519@gmail.com,"719 Main Road, Mumbai"
1520,Deepa Reddy 1520,9610001520,deepa.reddy.1520@gmail.com,"720 Main Road, Kochi"
1521,Arun Iyer 1521,9610001521,arun.iyer.1521@gmail.com,"721 Main Road, Chennai"
1522,Priya Iyer 1522,9610001522,priya.iyer.1522@gmail.com,"722 Main Road, Coimbatore"
1523,Rahul Iyer 1523,9610001523,rahul.iyer.1523@gmail.com,"723 Main Road, Bangalore"
1524,Divya Iyer 1524,9610001524,divya.iyer.1524@gmail.com,"724 Main Road, Hyderabad"
1525,Karthik Iyer 1525,9610001525,karthik.iyer.1525@gmail.com,"725 Main Road, Madurai"
1526,Sneha Iyer 1526,9610001526,sneha.iyer.1526@gmail.com,"726 Main Road, Salem"
1527,Vijay Iyer 1527,9610001527,vijay.iyer.1527@gmail.com,"727 Main Road, Trichy"
1528,Anitha Iyer 1528,9610001528,anitha.iyer.1528@gmail.com,"728 Main Road, Pune"
1529,Suresh Iyer 1529,9610001529,suresh.iyer.1529@gmail.com,"729 Main Road, Mumbai"
1530,Meena Iyer 1530,9610001530,meena.iyer.1530@gmail.com,"730 Main Road, Kochi"
1531,Ajay Iyer 1531,9610001531,ajay.iyer.1531@gmail.com,"731 Main Road, Chennai"
1532,Kavya Iyer 1532,9610001532,kavya.iyer.1532@gmail.com,"732 Main Road, Coimbatore"
1533,Ravi Iyer 1533,9610001533,ravi.iyer.1533@gmail.com,"733 Main Road, Bangalore"
1534,Pooja Iyer 1534,9610001534,pooja.iyer.1534@gmail.com,"734 Main Road, Hyderabad"
1535,Manoj Iyer 1535,9610001535,manoj.iyer.1535@gmail.com,"735 Main Road, Madurai"
1536,Swathi Iyer 1536,9610001536,swathi.iyer.1536@gmail.com,"736 Main Road, Salem"
1537,Gokul Iyer 1537,9610001537,gokul.iyer.1537@gmail.com,"737 Main Road, Trichy"
1538,Nisha Iyer 1538,9610001538,nisha.iyer.1538@gmail.com,"738 Main Road, Pune"
1539,Harish Iyer 1539,9610001539,harish.iyer.1539@gmail.com,"739 Main Road, Mumbai"
1540,Deepa Iyer 1540,9610001540,deepa.iyer.1540@gmail.com,"740 Main Road, Kochi"
1541,Arun Nair 1541,9610001541,arun.nair.1541@gmail.com,"741 Main Road, Chennai"
1542,Priya Nair 1542,9610001542,priya.nair.1542@gmail.com,"742 Main Road, Coimbatore"
1543,Rahul Nair 1543,9610001543,rahul.nair.1543@gmail.com,"743 Main Road, Bangalore"
1544,Divya Nair 1544,9610001544,divya.nair.1544@gmail.com,"744 Main Road, Hyderabad"
1545,Karthik Nair 1545,9610001545,karthik.nair.1545@gmail.com,"745 Main Road, Madurai"
1546,Sneha Nair 1546,9610001546,sneha.nair.1546@gmail.com,"746 Main Road, Salem"
1547,Vijay Nair 1547,9610001547,vijay.nair.1547@gmail.com,"747 Main Road, Trichy"
1548,Anitha Nair 1548,9610001548,anitha.nair.1548@gmail.com,"748 Main Road, Pune"
1549,Suresh Nair 1549,9610001549,suresh.nair.1549@gmail.com,"749 Main Road, Mumbai"
1550,Meena Nair 1550,9610001550,meena.nair.1550@gmail.com,"750 Main Road, Kochi"
1551,Ajay Nair 1551,9610001551,ajay.nair.1551@gmail.com,"751 Main Road, Chennai"
1552,Kavya Nair 1552,9610001552,kavya.nair.1552@gmail.com,"752 Main Road, Coimbatore"
1553,Ravi Nair 1553,9610001553,ravi.nair.1553@gmail.com,"753 Main Road, Bangalore"
1554,Pooja Nair 1554,9610001554,pooja.nair.1554@gmail.com,"754 Main Road, Hyderabad"
1555,Manoj Nair 1555,9610001555,manoj.nair.1555@gmail.com,"755 Main Road, Madurai"
1556,Swathi Nair 1556,9610001556,swathi.nair.1556@gmail.com,"756 Main Road, Salem"
1557,Gokul Nair 1557,9610001557,gokul.nair.1557@gmail.com,"757 Main Road, Trichy"
1558,Nisha Nair 1558,9610001558,nisha.nair.1558@gmail.com,"758 Main Road, Pune"
1559,Harish Nair 1559,9610001559,harish.nair.1559@gmail.com,"759 Main Road, Mumbai"
1560,Deepa Nair 1560,9610001560,deepa.nair.1560@gmail.com,"760 Main Road, Kochi"
1561,Arun Patel 1561,9610001561,arun.patel.1561@gmail.com,"761 Main Road, Chennai"
1562,Priya Patel 1562,9610001562,priya.patel.1562@gmail.com,"762 Main Road, Coimbatore"
1563,Rahul Patel 1563,9610001563,rahul.patel.1563@gmail.com,"763 Main Road, Bangalore"
1564,Divya Patel 1564,9610001564,divya.patel.1564@gmail.com,"764 Main Road, Hyderabad"
1565,Karthik Patel 1565,9610001565,karthik.patel.1565@gmail.com,"765 Main Road, Madurai"
1566,Sneha Patel 1566,9610001566,sneha.patel.1566@gmail.com,"766 Main Road, Salem"
1567,Vijay Patel 1567,9610001567,vijay.patel.1567@gmail.com,"767 Main Road, Trichy"
1568,Anitha Patel 1568,9610001568,anitha.patel.1568@gmail.com,"768 Main Road, Pune"
1569,Suresh Patel 1569,9610001569,suresh.patel.1569@gmail.com,"769 Main Road, Mumbai"
1570,Meena Patel 1570,9610001570,meena.patel.1570@gmail.com,"770 Main Road, Kochi"
1571,Ajay Patel 1571,9610001571,ajay.patel.1571@gmail.com,"771 Main Road, Chennai"
1572,Kavya Patel 1572,9610001572,kavya.patel.1572@gmail.com,"772 Main Road, Coimbatore"
1573,Ravi Patel 1573,9610001573,ravi.patel.1573@gmail.com,"773 Main Road, Bangalore"
1574,Pooja Patel 1574,9610001574,pooja.patel.1574@gmail.com,"774 Main Road, Hyderabad"
1575,Manoj Patel 1575,9610001575,manoj.patel.1575@gmail.com,"775 Main Road, Madurai"
1576,Swathi Patel 1576,9610001576,swathi.patel.1576@gmail.com,"776 Main Road, Salem"
1577,Gokul Patel 1577,9610001577,gokul.patel.1577@gmail.com,"777 Main Road, Trichy"
1578,Nisha Patel 1578,9610001578,nisha.patel.1578@gmail.com,"778 Main Road, Pune"
1579,Harish Patel 1579,9610001579,harish.patel.1579@gmail.com,"779 Main Road, Mumbai"
1580,Deepa Patel 1580,9610001580,deepa.patel.1580@gmail.com,"780 Main Road, Kochi"
1581,Arun Singh 1581,9610001581,arun.singh.1581@gmail.com,"781 Main Road, Chennai"
1582,Priya Singh 1582,9610001582,priya.singh.1582@gmail.com,"782 Main Road, Coimbatore"
1583,Rahul Singh 1583,9610001583,rahul.singh.1583@gmail.com,"783 Main Road, Bangalore"
1584,Divya Singh 1584,9610001584,divya.singh.1584@gmail.com,"784 Main Road, Hyderabad"
1585,Karthik Singh 1585,9610001585,karthik.singh.1585@gmail.com,"785 Main Road, Madurai"
1586,Sneha Singh 1586,9610001586,sneha.singh.1586@gmail.com,"786 Main Road, Salem"
1587,Vijay Singh 1587,9610001587,vijay.singh.1587@gmail.com,"787 Main Road, Trichy"
1588,Anitha Singh 1588,9610001588,anitha.singh.1588@gmail.com,"788 Main Road, Pune"
1589,Suresh Singh 1589,9610001589,suresh.singh.1589@gmail.com,"789 Main Road, Mumbai"
1590,Meena Singh 1590,9610001590,meena.singh.1590@gmail.com,"790 Main Road, Kochi"
1591,Ajay Singh 1591,9610001591,ajay.singh.1591@gmail.com,"791 Main Road, Chennai"
1592,Kavya Singh 1592,9610001592,kavya.singh.1592@gmail.com,"792 Main Road, Coimbatore"
1593,Ravi Singh 1593,9610001593,ravi.singh.1593@gmail.com,"793 Main Road, Bangalore"
1594,Pooja Singh 1594,9610001594,pooja.singh.1594@gmail.com,"794 Main Road, Hyderabad"
1595,Manoj Singh 1595,9610001595,manoj.singh.1595@gmail.com,"795 Main Road, Madurai"
1596,Swathi Singh 1596,9610001596,swathi.singh.1596@gmail.com,"796 Main Road, Salem"
1597,Gokul Singh 1597,9610001597,gokul.singh.1597@gmail.com,"797 Main Road, Trichy"
1598,Nisha Singh 1598,9610001598,nisha.singh.1598@gmail.com,"798 Main Road, Pune"
1599,Harish Singh 1599,9610001599,harish.singh.1599@gmail.com,"799 Main Road, Mumbai"
1600,Deepa Singh 1600,9610001600,deepa.singh.1600@gmail.com,"800 Main Road, Kochi"
1601,Arun Kumar 1601,9610001601,arun.kumar.1601@gmail.com,"801 Main Road, Chennai"
1602,Priya Kumar 1602,9610001602,priya.kumar.1602@gmail.com,"802 Main Road, Coimbatore"
1603,Rahul Kumar 1603,9610001603,rahul.kumar.1603@gmail.com,"803 Main Road, Bangalore"
1604,Divya Kumar 1604,9610001604,divya.kumar.1604@gmail.com,"804 Main Road, Hyderabad"
1605,Karthik Kumar 1605,9610001605,karthik.kumar.1605@gmail.com,"805 Main Road, Madurai"
1606,Sneha Kumar 1606,9610001606,sneha.kumar.1606@gmail.com,"806 Main Road, Salem"
1607,Vijay Kumar 1607,9610001607,vijay.kumar.1607@gmail.com,"807 Main Road, Trichy"
1608,Anitha Kumar 1608,9610001608,anitha.kumar.1608@gmail.com,"808 Main Road, Pune"
1609,Suresh Kumar 1609,9610001609,suresh.kumar.1609@gmail.com,"809 Main Road, Mumbai"
1610,Meena Kumar 1610,9610001610,meena.kumar.1610@gmail.com,"810 Main Road, Kochi"
1611,Ajay Kumar 1611,9610001611,ajay.kumar.1611@gmail.com,"811 Main Road, Chennai"
1612,Kavya Kumar 1612,9610001612,kavya.kumar.1612@gmail.com,"812 Main Road, Coimbatore"
1613,Ravi Kumar 1613,9610001613,ravi.kumar.1613@gmail.com,"813 Main Road, Bangalore"
1614,Pooja Kumar 1614,9610001614,pooja.kumar.1614@gmail.com,"814 Main Road, Hyderabad"
1615,Manoj Kumar 1615,9610001615,manoj.kumar.1615@gmail.com,"815 Main Road, Madurai"
1616,Swathi Kumar 1616,9610001616,swathi.kumar.1616@gmail.com,"816 Main Road, Salem"
1617,Gokul Kumar 1617,9610001617,gokul.kumar.1617@gmail.com,"817 Main Road, Trichy"
1618,Nisha Kumar 1618,9610001618,nisha.kumar.1618@gmail.com,"818 Main Road, Pune"
1619,Harish Kumar 1619,9610001619,harish.kumar.1619@gmail.com,"819 Main Road, Mumbai"
1620,Deepa Kumar 1620,9610001620,deepa.kumar.1620@gmail.com,"820 Main Road, Kochi"
1621,Arun Sharma 1621,9610001621,arun.sharma.1621@gmail.com,"821 Main Road, Chennai"
1622,Priya Sharma 1622,9610001622,priya.sharma.1622@gmail.com,"822 Main Road, Coimbatore"
1623,Rahul Sharma 1623,9610001623,rahul.sharma.1623@gmail.com,"823 Main Road, Bangalore"
1624,Divya Sharma 1624,9610001624,divya.sharma.1624@gmail.com,"824 Main Road, Hyderabad"
1625,Karthik Sharma 1625,9610001625,karthik.sharma.1625@gmail.com,"825 Main Road, Madurai"
1626,Sneha Sharma 1626,9610001626,sneha.sharma.1626@gmail.com,"826 Main Road, Salem"
1627,Vijay Sharma 1627,9610001627,vijay.sharma.1627@gmail.com,"827 Main Road, Trichy"
1628,Anitha Sharma 1628,9610001628,anitha.sharma.1628@gmail.com,"828 Main Road, Pune"
1629,Suresh Sharma 1629,9610001629,suresh.sharma.1629@gmail.com,"829 Main Road, Mumbai"
1630,Meena Sharma 1630,9610001630,meena.sharma.1630@gmail.com,"830 Main Road, Kochi"
1631,Ajay Sharma 1631,9610001631,ajay.sharma.1631@gmail.com,"831 Main Road, Chennai"
1632,Kavya Sharma 1632,9610001632,kavya.sharma.1632@gmail.com,"832 Main Road, Coimbatore"
1633,Ravi Sharma 1633,9610001633,ravi.sharma.1633@gmail.com,"833 Main Road, Bangalore"
1634,Pooja Sharma 1634,9610001634,pooja.sharma.1634@gmail.com,"834 Main Road, Hyderabad"
1635,Manoj Sharma 1635,9610001635,manoj.sharma.1635@gmail.com,"835 Main Road, Madurai"
1636,Swathi Sharma 1636,9610001636,swathi.sharma.1636@gmail.com,"836 Main Road, Salem"
1637,Gokul Sharma 1637,9610001637,gokul.sharma.1637@gmail.com,"837 Main Road, Trichy"
1638,Nisha Sharma 1638,9610001638,nisha.sharma.1638@gmail.com,"838 Main Road, Pune"
1639,Harish Sharma 1639,9610001639,harish.sharma.1639@gmail.com,"839 Main Road, Mumbai"
1640,Deepa Sharma 1640,9610001640,deepa.sharma.1640@gmail.com,"840 Main Road, Kochi"
1641,Arun Raj 1641,9610001641,arun.raj.1641@gmail.com,"841 Main Road, Chennai"
1642,Priya Raj 1642,9610001642,priya.raj.1642@gmail.com,"842 Main Road, Coimbatore"
1643,Rahul Raj 1643,9610001643,rahul.raj.1643@gmail.com,"843 Main Road, Bangalore"
1644,Divya Raj 1644,9610001644,divya.raj.1644@gmail.com,"844 Main Road, Hyderabad"
1645,Karthik Raj 1645,9610001645,karthik.raj.1645@gmail.com,"845 Main Road, Madurai"
1646,Sneha Raj 1646,9610001646,sneha.raj.1646@gmail.com,"846 Main Road, Salem"
1647,Vijay Raj 1647,9610001647,vijay.raj.1647@gmail.com,"847 Main Road, Trichy"
1648,Anitha Raj 1648,9610001648,anitha.raj.1648@gmail.com,"848 Main Road, Pune"
1649,Suresh Raj 1649,9610001649,suresh.raj.1649@gmail.com,"849 Main Road, Mumbai"
1650,Meena Raj 1650,9610001650,meena.raj.1650@gmail.com,"850 Main Road, Kochi"
1651,Ajay Raj 1651,9610001651,ajay.raj.1651@gmail.com,"851 Main Road, Chennai"
1652,Kavya Raj 1652,9610001652,kavya.raj.1652@gmail.com,"852 Main Road, Coimbatore"
1653,Ravi Raj 1653,9610001653,ravi.raj.1653@gmail.com,"853 Main Road, Bangalore"
1654,Pooja Raj 1654,9610001654,pooja.raj.1654@gmail.com,"854 Main Road, Hyderabad"
1655,Manoj Raj 1655,9610001655,manoj.raj.1655@gmail.com,"855 Main Road, Madurai"
1656,Swathi Raj 1656,9610001656,swathi.raj.1656@gmail.com,"856 Main Road, Salem"
1657,Gokul Raj 1657,9610001657,gokul.raj.1657@gmail.com,"857 Main Road, Trichy"
1658,Nisha Raj 1658,9610001658,nisha.raj.1658@gmail.com,"858 Main Road, Pune"
1659,Harish Raj 1659,9610001659,harish.raj.1659@gmail.com,"859 Main Road, Mumbai"
1660,Deepa Raj 1660,9610001660,deepa.raj.1660@gmail.com,"860 Main Road, Kochi"
1661,Arun Devi 1661,9610001661,arun.devi.1661@gmail.com,"861 Main Road, Chennai"
1662,Priya Devi 1662,9610001662,priya.devi.1662@gmail.com,"862 Main Road, Coimbatore"
1663,Rahul Devi 1663,9610001663,rahul.devi.1663@gmail.com,"863 Main Road, Bangalore"
1664,Divya Devi 1664,9610001664,divya.devi.1664@gmail.com,"864 Main Road, Hyderabad"
1665,Karthik Devi 1665,9610001665,karthik.devi.1665@gmail.com,"865 Main Road, Madurai"
1666,Sneha Devi 1666,9610001666,sneha.devi.1666@gmail.com,"866 Main Road, Salem"
1667,Vijay Devi 1667,9610001667,vijay.devi.1667@gmail.com,"867 Main Road, Trichy"
1668,Anitha Devi 1668,9610001668,anitha.devi.1668@gmail.com,"868 Main Road, Pune"
1669,Suresh Devi 1669,9610001669,suresh.devi.1669@gmail.com,"869 Main Road, Mumbai"
1670,Meena Devi 1670,9610001670,meena.devi.1670@gmail.com,"870 Main Road, Kochi"
1671,Ajay Devi 1671,9610001671,ajay.devi.1671@gmail.com,"871 Main Road, Chennai"
1672,Kavya Devi 1672,9610001672,kavya.devi.1672@gmail.com,"872 Main Road, Coimbatore"
1673,Ravi Devi 1673,9610001673,ravi.devi.1673@gmail.com,"873 Main Road, Bangalore"
1674,Pooja Devi 1674,9610001674,pooja.devi.1674@gmail.com,"874 Main Road, Hyderabad"
1675,Manoj Devi 1675,9610001675,manoj.devi.1675@gmail.com,"875 Main Road, Madurai"
1676,Swathi Devi 1676,9610001676,swathi.devi.1676@gmail.com,"876 Main Road, Salem"
1677,Gokul Devi 1677,9610001677,gokul.devi.1677@gmail.com,"877 Main Road, Trichy"
1678,Nisha Devi 1678,9610001678,nisha.devi.1678@gmail.com,"878 Main Road, Pune"
1679,Harish Devi 1679,9610001679,harish.devi.1679@gmail.com,"879 Main Road, Mumbai"
1680,Deepa Devi 1680,9610001680,deepa.devi.1680@gmail.com,"880 Main Road, Kochi"
1681,Arun Krishnan 1681,9610001681,arun.krishnan.1681@gmail.com,"881 Main Road, Chennai"
1682,Priya Krishnan 1682,9610001682,priya.krishnan.1682@gmail.com,"882 Main Road, Coimbatore"
1683,Rahul Krishnan 1683,9610001683,rahul.krishnan.1683@gmail.com,"883 Main Road, Bangalore"
1684,Divya Krishnan 1684,9610001684,divya.krishnan.1684@gmail.com,"884 Main Road, Hyderabad"
1685,Karthik Krishnan 1685,9610001685,karthik.krishnan.1685@gmail.com,"885 Main Road, Madurai"
1686,Sneha Krishnan 1686,9610001686,sneha.krishnan.1686@gmail.com,"886 Main Road, Salem"
1687,Vijay Krishnan 1687,9610001687,vijay.krishnan.1687@gmail.com,"887 Main Road, Trichy"
1688,Anitha Krishnan 1688,9610001688,anitha.krishnan.1688@gmail.com,"888 Main Road, Pune"
1689,Suresh Krishnan 1689,9610001689,suresh.krishnan.1689@gmail.com,"889 Main Road, Mumbai"
1690,Meena Krishnan 1690,9610001690,meena.krishnan.1690@gmail.com,"890 Main Road, Kochi"
1691,Ajay Krishnan 1691,9610001691,ajay.krishnan.1691@gmail.com,"891 Main Road, Chennai"
1692,Kavya Krishnan 1692,9610001692,kavya.krishnan.1692@gmail.com,"892 Main Road, Coimbatore"
1693,Ravi Krishnan 1693,9610001693,ravi.krishnan.1693@gmail.com,"893 Main Road, Bangalore"
1694,Pooja Krishnan 1694,9610001694,pooja.krishnan.1694@gmail.com,"894 Main Road, Hyderabad"
1695,Manoj Krishnan 1695,9610001695,manoj.krishnan.1695@gmail.com,"895 Main Road, Madurai"
1696,Swathi Krishnan 1696,9610001696,swathi.krishnan.1696@gmail.com,"896 Main Road, Salem"
1697,Gokul Krishnan 1697,9610001697,gokul.krishnan.1697@gmail.com,"897 Main Road, Trichy"
1698,Nisha Krishnan 1698,9610001698,nisha.krishnan.1698@gmail.com,"898 Main Road, Pune"
1699,Harish Krishnan 1699,9610001699,harish.krishnan.1699@gmail.com,"899 Main Road, Mumbai"
1700,Deepa Krishnan 1700,9610001700,deepa.krishnan.1700@gmail.com,"900 Main Road, Kochi"
1701,Arun Reddy 1701,9610001701,arun.reddy.1701@gmail.com,"901 Main Road, Chennai"
1702,Priya Reddy 1702,9610001702,priya.reddy.1702@gmail.com,"902 Main Road, Coimbatore"
1703,Rahul Reddy 1703,9610001703,rahul.reddy.1703@gmail.com,"903 Main Road, Bangalore"
1704,Divya Reddy 1704,9610001704,divya.reddy.1704@gmail.com,"904 Main Road, Hyderabad"
1705,Karthik Reddy 1705,9610001705,karthik.reddy.1705@gmail.com,"905 Main Road, Madurai"
1706,Sneha Reddy 1706,9610001706,sneha.reddy.1706@gmail.com,"906 Main Road, Salem"
1707,Vijay Reddy 1707,9610001707,vijay.reddy.1707@gmail.com,"907 Main Road, Trichy"
1708,Anitha Reddy 1708,9610001708,anitha.reddy.1708@gmail.com,"908 Main Road, Pune"
1709,Suresh Reddy 1709,9610001709,suresh.reddy.1709@gmail.com,"909 Main Road, Mumbai"
1710,Meena Reddy 1710,9610001710,meena.reddy.1710@gmail.com,"910 Main Road, Kochi"
1711,Ajay Reddy 1711,9610001711,ajay.reddy.1711@gmail.com,"911 Main Road, Chennai"
1712,Kavya Reddy 1712,9610001712,kavya.reddy.1712@gmail.com,"912 Main Road, Coimbatore"
1713,Ravi Reddy 1713,9610001713,ravi.reddy.1713@gmail.com,"913 Main Road, Bangalore"
1714,Pooja Reddy 1714,9610001714,pooja.reddy.1714@gmail.com,"914 Main Road, Hyderabad"
1715,Manoj Reddy 1715,9610001715,manoj.reddy.1715@gmail.com,"915 Main Road, Madurai"
1716,Swathi Reddy 1716,9610001716,swathi.reddy.1716@gmail.com,"916 Main Road, Salem"
1717,Gokul Reddy 1717,9610001717,gokul.reddy.1717@gmail.com,"917 Main Road, Trichy"
1718,Nisha Reddy 1718,9610001718,nisha.reddy.1718@gmail.com,"918 Main Road, Pune"
1719,Harish Reddy 1719,9610001719,harish.reddy.1719@gmail.com,"919 Main Road, Mumbai"
1720,Deepa Reddy 1720,9610001720,deepa.reddy.1720@gmail.com,"920 Main Road, Kochi"
1721,Arun Iyer 1721,9610001721,arun.iyer.1721@gmail.com,"921 Main Road, Chennai"
1722,Priya Iyer 1722,9610001722,priya.iyer.1722@gmail.com,"922 Main Road, Coimbatore"
1723,Rahul Iyer 1723,9610001723,rahul.iyer.1723@gmail.com,"923 Main Road, Bangalore"
1724,Divya Iyer 1724,9610001724,divya.iyer.1724@gmail.com,"924 Main Road, Hyderabad"
1725,Karthik Iyer 1725,9610001725,karthik.iyer.1725@gmail.com,"925 Main Road, Madurai"
1726,Sneha Iyer 1726,9610001726,sneha.iyer.1726@gmail.com,"926 Main Road, Salem"
1727,Vijay Iyer 1727,9610001727,vijay.iyer.1727@gmail.com,"927 Main Road, Trichy"
1728,Anitha Iyer 1728,9610001728,anitha.iyer.1728@gmail.com,"928 Main Road, Pune"
1729,Suresh Iyer 1729,9610001729,suresh.iyer.1729@gmail.com,"929 Main Road, Mumbai"
1730,Meena Iyer 1730,9610001730,meena.iyer.1730@gmail.com,"930 Main Road, Kochi"
1731,Ajay Iyer 1731,9610001731,ajay.iyer.1731@gmail.com,"931 Main Road, Chennai"
1732,Kavya Iyer 1732,9610001732,kavya.iyer.1732@gmail.com,"932 Main Road, Coimbatore"
1733,Ravi Iyer 1733,9610001733,ravi.iyer.1733@gmail.com,"933 Main Road, Bangalore"
1734,Pooja Iyer 1734,9610001734,pooja.iyer.1734@gmail.com,"934 Main Road, Hyderabad"
1735,Manoj Iyer 1735,9610001735,manoj.iyer.1735@gmail.com,"935 Main Road, Madurai"
1736,Swathi Iyer 1736,9610001736,swathi.iyer.1736@gmail.com,"936 Main Road, Salem"
1737,Gokul Iyer 1737,9610001737,gokul.iyer.1737@gmail.com,"937 Main Road, Trichy"
1738,Nisha Iyer 1738,9610001738,nisha.iyer.1738@gmail.com,"938 Main Road, Pune"
1739,Harish Iyer 1739,9610001739,harish.iyer.1739@gmail.com,"939 Main Road, Mumbai"
1740,Deepa Iyer 1740,9610001740,deepa.iyer.1740@gmail.com,"940 Main Road, Kochi"
1741,Arun Nair 1741,9610001741,arun.nair.1741@gmail.com,"941 Main Road, Chennai"
1742,Priya Nair 1742,9610001742,priya.nair.1742@gmail.com,"942 Main Road, Coimbatore"
1743,Rahul Nair 1743,9610001743,rahul.nair.1743@gmail.com,"943 Main Road, Bangalore"
1744,Divya Nair 1744,9610001744,divya.nair.1744@gmail.com,"944 Main Road, Hyderabad"
1745,Karthik Nair 1745,9610001745,karthik.nair.1745@gmail.com,"945 Main Road, Madurai"
1746,Sneha Nair 1746,9610001746,sneha.nair.1746@gmail.com,"946 Main Road, Salem"
1747,Vijay Nair 1747,9610001747,vijay.nair.1747@gmail.com,"947 Main Road, Trichy"
1748,Anitha Nair 1748,9610001748,anitha.nair.1748@gmail.com,"948 Main Road, Pune"
1749,Suresh Nair 1749,9610001749,suresh.nair.1749@gmail.com,"949 Main Road, Mumbai"
1750,Meena Nair 1750,9610001750,meena.nair.1750@gmail.com,"950 Main Road, Kochi"
1751,Ajay Nair 1751,9610001751,ajay.nair.1751@gmail.com,"951 Main Road, Chennai"
1752,Kavya Nair 1752,9610001752,kavya.nair.1752@gmail.com,"952 Main Road, Coimbatore"
1753,Ravi Nair 1753,9610001753,ravi.nair.1753@gmail.com,"953 Main Road, Bangalore"
1754,Pooja Nair 1754,9610001754,pooja.nair.1754@gmail.com,"954 Main Road, Hyderabad"
1755,Manoj Nair 1755,9610001755,manoj.nair.1755@gmail.com,"955 Main Road, Madurai"
1756,Swathi Nair 1756,9610001756,swathi.nair.1756@gmail.com,"956 Main Road, Salem"
1757,Gokul Nair 1757,9610001757,gokul.nair.1757@gmail.com,"957 Main Road, Trichy"
1758,Nisha Nair 1758,9610001758,nisha.nair.1758@gmail.com,"958 Main Road, Pune"
1759,Harish Nair 1759,9610001759,harish.nair.1759@gmail.com,"959 Main Road, Mumbai"
1760,Deepa Nair 1760,9610001760,deepa.nair.1760@gmail.com,"960 Main Road, Kochi"
1761,Arun Patel 1761,9610001761,arun.patel.1761@gmail.com,"961 Main Road, Chennai"
1762,Priya Patel 1762,9610001762,priya.patel.1762@gmail.com,"962 Main Road, Coimbatore"
1763,Rahul Patel 1763,9610001763,rahul.patel.1763@gmail.com,"963 Main Road, Bangalore"
1764,Divya Patel 1764,9610001764,divya.patel.1764@gmail.com,"964 Main Road, Hyderabad"
1765,Karthik Patel 1765,9610001765,karthik.patel.1765@gmail.com,"965 Main Road, Madurai"
1766,Sneha Patel 1766,9610001766,sneha.patel.1766@gmail.com,"966 Main Road, Salem"
1767,Vijay Patel 1767,9610001767,vijay.patel.1767@gmail.com,"967 Main Road, Trichy"
1768,Anitha Patel 1768,9610001768,anitha.patel.1768@gmail.com,"968 Main Road, Pune"
1769,Suresh Patel 1769,9610001769,suresh.patel.1769@gmail.com,"969 Main Road, Mumbai"
1770,Meena Patel 1770,9610001770,meena.patel.1770@gmail.com,"970 Main Road, Kochi"
1771,Ajay Patel 1771,9610001771,ajay.patel.1771@gmail.com,"971 Main Road, Chennai"
1772,Kavya Patel 1772,9610001772,kavya.patel.1772@gmail.com,"972 Main Road, Coimbatore"
1773,Ravi Patel 1773,9610001773,ravi.patel.1773@gmail.com,"973 Main Road, Bangalore"
1774,Pooja Patel 1774,9610001774,pooja.patel.1774@gmail.com,"974 Main Road, Hyderabad"
1775,Manoj Patel 1775,9610001775,manoj.patel.1775@gmail.com,"975 Main Road, Madurai"
1776,Swathi Patel 1776,9610001776,swathi.patel.1776@gmail.com,"976 Main Road, Salem"
1777,Gokul Patel 1777,9610001777,gokul.patel.1777@gmail.com,"977 Main Road, Trichy"
1778,Nisha Patel 1778,9610001778,nisha.patel.1778@gmail.com,"978 Main Road, Pune"
1779,Harish Patel 1779,9610001779,harish.patel.1779@gmail.com,"979 Main Road, Mumbai"
1780,Deepa Patel 1780,9610001780,deepa.patel.1780@gmail.com,"980 Main Road, Kochi"
1781,Arun Singh 1781,9610001781,arun.singh.1781@gmail.com,"981 Main Road, Chennai"
1782,Priya Singh 1782,9610001782,priya.singh.1782@gmail.com,"982 Main Road, Coimbatore"
1783,Rahul Singh 1783,9610001783,rahul.singh.1783@gmail.com,"983 Main Road, Bangalore"
1784,Divya Singh 1784,9610001784,divya.singh.1784@gmail.com,"984 Main Road, Hyderabad"
1785,Karthik Singh 1785,9610001785,karthik.singh.1785@gmail.com,"985 Main Road, Madurai"
1786,Sneha Singh 1786,9610001786,sneha.singh.1786@gmail.com,"986 Main Road, Salem"
1787,Vijay Singh 1787,9610001787,vijay.singh.1787@gmail.com,"987 Main Road, Trichy"
1788,Anitha Singh 1788,9610001788,anitha.singh.1788@gmail.com,"988 Main Road, Pune"
1789,Suresh Singh 1789,9610001789,suresh.singh.1789@gmail.com,"989 Main Road, Mumbai"
1790,Meena Singh 1790,9610001790,meena.singh.1790@gmail.com,"990 Main Road, Kochi"
1791,Ajay Singh 1791,9610001791,ajay.singh.1791@gmail.com,"991 Main Road, Chennai"
1792,Kavya Singh 1792,9610001792,kavya.singh.1792@gmail.com,"992 Main Road, Coimbatore"
1793,Ravi Singh 1793,9610001793,ravi.singh.1793@gmail.com,"993 Main Road, Bangalore"
1794,Pooja Singh 1794,9610001794,pooja.singh.1794@gmail.com,"994 Main Road, Hyderabad"
1795,Manoj Singh 1795,9610001795,manoj.singh.1795@gmail.com,"995 Main Road, Madurai"
1796,Swathi Singh 1796,9610001796,swathi.singh.1796@gmail.com,"996 Main Road, Salem"
1797,Gokul Singh 1797,9610001797,gokul.singh.1797@gmail.com,"997 Main Road, Trichy"
1798,Nisha Singh 1798,9610001798,nisha.singh.1798@gmail.com,"998 Main Road, Pune"
1799,Harish Singh 1799,9610001799,harish.singh.1799@gmail.com,"999 Main Road, Mumbai"
1800,Deepa Singh 1800,9610001800,deepa.singh.1800@gmail.com,"100 Main Road, Kochi"
1801,Arun Kumar 1801,9610001801,arun.kumar.1801@gmail.com,"101 Main Road, Chennai"
1802,Priya Kumar 1802,9610001802,priya.kumar.1802@gmail.com,"102 Main Road, Coimbatore"
1803,Rahul Kumar 1803,9610001803,rahul.kumar.1803@gmail.com,"103 Main Road, Bangalore"
1804,Divya Kumar 1804,9610001804,divya.kumar.1804@gmail.com,"104 Main Road, Hyderabad"
1805,Karthik Kumar 1805,9610001805,karthik.kumar.1805@gmail.com,"105 Main Road, Madurai"
1806,Sneha Kumar 1806,9610001806,sneha.kumar.1806@gmail.com,"106 Main Road, Salem"
1807,Vijay Kumar 1807,9610001807,vijay.kumar.1807@gmail.com,"107 Main Road, Trichy"
1808,Anitha Kumar 1808,9610001808,anitha.kumar.1808@gmail.com,"108 Main Road, Pune"
1809,Suresh Kumar 1809,9610001809,suresh.kumar.1809@gmail.com,"109 Main Road, Mumbai"
1810,Meena Kumar 1810,9610001810,meena.kumar.1810@gmail.com,"110 Main Road, Kochi"
1811,Ajay Kumar 1811,9610001811,ajay.kumar.1811@gmail.com,"111 Main Road, Chennai"
1812,Kavya Kumar 1812,9610001812,kavya.kumar.1812@gmail.com,"112 Main Road, Coimbatore"
1813,Ravi Kumar 1813,9610001813,ravi.kumar.1813@gmail.com,"113 Main Road, Bangalore"
1814,Pooja Kumar 1814,9610001814,pooja.kumar.1814@gmail.com,"114 Main Road, Hyderabad"
1815,Manoj Kumar 1815,9610001815,manoj.kumar.1815@gmail.com,"115 Main Road, Madurai"
1816,Swathi Kumar 1816,9610001816,swathi.kumar.1816@gmail.com,"116 Main Road, Salem"
1817,Gokul Kumar 1817,9610001817,gokul.kumar.1817@gmail.com,"117 Main Road, Trichy"
1818,Nisha Kumar 1818,9610001818,nisha.kumar.1818@gmail.com,"118 Main Road, Pune"
1819,Harish Kumar 1819,9610001819,harish.kumar.1819@gmail.com,"119 Main Road, Mumbai"
1820,Deepa Kumar 1820,9610001820,deepa.kumar.1820@gmail.com,"120 Main Road, Kochi"
1821,Arun Sharma 1821,9610001821,arun.sharma.1821@gmail.com,"121 Main Road, Chennai"
1822,Priya Sharma 1822,9610001822,priya.sharma.1822@gmail.com,"122 Main Road, Coimbatore"
1823,Rahul Sharma 1823,9610001823,rahul.sharma.1823@gmail.com,"123 Main Road, Bangalore"
1824,Divya Sharma 1824,9610001824,divya.sharma.1824@gmail.com,"124 Main Road, Hyderabad"
1825,Karthik Sharma 1825,9610001825,karthik.sharma.1825@gmail.com,"125 Main Road, Madurai"
1826,Sneha Sharma 1826,9610001826,sneha.sharma.1826@gmail.com,"126 Main Road, Salem"
1827,Vijay Sharma 1827,9610001827,vijay.sharma.1827@gmail.com,"127 Main Road, Trichy"
1828,Anitha Sharma 1828,9610001828,anitha.sharma.1828@gmail.com,"128 Main Road, Pune"
1829,Suresh Sharma 1829,9610001829,suresh.sharma.1829@gmail.com,"129 Main Road, Mumbai"
1830,Meena Sharma 1830,9610001830,meena.sharma.1830@gmail.com,"130 Main Road, Kochi"
1831,Ajay Sharma 1831,9610001831,ajay.sharma.1831@gmail.com,"131 Main Road, Chennai"
1832,Kavya Sharma 1832,9610001832,kavya.sharma.1832@gmail.com,"132 Main Road, Coimbatore"
1833,Ravi Sharma 1833,9610001833,ravi.sharma.1833@gmail.com,"133 Main Road, Bangalore"
1834,Pooja Sharma 1834,9610001834,pooja.sharma.1834@gmail.com,"134 Main Road, Hyderabad"
1835,Manoj Sharma 1835,9610001835,manoj.sharma.1835@gmail.com,"135 Main Road, Madurai"
1836,Swathi Sharma 1836,9610001836,swathi.sharma.1836@gmail.com,"136 Main Road, Salem"
1837,Gokul Sharma 1837,9610001837,gokul.sharma.1837@gmail.com,"137 Main Road, Trichy"
1838,Nisha Sharma 1838,9610001838,nisha.sharma.1838@gmail.com,"138 Main Road, Pune"
1839,Harish Sharma 1839,9610001839,harish.sharma.1839@gmail.com,"139 Main Road, Mumbai"
1840,Deepa Sharma 1840,9610001840,deepa.sharma.1840@gmail.com,"140 Main Road, Kochi"
1841,Arun Raj 1841,9610001841,arun.raj.1841@gmail.com,"141 Main Road, Chennai"
1842,Priya Raj 1842,9610001842,priya.raj.1842@gmail.com,"142 Main Road, Coimbatore"
1843,Rahul Raj 1843,9610001843,rahul.raj.1843@gmail.com,"143 Main Road, Bangalore"
1844,Divya Raj 1844,9610001844,divya.raj.1844@gmail.com,"144 Main Road, Hyderabad"
1845,Karthik Raj 1845,9610001845,karthik.raj.1845@gmail.com,"145 Main Road, Madurai"
1846,Sneha Raj 1846,9610001846,sneha.raj.1846@gmail.com,"146 Main Road, Salem"
1847,Vijay Raj 1847,9610001847,vijay.raj.1847@gmail.com,"147 Main Road, Trichy"
1848,Anitha Raj 1848,9610001848,anitha.raj.1848@gmail.com,"148 Main Road, Pune"
1849,Suresh Raj 1849,9610001849,suresh.raj.1849@gmail.com,"149 Main Road, Mumbai"
1850,Meena Raj 1850,9610001850,meena.raj.1850@gmail.com,"150 Main Road, Kochi"
1851,Ajay Raj 1851,9610001851,ajay.raj.1851@gmail.com,"151 Main Road, Chennai"
1852,Kavya Raj 1852,9610001852,kavya.raj.1852@gmail.com,"152 Main Road, Coimbatore"
1853,Ravi Raj 1853,9610001853,ravi.raj.1853@gmail.com,"153 Main Road, Bangalore"
1854,Pooja Raj 1854,9610001854,pooja.raj.1854@gmail.com,"154 Main Road, Hyderabad"
1855,Manoj Raj 1855,9610001855,manoj.raj.1855@gmail.com,"155 Main Road, Madurai"
1856,Swathi Raj 1856,9610001856,swathi.raj.1856@gmail.com,"156 Main Road, Salem"
1857,Gokul Raj 1857,9610001857,gokul.raj.1857@gmail.com,"157 Main Road, Trichy"
1858,Nisha Raj 1858,9610001858,nisha.raj.1858@gmail.com,"158 Main Road, Pune"
1859,Harish Raj 1859,9610001859,harish.raj.1859@gmail.com,"159 Main Road, Mumbai"
1860,Deepa Raj 1860,9610001860,deepa.raj.1860@gmail.com,"160 Main Road, Kochi"
1861,Arun Devi 1861,9610001861,arun.devi.1861@gmail.com,"161 Main Road, Chennai"
1862,Priya Devi 1862,9610001862,priya.devi.1862@gmail.com,"162 Main Road, Coimbatore"
1863,Rahul Devi 1863,9610001863,rahul.devi.1863@gmail.com,"163 Main Road, Bangalore"
1864,Divya Devi 1864,9610001864,divya.devi.1864@gmail.com,"164 Main Road, Hyderabad"
1865,Karthik Devi 1865,9610001865,karthik.devi.1865@gmail.com,"165 Main Road, Madurai"
1866,Sneha Devi 1866,9610001866,sneha.devi.1866@gmail.com,"166 Main Road, Salem"
1867,Vijay Devi 1867,9610001867,vijay.devi.1867@gmail.com,"167 Main Road, Trichy"
1868,Anitha Devi 1868,9610001868,anitha.devi.1868@gmail.com,"168 Main Road, Pune"
1869,Suresh Devi 1869,9610001869,suresh.devi.1869@gmail.com,"169 Main Road, Mumbai"
1870,Meena Devi 1870,9610001870,meena.devi.1870@gmail.com,"170 Main Road, Kochi"
1871,Ajay Devi 1871,9610001871,ajay.devi.1871@gmail.com,"171 Main Road, Chennai"
1872,Kavya Devi 1872,9610001872,kavya.devi.1872@gmail.com,"172 Main Road, Coimbatore"
1873,Ravi Devi 1873,9610001873,ravi.devi.1873@gmail.com,"173 Main Road, Bangalore"
1874,Pooja Devi 1874,9610001874,pooja.devi.1874@gmail.com,"174 Main Road, Hyderabad"
1875,Manoj Devi 1875,9610001875,manoj.devi.1875@gmail.com,"175 Main Road, Madurai"
1876,Swathi Devi 1876,9610001876,swathi.devi.1876@gmail.com,"176 Main Road, Salem"
1877,Gokul Devi 1877,9610001877,gokul.devi.1877@gmail.com,"177 Main Road, Trichy"
1878,Nisha Devi 1878,9610001878,nisha.devi.1878@gmail.com,"178 Main Road, Pune"
1879,Harish Devi 1879,9610001879,harish.devi.1879@gmail.com,"179 Main Road, Mumbai"
1880,Deepa Devi 1880,9610001880,deepa.devi.1880@gmail.com,"180 Main Road, Kochi"
1881,Arun Krishnan 1881,9610001881,arun.krishnan.1881@gmail.com,"181 Main Road, Chennai"
1882,Priya Krishnan 1882,9610001882,priya.krishnan.1882@gmail.com,"182 Main Road, Coimbatore"
1883,Rahul Krishnan 1883,9610001883,rahul.krishnan.1883@gmail.com,"183 Main Road, Bangalore"
1884,Divya Krishnan 1884,9610001884,divya.krishnan.1884@gmail.com,"184 Main Road, Hyderabad"
1885,Karthik Krishnan 1885,9610001885,karthik.krishnan.1885@gmail.com,"185 Main Road, Madurai"
1886,Sneha Krishnan 1886,9610001886,sneha.krishnan.1886@gmail.com,"186 Main Road, Salem"
1887,Vijay Krishnan 1887,9610001887,vijay.krishnan.1887@gmail.com,"187 Main Road, Trichy"
1888,Anitha Krishnan 1888,9610001888,anitha.krishnan.1888@gmail.com,"188 Main Road, Pune"
1889,Suresh Krishnan 1889,9610001889,suresh.krishnan.1889@gmail.com,"189 Main Road, Mumbai"
1890,Meena Krishnan 1890,9610001890,meena.krishnan.1890@gmail.com,"190 Main Road, Kochi"
1891,Ajay Krishnan 1891,9610001891,ajay.krishnan.1891@gmail.com,"191 Main Road, Chennai"
1892,Kavya Krishnan 1892,9610001892,kavya.krishnan.1892@gmail.com,"192 Main Road, Coimbatore"
1893,Ravi Krishnan 1893,9610001893,ravi.krishnan.1893@gmail.com,"193 Main Road, Bangalore"
1894,Pooja Krishnan 1894,9610001894,pooja.krishnan.1894@gmail.com,"194 Main Road, Hyderabad"
1895,Manoj Krishnan 1895,9610001895,manoj.krishnan.1895@gmail.com,"195 Main Road, Madurai"
1896,Swathi Krishnan 1896,9610001896,swathi.krishnan.1896@gmail.com,"196 Main Road, Salem"
1897,Gokul Krishnan 1897,9610001897,gokul.krishnan.1897@gmail.com,"197 Main Road, Trichy"
1898,Nisha Krishnan 1898,9610001898,nisha.krishnan.1898@gmail.com,"198 Main Road, Pune"
1899,Harish Krishnan 1899,9610001899,harish.krishnan.1899@gmail.com,"199 Main Road, Mumbai"
1900,Deepa Krishnan 1900,9610001900,deepa.krishnan.1900@gmail.com,"200 Main Road, Kochi"
1901,Arun Reddy 1901,9610001901,arun.reddy.1901@gmail.com,"201 Main Road, Chennai"
1902,Priya Reddy 1902,9610001902,priya.reddy.1902@gmail.com,"202 Main Road, Coimbatore"
1903,Rahul Reddy 1903,9610001903,rahul.reddy.1903@gmail.com,"203 Main Road, Bangalore"
1904,Divya Reddy 1904,9610001904,divya.reddy.1904@gmail.com,"204 Main Road, Hyderabad"
1905,Karthik Reddy 1905,9610001905,karthik.reddy.1905@gmail.com,"205 Main Road, Madurai"
1906,Sneha Reddy 1906,9610001906,sneha.reddy.1906@gmail.com,"206 Main Road, Salem"
1907,Vijay Reddy 1907,9610001907,vijay.reddy.1907@gmail.com,"207 Main Road, Trichy"
1908,Anitha Reddy 1908,9610001908,anitha.reddy.1908@gmail.com,"208 Main Road, Pune"
1909,Suresh Reddy 1909,9610001909,suresh.reddy.1909@gmail.com,"209 Main Road, Mumbai"
1910,Meena Reddy 1910,9610001910,meena.reddy.1910@gmail.com,"210 Main Road, Kochi"
1911,Ajay Reddy 1911,9610001911,ajay.reddy.1911@gmail.com,"211 Main Road, Chennai"
1912,Kavya Reddy 1912,9610001912,kavya.reddy.1912@gmail.com,"212 Main Road, Coimbatore"
1913,Ravi Reddy 1913,9610001913,ravi.reddy.1913@gmail.com,"213 Main Road, Bangalore"
1914,Pooja Reddy 1914,9610001914,pooja.reddy.1914@gmail.com,"214 Main Road, Hyderabad"
1915,Manoj Reddy 1915,9610001915,manoj.reddy.1915@gmail.com,"215 Main Road, Madurai"
1916,Swathi Reddy 1916,9610001916,swathi.reddy.1916@gmail.com,"216 Main Road, Salem"
1917,Gokul Reddy 1917,9610001917,gokul.reddy.1917@gmail.com,"217 Main Road, Trichy"
1918,Nisha Reddy 1918,9610001918,nisha.reddy.1918@gmail.com,"218 Main Road, Pune"
1919,Harish Reddy 1919,9610001919,harish.reddy.1919@gmail.com,"219 Main Road, Mumbai"
1920,Deepa Reddy 1920,9610001920,deepa.reddy.1920@gmail.com,"220 Main Road, Kochi"
1921,Arun Iyer 1921,9610001921,arun.iyer.1921@gmail.com,"221 Main Road, Chennai"
1922,Priya Iyer 1922,9610001922,priya.iyer.1922@gmail.com,"222 Main Road, Coimbatore"
1923,Rahul Iyer 1923,9610001923,rahul.iyer.1923@gmail.com,"223 Main Road, Bangalore"
1924,Divya Iyer 1924,9610001924,divya.iyer.1924@gmail.com,"224 Main Road, Hyderabad"
1925,Karthik Iyer 1925,9610001925,karthik.iyer.1925@gmail.com,"225 Main Road, Madurai"
1926,Sneha Iyer 1926,9610001926,sneha.iyer.1926@gmail.com,"226 Main Road, Salem"
1927,Vijay Iyer 1927,9610001927,vijay.iyer.1927@gmail.com,"227 Main Road, Trichy"
1928,Anitha Iyer 1928,9610001928,anitha.iyer.1928@gmail.com,"228 Main Road, Pune"
1929,Suresh Iyer 1929,9610001929,suresh.iyer.1929@gmail.com,"229 Main Road, Mumbai"
1930,Meena Iyer 1930,9610001930,meena.iyer.1930@gmail.com,"230 Main Road, Kochi"
1931,Ajay Iyer 1931,9610001931,ajay.iyer.1931@gmail.com,"231 Main Road, Chennai"
1932,Kavya Iyer 1932,9610001932,kavya.iyer.1932@gmail.com,"232 Main Road, Coimbatore"
1933,Ravi Iyer 1933,9610001933,ravi.iyer.1933@gmail.com,"233 Main Road, Bangalore"
1934,Pooja Iyer 1934,9610001934,pooja.iyer.1934@gmail.com,"234 Main Road, Hyderabad"
1935,Manoj Iyer 1935,9610001935,manoj.iyer.1935@gmail.com,"235 Main Road, Madurai"
1936,Swathi Iyer 1936,9610001936,swathi.iyer.1936@gmail.com,"236 Main Road, Salem"
1937,Gokul Iyer 1937,9610001937,gokul.iyer.1937@gmail.com,"237 Main Road, Trichy"
1938,Nisha Iyer 1938,9610001938,nisha.iyer.1938@gmail.com,"238 Main Road, Pune"
1939,Harish Iyer 1939,9610001939,harish.iyer.1939@gmail.com,"239 Main Road, Mumbai"
1940,Deepa Iyer 1940,9610001940,deepa.iyer.1940@gmail.com,"240 Main Road, Kochi"
1941,Arun Nair 1941,9610001941,arun.nair.1941@gmail.com,"241 Main Road, Chennai"
1942,Priya Nair 1942,9610001942,priya.nair.1942@gmail.com,"242 Main Road, Coimbatore"
1943,Rahul Nair 1943,9610001943,rahul.nair.1943@gmail.com,"243 Main Road, Bangalore"
1944,Divya Nair 1944,9610001944,divya.nair.1944@gmail.com,"244 Main Road, Hyderabad"
1945,Karthik Nair 1945,9610001945,karthik.nair.1945@gmail.com,"245 Main Road, Madurai"
1946,Sneha Nair 1946,9610001946,sneha.nair.1946@gmail.com,"246 Main Road, Salem"
1947,Vijay Nair 1947,9610001947,vijay.nair.1947@gmail.com,"247 Main Road, Trichy"
1948,Anitha Nair 1948,9610001948,anitha.nair.1948@gmail.com,"248 Main Road, Pune"
1949,Suresh Nair 1949,9610001949,suresh.nair.1949@gmail.com,"249 Main Road, Mumbai"
1950,Meena Nair 1950,9610001950,meena.nair.1950@gmail.com,"250 Main Road, Kochi"
1951,Ajay Nair 1951,9610001951,ajay.nair.1951@gmail.com,"251 Main Road, Chennai"
1952,Kavya Nair 1952,9610001952,kavya.nair.1952@gmail.com,"252 Main Road, Coimbatore"
1953,Ravi Nair 1953,9610001953,ravi.nair.1953@gmail.com,"253 Main Road, Bangalore"
1954,Pooja Nair 1954,9610001954,pooja.nair.1954@gmail.com,"254 Main Road, Hyderabad"
1955,Manoj Nair 1955,9610001955,manoj.nair.1955@gmail.com,"255 Main Road, Madurai"
1956,Swathi Nair 1956,9610001956,swathi.nair.1956@gmail.com,"256 Main Road, Salem"
1957,Gokul Nair 1957,9610001957,gokul.nair.1957@gmail.com,"257 Main Road, Trichy"
1958,Nisha Nair 1958,9610001958,nisha.nair.1958@gmail.com,"258 Main Road, Pune"
1959,Harish Nair 1959,9610001959,harish.nair.1959@gmail.com,"259 Main Road, Mumbai"
1960,Deepa Nair 1960,9610001960,deepa.nair.1960@gmail.com,"260 Main Road, Kochi"
1961,Arun Patel 1961,9610001961,arun.patel.1961@gmail.com,"261 Main Road, Chennai"
1962,Priya Patel 1962,9610001962,priya.patel.1962@gmail.com,"262 Main Road, Coimbatore"
1963,Rahul Patel 1963,9610001963,rahul.patel.1963@gmail.com,"263 Main Road, Bangalore"
1964,Divya Patel 1964,9610001964,divya.patel.1964@gmail.com,"264 Main Road, Hyderabad"
1965,Karthik Patel 1965,9610001965,karthik.patel.1965@gmail.com,"265 Main Road, Madurai"
1966,Sneha Patel 1966,9610001966,sneha.patel.1966@gmail.com,"266 Main Road, Salem"
1967,Vijay Patel 1967,9610001967,vijay.patel.1967@gmail.com,"267 Main Road, Trichy"
1968,Anitha Patel 1968,9610001968,anitha.patel.1968@gmail.com,"268 Main Road, Pune"
1969,Suresh Patel 1969,9610001969,suresh.patel.1969@gmail.com,"269 Main Road, Mumbai"
1970,Meena Patel 1970,9610001970,meena.patel.1970@gmail.com,"270 Main Road, Kochi"
1971,Ajay Patel 1971,9610001971,ajay.patel.1971@gmail.com,"271 Main Road, Chennai"
1972,Kavya Patel 1972,9610001972,kavya.patel.1972@gmail.com,"272 Main Road, Coimbatore"
1973,Ravi Patel 1973,9610001973,ravi.patel.1973@gmail.com,"273 Main Road, Bangalore"
1974,Pooja Patel 1974,9610001974,pooja.patel.1974@gmail.com,"274 Main Road, Hyderabad"
1975,Manoj Patel 1975,9610001975,manoj.patel.1975@gmail.com,"275 Main Road, Madurai"
1976,Swathi Patel 1976,9610001976,swathi.patel.1976@gmail.com,"276 Main Road, Salem"
1977,Gokul Patel 1977,9610001977,gokul.patel.1977@gmail.com,"277 Main Road, Trichy"
1978,Nisha Patel 1978,9610001978,nisha.patel.1978@gmail.com,"278 Main Road, Pune"
1979,Harish Patel 1979,9610001979,harish.patel.1979@gmail.com,"279 Main Road, Mumbai"
1980,Deepa Patel 1980,9610001980,deepa.patel.1980@gmail.com,"280 Main Road, Kochi"
1981,Arun Singh 1981,9610001981,arun.singh.1981@gmail.com,"281 Main Road, Chennai"
1982,Priya Singh 1982,9610001982,priya.singh.1982@gmail.com,"282 Main Road, Coimbatore"
1983,Rahul Singh 1983,9610001983,rahul.singh.1983@gmail.com,"283 Main Road, Bangalore"
1984,Divya Singh 1984,9610001984,divya.singh.1984@gmail.com,"284 Main Road, Hyderabad"
1985,Karthik Singh 1985,9610001985,karthik.singh.1985@gmail.com,"285 Main Road, Madurai"
1986,Sneha Singh 1986,9610001986,sneha.singh.1986@gmail.com,"286 Main Road, Salem"
1987,Vijay Singh 1987,9610001987,vijay.singh.1987@gmail.com,"287 Main Road, Trichy"
1988,Anitha Singh 1988,9610001988,anitha.singh.1988@gmail.com,"288 Main Road, Pune"
1989,Suresh Singh 1989,9610001989,suresh.singh.1989@gmail.com,"289 Main Road, Mumbai"
1990,Meena Singh 1990,9610001990,meena.singh.1990@gmail.com,"290 Main Road, Kochi"
1991,Ajay Singh 1991,9610001991,ajay.singh.1991@gmail.com,"291 Main Road, Chennai"
1992,Kavya Singh 1992,9610001992,kavya.singh.1992@gmail.com,"292 Main Road, Coimbatore"
1993,Ravi Singh 1993,9610001993,ravi.singh.1993@gmail.com,"293 Main Road, Bangalore"
1994,Pooja Singh 1994,9610001994,pooja.singh.1994@gmail.com,"294 Main Road, Hyderabad"
1995,Manoj Singh 1995,9610001995,manoj.singh.1995@gmail.com,"295 Main Road, Madurai"
1996,Swathi Singh 1996,9610001996,swathi.singh.1996@gmail.com,"296 Main Road, Salem"
1997,Gokul Singh 1997,9610001997,gokul.singh.1997@gmail.com,"297 Main Road, Trichy"
1998,Nisha Singh 1998,9610001998,nisha.singh.1998@gmail.com,"298 Main Road, Pune"
1999,Harish Singh 1999,9610001999,harish.singh.1999@gmail.com,"299 Main Road, Mumbai"
2000,Deepa Singh 2000,9610002000,deepa.singh.2000@gmail.com,"300 Main Road, Kochi"
2001,Arun Kumar 2001,9610002001,arun.kumar.2001@gmail.com,"301 Main Road, Chennai"
2002,Priya Kumar 2002,9610002002,priya.kumar.2002@gmail.com,"302 Main Road, Coimbatore"
2003,Rahul Kumar 2003,9610002003,rahul.kumar.2003@gmail.com,"303 Main Road, Bangalore"
2004,Divya Kumar 2004,9610002004,divya.kumar.2004@gmail.com,"304 Main Road, Hyderabad"
2005,Karthik Kumar 2005,9610002005,karthik.kumar.2005@gmail.com,"305 Main Road, Madurai"
2006,Sneha Kumar 2006,9610002006,sneha.kumar.2006@gmail.com,"306 Main Road, Salem"
2007,Vijay Kumar 2007,9610002007,vijay.kumar.2007@gmail.com,"307 Main Road, Trichy"
2008,Anitha Kumar 2008,9610002008,anitha.kumar.2008@gmail.com,"308 Main Road, Pune"
2009,Suresh Kumar 2009,9610002009,suresh.kumar.2009@gmail.com,"309 Main Road, Mumbai"
2010,Meena Kumar 2010,9610002010,meena.kumar.2010@gmail.com,"310 Main Road, Kochi"
2011,Ajay Kumar 2011,9610002011,ajay.kumar.2011@gmail.com,"311 Main Road, Chennai"
2012,Kavya Kumar 2012,9610002012,kavya.kumar.2012@gmail.com,"312 Main Road, Coimbatore"
2013,Ravi Kumar 2013,9610002013,ravi.kumar.2013@gmail.com,"313 Main Road, Bangalore"
2014,Pooja Kumar 2014,9610002014,pooja.kumar.2014@gmail.com,"314 Main Road, Hyderabad"
2015,Manoj Kumar 2015,9610002015,manoj.kumar.2015@gmail.com,"315 Main Road, Madurai"
2016,Swathi Kumar 2016,9610002016,swathi.kumar.2016@gmail.com,"316 Main Road, Salem"
2017,Gokul Kumar 2017,9610002017,gokul.kumar.2017@gmail.com,"317 Main Road, Trichy"
2018,Nisha Kumar 2018,9610002018,nisha.kumar.2018@gmail.com,"318 Main Road, Pune"
2019,Harish Kumar 2019,9610002019,harish.kumar.2019@gmail.com,"319 Main Road, Mumbai"
2020,Deepa Kumar 2020,9610002020,deepa.kumar.2020@gmail.com,"320 Main Road, Kochi"
2021,Arun Sharma 2021,9610002021,arun.sharma.2021@gmail.com,"321 Main Road, Chennai"
2022,Priya Sharma 2022,9610002022,priya.sharma.2022@gmail.com,"322 Main Road, Coimbatore"
2023,Rahul Sharma 2023,9610002023,rahul.sharma.2023@gmail.com,"323 Main Road, Bangalore"
2024,Divya Sharma 2024,9610002024,divya.sharma.2024@gmail.com,"324 Main Road, Hyderabad"
2025,Karthik Sharma 2025,9610002025,karthik.sharma.2025@gmail.com,"325 Main Road, Madurai"
2026,Sneha Sharma 2026,9610002026,sneha.sharma.2026@gmail.com,"326 Main Road, Salem"
2027,Vijay Sharma 2027,9610002027,vijay.sharma.2027@gmail.com,"327 Main Road, Trichy"
2028,Anitha Sharma 2028,9610002028,anitha.sharma.2028@gmail.com,"328 Main Road, Pune"
2029,Suresh Sharma 2029,9610002029,suresh.sharma.2029@gmail.com,"329 Main Road, Mumbai"
2030,Meena Sharma 2030,9610002030,meena.sharma.2030@gmail.com,"330 Main Road, Kochi"
2031,Ajay Sharma 2031,9610002031,ajay.sharma.2031@gmail.com,"331 Main Road, Chennai"
2032,Kavya Sharma 2032,9610002032,kavya.sharma.2032@gmail.com,"332 Main Road, Coimbatore"
2033,Ravi Sharma 2033,9610002033,ravi.sharma.2033@gmail.com,"333 Main Road, Bangalore"
2034,Pooja Sharma 2034,9610002034,pooja.sharma.2034@gmail.com,"334 Main Road, Hyderabad"
2035,Manoj Sharma 2035,9610002035,manoj.sharma.2035@gmail.com,"335 Main Road, Madurai"
2036,Swathi Sharma 2036,9610002036,swathi.sharma.2036@gmail.com,"336 Main Road, Salem"
2037,Gokul Sharma 2037,9610002037,gokul.sharma.2037@gmail.com,"337 Main Road, Trichy"
2038,Nisha Sharma 2038,9610002038,nisha.sharma.2038@gmail.com,"338 Main Road, Pune"
2039,Harish Sharma 2039,9610002039,harish.sharma.2039@gmail.com,"339 Main Road, Mumbai"
2040,Deepa Sharma 2040,9610002040,deepa.sharma.2040@gmail.com,"340 Main Road, Kochi"
2041,Arun Raj 2041,9610002041,arun.raj.2041@gmail.com,"341 Main Road, Chennai"
2042,Priya Raj 2042,9610002042,priya.raj.2042@gmail.com,"342 Main Road, Coimbatore"
2043,Rahul Raj 2043,9610002043,rahul.raj.2043@gmail.com,"343 Main Road, Bangalore"
2044,Divya Raj 2044,9610002044,divya.raj.2044@gmail.com,"344 Main Road, Hyderabad"
2045,Karthik Raj 2045,9610002045,karthik.raj.2045@gmail.com,"345 Main Road, Madurai"
2046,Sneha Raj 2046,9610002046,sneha.raj.2046@gmail.com,"346 Main Road, Salem"
2047,Vijay Raj 2047,9610002047,vijay.raj.2047@gmail.com,"347 Main Road, Trichy"
2048,Anitha Raj 2048,9610002048,anitha.raj.2048@gmail.com,"348 Main Road, Pune"
2049,Suresh Raj 2049,9610002049,suresh.raj.2049@gmail.com,"349 Main Road, Mumbai"
2050,Meena Raj 2050,9610002050,meena.raj.2050@gmail.com,"350 Main Road, Kochi"
2051,Ajay Raj 2051,9610002051,ajay.raj.2051@gmail.com,"351 Main Road, Chennai"
2052,Kavya Raj 2052,9610002052,kavya.raj.2052@gmail.com,"352 Main Road, Coimbatore"
2053,Ravi Raj 2053,9610002053,ravi.raj.2053@gmail.com,"353 Main Road, Bangalore"
2054,Pooja Raj 2054,9610002054,pooja.raj.2054@gmail.com,"354 Main Road, Hyderabad"
2055,Manoj Raj 2055,9610002055,manoj.raj.2055@gmail.com,"355 Main Road, Madurai"
2056,Swathi Raj 2056,9610002056,swathi.raj.2056@gmail.com,"356 Main Road, Salem"
2057,Gokul Raj 2057,9610002057,gokul.raj.2057@gmail.com,"357 Main Road, Trichy"
2058,Nisha Raj 2058,9610002058,nisha.raj.2058@gmail.com,"358 Main Road, Pune"
2059,Harish Raj 2059,9610002059,harish.raj.2059@gmail.com,"359 Main Road, Mumbai"
2060,Deepa Raj 2060,9610002060,deepa.raj.2060@gmail.com,"360 Main Road, Kochi"
2061,Arun Devi 2061,9610002061,arun.devi.2061@gmail.com,"361 Main Road, Chennai"
2062,Priya Devi 2062,9610002062,priya.devi.2062@gmail.com,"362 Main Road, Coimbatore"
2063,Rahul Devi 2063,9610002063,rahul.devi.2063@gmail.com,"363 Main Road, Bangalore"
2064,Divya Devi 2064,9610002064,divya.devi.2064@gmail.com,"364 Main Road, Hyderabad"
2065,Karthik Devi 2065,9610002065,karthik.devi.2065@gmail.com,"365 Main Road, Madurai"
2066,Sneha Devi 2066,9610002066,sneha.devi.2066@gmail.com,"366 Main Road, Salem"
2067,Vijay Devi 2067,9610002067,vijay.devi.2067@gmail.com,"367 Main Road, Trichy"
2068,Anitha Devi 2068,9610002068,anitha.devi.2068@gmail.com,"368 Main Road, Pune"
2069,Suresh Devi 2069,9610002069,suresh.devi.2069@gmail.com,"369 Main Road, Mumbai"
2070,Meena Devi 2070,9610002070,meena.devi.2070@gmail.com,"370 Main Road, Kochi"
2071,Ajay Devi 2071,9610002071,ajay.devi.2071@gmail.com,"371 Main Road, Chennai"
2072,Kavya Devi 2072,9610002072,kavya.devi.2072@gmail.com,"372 Main Road, Coimbatore"
2073,Ravi Devi 2073,9610002073,ravi.devi.2073@gmail.com,"373 Main Road, Bangalore"
2074,Pooja Devi 2074,9610002074,pooja.devi.2074@gmail.com,"374 Main Road, Hyderabad"
2075,Manoj Devi 2075,9610002075,manoj.devi.2075@gmail.com,"375 Main Road, Madurai"
2076,Swathi Devi 2076,9610002076,swathi.devi.2076@gmail.com,"376 Main Road, Salem"
2077,Gokul Devi 2077,9610002077,gokul.devi.2077@gmail.com,"377 Main Road, Trichy"
2078,Nisha Devi 2078,9610002078,nisha.devi.2078@gmail.com,"378 Main Road, Pune"
2079,Harish Devi 2079,9610002079,harish.devi.2079@gmail.com,"379 Main Road, Mumbai"
2080,Deepa Devi 2080,9610002080,deepa.devi.2080@gmail.com,"380 Main Road, Kochi"
2081,Arun Krishnan 2081,9610002081,arun.krishnan.2081@gmail.com,"381 Main Road, Chennai"
2082,Priya Krishnan 2082,9610002082,priya.krishnan.2082@gmail.com,"382 Main Road, Coimbatore"
2083,Rahul Krishnan 2083,9610002083,rahul.krishnan.2083@gmail.com,"383 Main Road, Bangalore"
2084,Divya Krishnan 2084,9610002084,divya.krishnan.2084@gmail.com,"384 Main Road, Hyderabad"
2085,Karthik Krishnan 2085,9610002085,karthik.krishnan.2085@gmail.com,"385 Main Road, Madurai"
2086,Sneha Krishnan 2086,9610002086,sneha.krishnan.2086@gmail.com,"386 Main Road, Salem"
2087,Vijay Krishnan 2087,9610002087,vijay.krishnan.2087@gmail.com,"387 Main Road, Trichy"
2088,Anitha Krishnan 2088,9610002088,anitha.krishnan.2088@gmail.com,"388 Main Road, Pune"
2089,Suresh Krishnan 2089,9610002089,suresh.krishnan.2089@gmail.com,"389 Main Road, Mumbai"
2090,Meena Krishnan 2090,9610002090,meena.krishnan.2090@gmail.com,"390 Main Road, Kochi"
2091,Ajay Krishnan 2091,9610002091,ajay.krishnan.2091@gmail.com,"391 Main Road, Chennai"
2092,Kavya Krishnan 2092,9610002092,kavya.krishnan.2092@gmail.com,"392 Main Road, Coimbatore"
2093,Ravi Krishnan 2093,9610002093,ravi.krishnan.2093@gmail.com,"393 Main Road, Bangalore"
2094,Pooja Krishnan 2094,9610002094,pooja.krishnan.2094@gmail.com,"394 Main Road, Hyderabad"
2095,Manoj Krishnan 2095,9610002095,manoj.krishnan.2095@gmail.com,"395 Main Road, Madurai"
2096,Swathi Krishnan 2096,9610002096,swathi.krishnan.2096@gmail.com,"396 Main Road, Salem"
2097,Gokul Krishnan 2097,9610002097,gokul.krishnan.2097@gmail.com,"397 Main Road, Trichy"
2098,Nisha Krishnan 2098,9610002098,nisha.krishnan.2098@gmail.com,"398 Main Road, Pune"
2099,Harish Krishnan 2099,9610002099,harish.krishnan.2099@gmail.com,"399 Main Road, Mumbai"
2100,Deepa Krishnan 2100,9610002100,deepa.krishnan.2100@gmail.com,"400 Main Road, Kochi"
2101,Arun Reddy 2101,9610002101,arun.reddy.2101@gmail.com,"401 Main Road, Chennai"
2102,Priya Reddy 2102,9610002102,priya.reddy.2102@gmail.com,"402 Main Road, Coimbatore"
2103,Rahul Reddy 2103,9610002103,rahul.reddy.2103@gmail.com,"403 Main Road, Bangalore"
2104,Divya Reddy 2104,9610002104,divya.reddy.2104@gmail.com,"404 Main Road, Hyderabad"
2105,Karthik Reddy 2105,9610002105,karthik.reddy.2105@gmail.com,"405 Main Road, Madurai"
2106,Sneha Reddy 2106,9610002106,sneha.reddy.2106@gmail.com,"406 Main Road, Salem"
2107,Vijay Reddy 2107,9610002107,vijay.reddy.2107@gmail.com,"407 Main Road, Trichy"
2108,Anitha Reddy 2108,9610002108,anitha.reddy.2108@gmail.com,"408 Main Road, Pune"
2109,Suresh Reddy 2109,9610002109,suresh.reddy.2109@gmail.com,"409 Main Road, Mumbai"
2110,Meena Reddy 2110,9610002110,meena.reddy.2110@gmail.com,"410 Main Road, Kochi"
2111,Ajay Reddy 2111,9610002111,ajay.reddy.2111@gmail.com,"411 Main Road, Chennai"
2112,Kavya Reddy 2112,9610002112,kavya.reddy.2112@gmail.com,"412 Main Road, Coimbatore"
2113,Ravi Reddy 2113,9610002113,ravi.reddy.2113@gmail.com,"413 Main Road, Bangalore"
2114,Pooja Reddy 2114,9610002114,pooja.reddy.2114@gmail.com,"414 Main Road, Hyderabad"
2115,Manoj Reddy 2115,9610002115,manoj.reddy.2115@gmail.com,"415 Main Road, Madurai"
2116,Swathi Reddy 2116,9610002116,swathi.reddy.2116@gmail.com,"416 Main Road, Salem"
2117,Gokul Reddy 2117,9610002117,gokul.reddy.2117@gmail.com,"417 Main Road, Trichy"
2118,Nisha Reddy 2118,9610002118,nisha.reddy.2118@gmail.com,"418 Main Road, Pune"
2119,Harish Reddy 2119,9610002119,harish.reddy.2119@gmail.com,"419 Main Road, Mumbai"
2120,Deepa Reddy 2120,9610002120,deepa.reddy.2120@gmail.com,"420 Main Road, Kochi"
2121,Arun Iyer 2121,9610002121,arun.iyer.2121@gmail.com,"421 Main Road, Chennai"
2122,Priya Iyer 2122,9610002122,priya.iyer.2122@gmail.com,"422 Main Road, Coimbatore"
2123,Rahul Iyer 2123,9610002123,rahul.iyer.2123@gmail.com,"423 Main Road, Bangalore"
2124,Divya Iyer 2124,9610002124,divya.iyer.2124@gmail.com,"424 Main Road, Hyderabad"
2125,Karthik Iyer 2125,9610002125,karthik.iyer.2125@gmail.com,"425 Main Road, Madurai"
2126,Sneha Iyer 2126,9610002126,sneha.iyer.2126@gmail.com,"426 Main Road, Salem"
2127,Vijay Iyer 2127,9610002127,vijay.iyer.2127@gmail.com,"427 Main Road, Trichy"
2128,Anitha Iyer 2128,9610002128,anitha.iyer.2128@gmail.com,"428 Main Road, Pune"
2129,Suresh Iyer 2129,9610002129,suresh.iyer.2129@gmail.com,"429 Main Road, Mumbai"
2130,Meena Iyer 2130,9610002130,meena.iyer.2130@gmail.com,"430 Main Road, Kochi"
2131,Ajay Iyer 2131,9610002131,ajay.iyer.2131@gmail.com,"431 Main Road, Chennai"
2132,Kavya Iyer 2132,9610002132,kavya.iyer.2132@gmail.com,"432 Main Road, Coimbatore"
2133,Ravi Iyer 2133,9610002133,ravi.iyer.2133@gmail.com,"433 Main Road, Bangalore"
2134,Pooja Iyer 2134,9610002134,pooja.iyer.2134@gmail.com,"434 Main Road, Hyderabad"
2135,Manoj Iyer 2135,9610002135,manoj.iyer.2135@gmail.com,"435 Main Road, Madurai"
2136,Swathi Iyer 2136,9610002136,swathi.iyer.2136@gmail.com,"436 Main Road, Salem"
2137,Gokul Iyer 2137,9610002137,gokul.iyer.2137@gmail.com,"437 Main Road, Trichy"
2138,Nisha Iyer 2138,9610002138,nisha.iyer.2138@gmail.com,"438 Main Road, Pune"
2139,Harish Iyer 2139,9610002139,harish.iyer.2139@gmail.com,"439 Main Road, Mumbai"
2140,Deepa Iyer 2140,9610002140,deepa.iyer.2140@gmail.com,"440 Main Road, Kochi"
2141,Arun Nair 2141,9610002141,arun.nair.2141@gmail.com,"441 Main Road, Chennai"
2142,Priya Nair 2142,9610002142,priya.nair.2142@gmail.com,"442 Main Road, Coimbatore"
2143,Rahul Nair 2143,9610002143,rahul.nair.2143@gmail.com,"443 Main Road, Bangalore"
2144,Divya Nair 2144,9610002144,divya.nair.2144@gmail.com,"444 Main Road, Hyderabad"
2145,Karthik Nair 2145,9610002145,karthik.nair.2145@gmail.com,"445 Main Road, Madurai"
2146,Sneha Nair 2146,9610002146,sneha.nair.2146@gmail.com,"446 Main Road, Salem"
2147,Vijay Nair 2147,9610002147,vijay.nair.2147@gmail.com,"447 Main Road, Trichy"
2148,Anitha Nair 2148,9610002148,anitha.nair.2148@gmail.com,"448 Main Road, Pune"
2149,Suresh Nair 2149,9610002149,suresh.nair.2149@gmail.com,"449 Main Road, Mumbai"
2150,Meena Nair 2150,9610002150,meena.nair.2150@gmail.com,"450 Main Road, Kochi"
2151,Ajay Nair 2151,9610002151,ajay.nair.2151@gmail.com,"451 Main Road, Chennai"
2152,Kavya Nair 2152,9610002152,kavya.nair.2152@gmail.com,"452 Main Road, Coimbatore"
2153,Ravi Nair 2153,9610002153,ravi.nair.2153@gmail.com,"453 Main Road, Bangalore"
2154,Pooja Nair 2154,9610002154,pooja.nair.2154@gmail.com,"454 Main Road, Hyderabad"
2155,Manoj Nair 2155,9610002155,manoj.nair.2155@gmail.com,"455 Main Road, Madurai"
2156,Swathi Nair 2156,9610002156,swathi.nair.2156@gmail.com,"456 Main Road, Salem"
2157,Gokul Nair 2157,9610002157,gokul.nair.2157@gmail.com,"457 Main Road, Trichy"
2158,Nisha Nair 2158,9610002158,nisha.nair.2158@gmail.com,"458 Main Road, Pune"
2159,Harish Nair 2159,9610002159,harish.nair.2159@gmail.com,"459 Main Road, Mumbai"
2160,Deepa Nair 2160,9610002160,deepa.nair.2160@gmail.com,"460 Main Road, Kochi"
2161,Arun Patel 2161,9610002161,arun.patel.2161@gmail.com,"461 Main Road, Chennai"
2162,Priya Patel 2162,9610002162,priya.patel.2162@gmail.com,"462 Main Road, Coimbatore"
2163,Rahul Patel 2163,9610002163,rahul.patel.2163@gmail.com,"463 Main Road, Bangalore"
2164,Divya Patel 2164,9610002164,divya.patel.2164@gmail.com,"464 Main Road, Hyderabad"
2165,Karthik Patel 2165,9610002165,karthik.patel.2165@gmail.com,"465 Main Road, Madurai"
2166,Sneha Patel 2166,9610002166,sneha.patel.2166@gmail.com,"466 Main Road, Salem"
2167,Vijay Patel 2167,9610002167,vijay.patel.2167@gmail.com,"467 Main Road, Trichy"
2168,Anitha Patel 2168,9610002168,anitha.patel.2168@gmail.com,"468 Main Road, Pune"
2169,Suresh Patel 2169,9610002169,suresh.patel.2169@gmail.com,"469 Main Road, Mumbai"
2170,Meena Patel 2170,9610002170,meena.patel.2170@gmail.com,"470 Main Road, Kochi"
2171,Ajay Patel 2171,9610002171,ajay.patel.2171@gmail.com,"471 Main Road, Chennai"
2172,Kavya Patel 2172,9610002172,kavya.patel.2172@gmail.com,"472 Main Road, Coimbatore"
2173,Ravi Patel 2173,9610002173,ravi.patel.2173@gmail.com,"473 Main Road, Bangalore"
2174,Pooja Patel 2174,9610002174,pooja.patel.2174@gmail.com,"474 Main Road, Hyderabad"
2175,Manoj Patel 2175,9610002175,manoj.patel.2175@gmail.com,"475 Main Road, Madurai"
2176,Swathi Patel 2176,9610002176,swathi.patel.2176@gmail.com,"476 Main Road, Salem"
2177,Gokul Patel 2177,9610002177,gokul.patel.2177@gmail.com,"477 Main Road, Trichy"
2178,Nisha Patel 2178,9610002178,nisha.patel.2178@gmail.com,"478 Main Road, Pune"
2179,Harish Patel 2179,9610002179,harish.patel.2179@gmail.com,"479 Main Road, Mumbai"
2180,Deepa Patel 2180,9610002180,deepa.patel.2180@gmail.com,"480 Main Road, Kochi"
2181,Arun Singh 2181,9610002181,arun.singh.2181@gmail.com,"481 Main Road, Chennai"
2182,Priya Singh 2182,9610002182,priya.singh.2182@gmail.com,"482 Main Road, Coimbatore"
2183,Rahul Singh 2183,9610002183,rahul.singh.2183@gmail.com,"483 Main Road, Bangalore"
2184,Divya Singh 2184,9610002184,divya.singh.2184@gmail.com,"484 Main Road, Hyderabad"
2185,Karthik Singh 2185,9610002185,karthik.singh.2185@gmail.com,"485 Main Road, Madurai"
2186,Sneha Singh 2186,9610002186,sneha.singh.2186@gmail.com,"486 Main Road, Salem"
2187,Vijay Singh 2187,9610002187,vijay.singh.2187@gmail.com,"487 Main Road, Trichy"
2188,Anitha Singh 2188,9610002188,anitha.singh.2188@gmail.com,"488 Main Road, Pune"
2189,Suresh Singh 2189,9610002189,suresh.singh.2189@gmail.com,"489 Main Road, Mumbai"
2190,Meena Singh 2190,9610002190,meena.singh.2190@gmail.com,"490 Main Road, Kochi"
2191,Ajay Singh 2191,9610002191,ajay.singh.2191@gmail.com,"491 Main Road, Chennai"
2192,Kavya Singh 2192,9610002192,kavya.singh.2192@gmail.com,"492 Main Road, Coimbatore"
2193,Ravi Singh 2193,9610002193,ravi.singh.2193@gmail.com,"493 Main Road, Bangalore"
2194,Pooja Singh 2194,9610002194,pooja.singh.2194@gmail.com,"494 Main Road, Hyderabad"
2195,Manoj Singh 2195,9610002195,manoj.singh.2195@gmail.com,"495 Main Road, Madurai"
2196,Swathi Singh 2196,9610002196,swathi.singh.2196@gmail.com,"496 Main Road, Salem"
2197,Gokul Singh 2197,9610002197,gokul.singh.2197@gmail.com,"497 Main Road, Trichy"
2198,Nisha Singh 2198,9610002198,nisha.singh.2198@gmail.com,"498 Main Road, Pune"
2199,Harish Singh 2199,9610002199,harish.singh.2199@gmail.com,"499 Main Road, Mumbai"
2200,Deepa Singh 2200,9610002200,deepa.singh.2200@gmail.com,"500 Main Road, Kochi"
2201,Arun Kumar 2201,9610002201,arun.kumar.2201@gmail.com,"501 Main Road, Chennai"
2202,Priya Kumar 2202,9610002202,priya.kumar.2202@gmail.com,"502 Main Road, Coimbatore"
2203,Rahul Kumar 2203,9610002203,rahul.kumar.2203@gmail.com,"503 Main Road, Bangalore"
2204,Divya Kumar 2204,9610002204,divya.kumar.2204@gmail.com,"504 Main Road, Hyderabad"
2205,Karthik Kumar 2205,9610002205,karthik.kumar.2205@gmail.com,"505 Main Road, Madurai"
2206,Sneha Kumar 2206,9610002206,sneha.kumar.2206@gmail.com,"506 Main Road, Salem"
2207,Vijay Kumar 2207,9610002207,vijay.kumar.2207@gmail.com,"507 Main Road, Trichy"
2208,Anitha Kumar 2208,9610002208,anitha.kumar.2208@gmail.com,"508 Main Road, Pune"
2209,Suresh Kumar 2209,9610002209,suresh.kumar.2209@gmail.com,"509 Main Road, Mumbai"
2210,Meena Kumar 2210,9610002210,meena.kumar.2210@gmail.com,"510 Main Road, Kochi"
2211,Ajay Kumar 2211,9610002211,ajay.kumar.2211@gmail.com,"511 Main Road, Chennai"
2212,Kavya Kumar 2212,9610002212,kavya.kumar.2212@gmail.com,"512 Main Road, Coimbatore"
2213,Ravi Kumar 2213,9610002213,ravi.kumar.2213@gmail.com,"513 Main Road, Bangalore"
2214,Pooja Kumar 2214,9610002214,pooja.kumar.2214@gmail.com,"514 Main Road, Hyderabad"
2215,Manoj Kumar 2215,9610002215,manoj.kumar.2215@gmail.com,"515 Main Road, Madurai"
2216,Swathi Kumar 2216,9610002216,swathi.kumar.2216@gmail.com,"516 Main Road, Salem"
2217,Gokul Kumar 2217,9610002217,gokul.kumar.2217@gmail.com,"517 Main Road, Trichy"
2218,Nisha Kumar 2218,9610002218,nisha.kumar.2218@gmail.com,"518 Main Road, Pune"
2219,Harish Kumar 2219,9610002219,harish.kumar.2219@gmail.com,"519 Main Road, Mumbai"
2220,Deepa Kumar 2220,9610002220,deepa.kumar.2220@gmail.com,"520 Main Road, Kochi"
2221,Arun Sharma 2221,9610002221,arun.sharma.2221@gmail.com,"521 Main Road, Chennai"
2222,Priya Sharma 2222,9610002222,priya.sharma.2222@gmail.com,"522 Main Road, Coimbatore"
2223,Rahul Sharma 2223,9610002223,rahul.sharma.2223@gmail.com,"523 Main Road, Bangalore"
2224,Divya Sharma 2224,9610002224,divya.sharma.2224@gmail.com,"524 Main Road, Hyderabad"
2225,Karthik Sharma 2225,9610002225,karthik.sharma.2225@gmail.com,"525 Main Road, Madurai"
2226,Sneha Sharma 2226,9610002226,sneha.sharma.2226@gmail.com,"526 Main Road, Salem"
2227,Vijay Sharma 2227,9610002227,vijay.sharma.2227@gmail.com,"527 Main Road, Trichy"
2228,Anitha Sharma 2228,9610002228,anitha.sharma.2228@gmail.com,"528 Main Road, Pune"
2229,Suresh Sharma 2229,9610002229,suresh.sharma.2229@gmail.com,"529 Main Road, Mumbai"
2230,Meena Sharma 2230,9610002230,meena.sharma.2230@gmail.com,"530 Main Road, Kochi"
2231,Ajay Sharma 2231,9610002231,ajay.sharma.2231@gmail.com,"531 Main Road, Chennai"
2232,Kavya Sharma 2232,9610002232,kavya.sharma.2232@gmail.com,"532 Main Road, Coimbatore"
2233,Ravi Sharma 2233,9610002233,ravi.sharma.2233@gmail.com,"533 Main Road, Bangalore"
2234,Pooja Sharma 2234,9610002234,pooja.sharma.2234@gmail.com,"534 Main Road, Hyderabad"
2235,Manoj Sharma 2235,9610002235,manoj.sharma.2235@gmail.com,"535 Main Road, Madurai"
2236,Swathi Sharma 2236,9610002236,swathi.sharma.2236@gmail.com,"536 Main Road, Salem"
2237,Gokul Sharma 2237,9610002237,gokul.sharma.2237@gmail.com,"537 Main Road, Trichy"
2238,Nisha Sharma 2238,9610002238,nisha.sharma.2238@gmail.com,"538 Main Road, Pune"
2239,Harish Sharma 2239,9610002239,harish.sharma.2239@gmail.com,"539 Main Road, Mumbai"
2240,Deepa Sharma 2240,9610002240,deepa.sharma.2240@gmail.com,"540 Main Road, Kochi"
2241,Arun Raj 2241,9610002241,arun.raj.2241@gmail.com,"541 Main Road, Chennai"
2242,Priya Raj 2242,9610002242,priya.raj.2242@gmail.com,"542 Main Road, Coimbatore"
2243,Rahul Raj 2243,9610002243,rahul.raj.2243@gmail.com,"543 Main Road, Bangalore"
2244,Divya Raj 2244,9610002244,divya.raj.2244@gmail.com,"544 Main Road, Hyderabad"
2245,Karthik Raj 2245,9610002245,karthik.raj.2245@gmail.com,"545 Main Road, Madurai"
2246,Sneha Raj 2246,9610002246,sneha.raj.2246@gmail.com,"546 Main Road, Salem"
2247,Vijay Raj 2247,9610002247,vijay.raj.2247@gmail.com,"547 Main Road, Trichy"
2248,Anitha Raj 2248,9610002248,anitha.raj.2248@gmail.com,"548 Main Road, Pune"
2249,Suresh Raj 2249,9610002249,suresh.raj.2249@gmail.com,"549 Main Road, Mumbai"
2250,Meena Raj 2250,9610002250,meena.raj.2250@gmail.com,"550 Main Road, Kochi"
2251,Ajay Raj 2251,9610002251,ajay.raj.2251@gmail.com,"551 Main Road, Chennai"
2252,Kavya Raj 2252,9610002252,kavya.raj.2252@gmail.com,"552 Main Road, Coimbatore"
2253,Ravi Raj 2253,9610002253,ravi.raj.2253@gmail.com,"553 Main Road, Bangalore"
2254,Pooja Raj 2254,9610002254,pooja.raj.2254@gmail.com,"554 Main Road, Hyderabad"
2255,Manoj Raj 2255,9610002255,manoj.raj.2255@gmail.com,"555 Main Road, Madurai"
2256,Swathi Raj 2256,9610002256,swathi.raj.2256@gmail.com,"556 Main Road, Salem"
2257,Gokul Raj 2257,9610002257,gokul.raj.2257@gmail.com,"557 Main Road, Trichy"
2258,Nisha Raj 2258,9610002258,nisha.raj.2258@gmail.com,"558 Main Road, Pune"
2259,Harish Raj 2259,9610002259,harish.raj.2259@gmail.com,"559 Main Road, Mumbai"
2260,Deepa Raj 2260,9610002260,deepa.raj.2260@gmail.com,"560 Main Road, Kochi"
2261,Arun Devi 2261,9610002261,arun.devi.2261@gmail.com,"561 Main Road, Chennai"
2262,Priya Devi 2262,9610002262,priya.devi.2262@gmail.com,"562 Main Road, Coimbatore"
2263,Rahul Devi 2263,9610002263,rahul.devi.2263@gmail.com,"563 Main Road, Bangalore"
2264,Divya Devi 2264,9610002264,divya.devi.2264@gmail.com,"564 Main Road, Hyderabad"
2265,Karthik Devi 2265,9610002265,karthik.devi.2265@gmail.com,"565 Main Road, Madurai"
2266,Sneha Devi 2266,9610002266,sneha.devi.2266@gmail.com,"566 Main Road, Salem"
2267,Vijay Devi 2267,9610002267,vijay.devi.2267@gmail.com,"567 Main Road, Trichy"
2268,Anitha Devi 2268,9610002268,anitha.devi.2268@gmail.com,"568 Main Road, Pune"
2269,Suresh Devi 2269,9610002269,suresh.devi.2269@gmail.com,"569 Main Road, Mumbai"
2270,Meena Devi 2270,9610002270,meena.devi.2270@gmail.com,"570 Main Road, Kochi"
2271,Ajay Devi 2271,9610002271,ajay.devi.2271@gmail.com,"571 Main Road, Chennai"
2272,Kavya Devi 2272,9610002272,kavya.devi.2272@gmail.com,"572 Main Road, Coimbatore"
2273,Ravi Devi 2273,9610002273,ravi.devi.2273@gmail.com,"573 Main Road, Bangalore"
2274,Pooja Devi 2274,9610002274,pooja.devi.2274@gmail.com,"574 Main Road, Hyderabad"
2275,Manoj Devi 2275,9610002275,manoj.devi.2275@gmail.com,"575 Main Road, Madurai"
2276,Swathi Devi 2276,9610002276,swathi.devi.2276@gmail.com,"576 Main Road, Salem"
2277,Gokul Devi 2277,9610002277,gokul.devi.2277@gmail.com,"577 Main Road, Trichy"
2278,Nisha Devi 2278,9610002278,nisha.devi.2278@gmail.com,"578 Main Road, Pune"
2279,Harish Devi 2279,9610002279,harish.devi.2279@gmail.com,"579 Main Road, Mumbai"
2280,Deepa Devi 2280,9610002280,deepa.devi.2280@gmail.com,"580 Main Road, Kochi"
2281,Arun Krishnan 2281,9610002281,arun.krishnan.2281@gmail.com,"581 Main Road, Chennai"
2282,Priya Krishnan 2282,9610002282,priya.krishnan.2282@gmail.com,"582 Main Road, Coimbatore"
2283,Rahul Krishnan 2283,9610002283,rahul.krishnan.2283@gmail.com,"583 Main Road, Bangalore"
2284,Divya Krishnan 2284,9610002284,divya.krishnan.2284@gmail.com,"584 Main Road, Hyderabad"
2285,Karthik Krishnan 2285,9610002285,karthik.krishnan.2285@gmail.com,"585 Main Road, Madurai"
2286,Sneha Krishnan 2286,9610002286,sneha.krishnan.2286@gmail.com,"586 Main Road, Salem"
2287,Vijay Krishnan 2287,9610002287,vijay.krishnan.2287@gmail.com,"587 Main Road, Trichy"
2288,Anitha Krishnan 2288,9610002288,anitha.krishnan.2288@gmail.com,"588 Main Road, Pune"
2289,Suresh Krishnan 2289,9610002289,suresh.krishnan.2289@gmail.com,"589 Main Road, Mumbai"
2290,Meena Krishnan 2290,9610002290,meena.krishnan.2290@gmail.com,"590 Main Road, Kochi"
2291,Ajay Krishnan 2291,9610002291,ajay.krishnan.2291@gmail.com,"591 Main Road, Chennai"
2292,Kavya Krishnan 2292,9610002292,kavya.krishnan.2292@gmail.com,"592 Main Road, Coimbatore"
2293,Ravi Krishnan 2293,9610002293,ravi.krishnan.2293@gmail.com,"593 Main Road, Bangalore"
2294,Pooja Krishnan 2294,9610002294,pooja.krishnan.2294@gmail.com,"594 Main Road, Hyderabad"
2295,Manoj Krishnan 2295,9610002295,manoj.krishnan.2295@gmail.com,"595 Main Road, Madurai"
2296,Swathi Krishnan 2296,9610002296,swathi.krishnan.2296@gmail.com,"596 Main Road, Salem"
2297,Gokul Krishnan 2297,9610002297,gokul.krishnan.2297@gmail.com,"597 Main Road, Trichy"
2298,Nisha Krishnan 2298,9610002298,nisha.krishnan.2298@gmail.com,"598 Main Road, Pune"
2299,Harish Krishnan 2299,9610002299,harish.krishnan.2299@gmail.com,"599 Main Road, Mumbai"
2300,Deepa Krishnan 2300,9610002300,deepa.krishnan.2300@gmail.com,"600 Main Road, Kochi"
2301,Arun Reddy 2301,9610002301,arun.reddy.2301@gmail.com,"601 Main Road, Chennai"
2302,Priya Reddy 2302,9610002302,priya.reddy.2302@gmail.com,"602 Main Road, Coimbatore"
2303,Rahul Reddy 2303,9610002303,rahul.reddy.2303@gmail.com,"603 Main Road, Bangalore"
2304,Divya Reddy 2304,9610002304,divya.reddy.2304@gmail.com,"604 Main Road, Hyderabad"
2305,Karthik Reddy 2305,9610002305,karthik.reddy.2305@gmail.com,"605 Main Road, Madurai"
2306,Sneha Reddy 2306,9610002306,sneha.reddy.2306@gmail.com,"606 Main Road, Salem"
2307,Vijay Reddy 2307,9610002307,vijay.reddy.2307@gmail.com,"607 Main Road, Trichy"
2308,Anitha Reddy 2308,9610002308,anitha.reddy.2308@gmail.com,"608 Main Road, Pune"
2309,Suresh Reddy 2309,9610002309,suresh.reddy.2309@gmail.com,"609 Main Road, Mumbai"
2310,Meena Reddy 2310,9610002310,meena.reddy.2310@gmail.com,"610 Main Road, Kochi"
2311,Ajay Reddy 2311,9610002311,ajay.reddy.2311@gmail.com,"611 Main Road, Chennai"
2312,Kavya Reddy 2312,9610002312,kavya.reddy.2312@gmail.com,"612 Main Road, Coimbatore"
2313,Ravi Reddy 2313,9610002313,ravi.reddy.2313@gmail.com,"613 Main Road, Bangalore"
2314,Pooja Reddy 2314,9610002314,pooja.reddy.2314@gmail.com,"614 Main Road, Hyderabad"
2315,Manoj Reddy 2315,9610002315,manoj.reddy.2315@gmail.com,"615 Main Road, Madurai"
2316,Swathi Reddy 2316,9610002316,swathi.reddy.2316@gmail.com,"616 Main Road, Salem"
2317,Gokul Reddy 2317,9610002317,gokul.reddy.2317@gmail.com,"617 Main Road, Trichy"
2318,Nisha Reddy 2318,9610002318,nisha.reddy.2318@gmail.com,"618 Main Road, Pune"
2319,Harish Reddy 2319,9610002319,harish.reddy.2319@gmail.com,"619 Main Road, Mumbai"
2320,Deepa Reddy 2320,9610002320,deepa.reddy.2320@gmail.com,"620 Main Road, Kochi"
2321,Arun Iyer 2321,9610002321,arun.iyer.2321@gmail.com,"621 Main Road, Chennai"
2322,Priya Iyer 2322,9610002322,priya.iyer.2322@gmail.com,"622 Main Road, Coimbatore"
2323,Rahul Iyer 2323,9610002323,rahul.iyer.2323@gmail.com,"623 Main Road, Bangalore"
2324,Divya Iyer 2324,9610002324,divya.iyer.2324@gmail.com,"624 Main Road, Hyderabad"
2325,Karthik Iyer 2325,9610002325,karthik.iyer.2325@gmail.com,"625 Main Road, Madurai"
2326,Sneha Iyer 2326,9610002326,sneha.iyer.2326@gmail.com,"626 Main Road, Salem"
2327,Vijay Iyer 2327,9610002327,vijay.iyer.2327@gmail.com,"627 Main Road, Trichy"
2328,Anitha Iyer 2328,9610002328,anitha.iyer.2328@gmail.com,"628 Main Road, Pune"
2329,Suresh Iyer 2329,9610002329,suresh.iyer.2329@gmail.com,"629 Main Road, Mumbai"
2330,Meena Iyer 2330,9610002330,meena.iyer.2330@gmail.com,"630 Main Road, Kochi"
2331,Ajay Iyer 2331,9610002331,ajay.iyer.2331@gmail.com,"631 Main Road, Chennai"
2332,Kavya Iyer 2332,9610002332,kavya.iyer.2332@gmail.com,"632 Main Road, Coimbatore"
2333,Ravi Iyer 2333,9610002333,ravi.iyer.2333@gmail.com,"633 Main Road, Bangalore"
2334,Pooja Iyer 2334,9610002334,pooja.iyer.2334@gmail.com,"634 Main Road, Hyderabad"
2335,Manoj Iyer 2335,9610002335,manoj.iyer.2335@gmail.com,"635 Main Road, Madurai"
2336,Swathi Iyer 2336,9610002336,swathi.iyer.2336@gmail.com,"636 Main Road, Salem"
2337,Gokul Iyer 2337,9610002337,gokul.iyer.2337@gmail.com,"637 Main Road, Trichy"
2338,Nisha Iyer 2338,9610002338,nisha.iyer.2338@gmail.com,"638 Main Road, Pune"
2339,Harish Iyer 2339,9610002339,harish.iyer.2339@gmail.com,"639 Main Road, Mumbai"
2340,Deepa Iyer 2340,9610002340,deepa.iyer.2340@gmail.com,"640 Main Road, Kochi"
2341,Arun Nair 2341,9610002341,arun.nair.2341@gmail.com,"641 Main Road, Chennai"
2342,Priya Nair 2342,9610002342,priya.nair.2342@gmail.com,"642 Main Road, Coimbatore"
2343,Rahul Nair 2343,9610002343,rahul.nair.2343@gmail.com,"643 Main Road, Bangalore"
2344,Divya Nair 2344,9610002344,divya.nair.2344@gmail.com,"644 Main Road, Hyderabad"
2345,Karthik Nair 2345,9610002345,karthik.nair.2345@gmail.com,"645 Main Road, Madurai"
2346,Sneha Nair 2346,9610002346,sneha.nair.2346@gmail.com,"646 Main Road, Salem"
2347,Vijay Nair 2347,9610002347,vijay.nair.2347@gmail.com,"647 Main Road, Trichy"
2348,Anitha Nair 2348,9610002348,anitha.nair.2348@gmail.com,"648 Main Road, Pune"
2349,Suresh Nair 2349,9610002349,suresh.nair.2349@gmail.com,"649 Main Road, Mumbai"
2350,Meena Nair 2350,9610002350,meena.nair.2350@gmail.com,"650 Main Road, Kochi"
2351,Ajay Nair 2351,9610002351,ajay.nair.2351@gmail.com,"651 Main Road, Chennai"
2352,Kavya Nair 2352,9610002352,kavya.nair.2352@gmail.com,"652 Main Road, Coimbatore"
2353,Ravi Nair 2353,9610002353,ravi.nair.2353@gmail.com,"653 Main Road, Bangalore"
2354,Pooja Nair 2354,9610002354,pooja.nair.2354@gmail.com,"654 Main Road, Hyderabad"
2355,Manoj Nair 2355,9610002355,manoj.nair.2355@gmail.com,"655 Main Road, Madurai"
2356,Swathi Nair 2356,9610002356,swathi.nair.2356@gmail.com,"656 Main Road, Salem"
2357,Gokul Nair 2357,9610002357,gokul.nair.2357@gmail.com,"657 Main Road, Trichy"
2358,Nisha Nair 2358,9610002358,nisha.nair.2358@gmail.com,"658 Main Road, Pune"
2359,Harish Nair 2359,9610002359,harish.nair.2359@gmail.com,"659 Main Road, Mumbai"
2360,Deepa Nair 2360,9610002360,deepa.nair.2360@gmail.com,"660 Main Road, Kochi"
2361,Arun Patel 2361,9610002361,arun.patel.2361@gmail.com,"661 Main Road, Chennai"
2362,Priya Patel 2362,9610002362,priya.patel.2362@gmail.com,"662 Main Road, Coimbatore"
2363,Rahul Patel 2363,9610002363,rahul.patel.2363@gmail.com,"663 Main Road, Bangalore"
2364,Divya Patel 2364,9610002364,divya.patel.2364@gmail.com,"664 Main Road, Hyderabad"
2365,Karthik Patel 2365,9610002365,karthik.patel.2365@gmail.com,"665 Main Road, Madurai"
2366,Sneha Patel 2366,9610002366,sneha.patel.2366@gmail.com,"666 Main Road, Salem"
2367,Vijay Patel 2367,9610002367,vijay.patel.2367@gmail.com,"667 Main Road, Trichy"
2368,Anitha Patel 2368,9610002368,anitha.patel.2368@gmail.com,"668 Main Road, Pune"
2369,Suresh Patel 2369,9610002369,suresh.patel.2369@gmail.com,"669 Main Road, Mumbai"
2370,Meena Patel 2370,9610002370,meena.patel.2370@gmail.com,"670 Main Road, Kochi"
2371,Ajay Patel 2371,9610002371,ajay.patel.2371@gmail.com,"671 Main Road, Chennai"
2372,Kavya Patel 2372,9610002372,kavya.patel.2372@gmail.com,"672 Main Road, Coimbatore"
2373,Ravi Patel 2373,9610002373,ravi.patel.2373@gmail.com,"673 Main Road, Bangalore"
2374,Pooja Patel 2374,9610002374,pooja.patel.2374@gmail.com,"674 Main Road, Hyderabad"
2375,Manoj Patel 2375,9610002375,manoj.patel.2375@gmail.com,"675 Main Road, Madurai"
2376,Swathi Patel 2376,9610002376,swathi.patel.2376@gmail.com,"676 Main Road, Salem"
2377,Gokul Patel 2377,9610002377,gokul.patel.2377@gmail.com,"677 Main Road, Trichy"
2378,Nisha Patel 2378,9610002378,nisha.patel.2378@gmail.com,"678 Main Road, Pune"
2379,Harish Patel 2379,9610002379,harish.patel.2379@gmail.com,"679 Main Road, Mumbai"
2380,Deepa Patel 2380,9610002380,deepa.patel.2380@gmail.com,"680 Main Road, Kochi"
2381,Arun Singh 2381,9610002381,arun.singh.2381@gmail.com,"681 Main Road, Chennai"
2382,Priya Singh 2382,9610002382,priya.singh.2382@gmail.com,"682 Main Road, Coimbatore"
2383,Rahul Singh 2383,9610002383,rahul.singh.2383@gmail.com,"683 Main Road, Bangalore"
2384,Divya Singh 2384,9610002384,divya.singh.2384@gmail.com,"684 Main Road, Hyderabad"
2385,Karthik Singh 2385,9610002385,karthik.singh.2385@gmail.com,"685 Main Road, Madurai"
2386,Sneha Singh 2386,9610002386,sneha.singh.2386@gmail.com,"686 Main Road, Salem"
2387,Vijay Singh 2387,9610002387,vijay.singh.2387@gmail.com,"687 Main Road, Trichy"
2388,Anitha Singh 2388,9610002388,anitha.singh.2388@gmail.com,"688 Main Road, Pune"
2389,Suresh Singh 2389,9610002389,suresh.singh.2389@gmail.com,"689 Main Road, Mumbai"
2390,Meena Singh 2390,9610002390,meena.singh.2390@gmail.com,"690 Main Road, Kochi"
2391,Ajay Singh 2391,9610002391,ajay.singh.2391@gmail.com,"691 Main Road, Chennai"
2392,Kavya Singh 2392,9610002392,kavya.singh.2392@gmail.com,"692 Main Road, Coimbatore"
2393,Ravi Singh 2393,9610002393,ravi.singh.2393@gmail.com,"693 Main Road, Bangalore"
2394,Pooja Singh 2394,9610002394,pooja.singh.2394@gmail.com,"694 Main Road, Hyderabad"
2395,Manoj Singh 2395,9610002395,manoj.singh.2395@gmail.com,"695 Main Road, Madurai"
2396,Swathi Singh 2396,9610002396,swathi.singh.2396@gmail.com,"696 Main Road, Salem"
2397,Gokul Singh 2397,9610002397,gokul.singh.2397@gmail.com,"697 Main Road, Trichy"
2398,Nisha Singh 2398,9610002398,nisha.singh.2398@gmail.com,"698 Main Road, Pune"
2399,Harish Singh 2399,9610002399,harish.singh.2399@gmail.com,"699 Main Road, Mumbai"
2400,Deepa Singh 2400,9610002400,deepa.singh.2400@gmail.com,"700 Main Road, Kochi"
2401,Arun Kumar 2401,9610002401,arun.kumar.2401@gmail.com,"701 Main Road, Chennai"
2402,Priya Kumar 2402,9610002402,priya.kumar.2402@gmail.com,"702 Main Road, Coimbatore"
2403,Rahul Kumar 2403,9610002403,rahul.kumar.2403@gmail.com,"703 Main Road, Bangalore"
2404,Divya Kumar 2404,9610002404,divya.kumar.2404@gmail.com,"704 Main Road, Hyderabad"
2405,Karthik Kumar 2405,9610002405,karthik.kumar.2405@gmail.com,"705 Main Road, Madurai"
2406,Sneha Kumar 2406,9610002406,sneha.kumar.2406@gmail.com,"706 Main Road, Salem"
2407,Vijay Kumar 2407,9610002407,vijay.kumar.2407@gmail.com,"707 Main Road, Trichy"
2408,Anitha Kumar 2408,9610002408,anitha.kumar.2408@gmail.com,"708 Main Road, Pune"
2409,Suresh Kumar 2409,9610002409,suresh.kumar.2409@gmail.com,"709 Main Road, Mumbai"
2410,Meena Kumar 2410,9610002410,meena.kumar.2410@gmail.com,"710 Main Road, Kochi"
2411,Ajay Kumar 2411,9610002411,ajay.kumar.2411@gmail.com,"711 Main Road, Chennai"
2412,Kavya Kumar 2412,9610002412,kavya.kumar.2412@gmail.com,"712 Main Road, Coimbatore"
2413,Ravi Kumar 2413,9610002413,ravi.kumar.2413@gmail.com,"713 Main Road, Bangalore"
2414,Pooja Kumar 2414,9610002414,pooja.kumar.2414@gmail.com,"714 Main Road, Hyderabad"
2415,Manoj Kumar 2415,9610002415,manoj.kumar.2415@gmail.com,"715 Main Road, Madurai"
2416,Swathi Kumar 2416,9610002416,swathi.kumar.2416@gmail.com,"716 Main Road, Salem"
2417,Gokul Kumar 2417,9610002417,gokul.kumar.2417@gmail.com,"717 Main Road, Trichy"
2418,Nisha Kumar 2418,9610002418,nisha.kumar.2418@gmail.com,"718 Main Road, Pune"
2419,Harish Kumar 2419,9610002419,harish.kumar.2419@gmail.com,"719 Main Road, Mumbai"
2420,Deepa Kumar 2420,9610002420,deepa.kumar.2420@gmail.com,"720 Main Road, Kochi"
2421,Arun Sharma 2421,9610002421,arun.sharma.2421@gmail.com,"721 Main Road, Chennai"
2422,Priya Sharma 2422,9610002422,priya.sharma.2422@gmail.com,"722 Main Road, Coimbatore"
2423,Rahul Sharma 2423,9610002423,rahul.sharma.2423@gmail.com,"723 Main Road, Bangalore"
2424,Divya Sharma 2424,9610002424,divya.sharma.2424@gmail.com,"724 Main Road, Hyderabad"
2425,Karthik Sharma 2425,9610002425,karthik.sharma.2425@gmail.com,"725 Main Road, Madurai"
2426,Sneha Sharma 2426,9610002426,sneha.sharma.2426@gmail.com,"726 Main Road, Salem"
2427,Vijay Sharma 2427,9610002427,vijay.sharma.2427@gmail.com,"727 Main Road, Trichy"
2428,Anitha Sharma 2428,9610002428,anitha.sharma.2428@gmail.com,"728 Main Road, Pune"
2429,Suresh Sharma 2429,9610002429,suresh.sharma.2429@gmail.com,"729 Main Road, Mumbai"
2430,Meena Sharma 2430,9610002430,meena.sharma.2430@gmail.com,"730 Main Road, Kochi"
2431,Ajay Sharma 2431,9610002431,ajay.sharma.2431@gmail.com,"731 Main Road, Chennai"
2432,Kavya Sharma 2432,9610002432,kavya.sharma.2432@gmail.com,"732 Main Road, Coimbatore"
2433,Ravi Sharma 2433,9610002433,ravi.sharma.2433@gmail.com,"733 Main Road, Bangalore"
2434,Pooja Sharma 2434,9610002434,pooja.sharma.2434@gmail.com,"734 Main Road, Hyderabad"
2435,Manoj Sharma 2435,9610002435,manoj.sharma.2435@gmail.com,"735 Main Road, Madurai"
2436,Swathi Sharma 2436,9610002436,swathi.sharma.2436@gmail.com,"736 Main Road, Salem"
2437,Gokul Sharma 2437,9610002437,gokul.sharma.2437@gmail.com,"737 Main Road, Trichy"
2438,Nisha Sharma 2438,9610002438,nisha.sharma.2438@gmail.com,"738 Main Road, Pune"
2439,Harish Sharma 2439,9610002439,harish.sharma.2439@gmail.com,"739 Main Road, Mumbai"
2440,Deepa Sharma 2440,9610002440,deepa.sharma.2440@gmail.com,"740 Main Road, Kochi"
2441,Arun Raj 2441,9610002441,arun.raj.2441@gmail.com,"741 Main Road, Chennai"
2442,Priya Raj 2442,9610002442,priya.raj.2442@gmail.com,"742 Main Road, Coimbatore"
2443,Rahul Raj 2443,9610002443,rahul.raj.2443@gmail.com,"743 Main Road, Bangalore"
2444,Divya Raj 2444,9610002444,divya.raj.2444@gmail.com,"744 Main Road, Hyderabad"
2445,Karthik Raj 2445,9610002445,karthik.raj.2445@gmail.com,"745 Main Road, Madurai"
2446,Sneha Raj 2446,9610002446,sneha.raj.2446@gmail.com,"746 Main Road, Salem"
2447,Vijay Raj 2447,9610002447,vijay.raj.2447@gmail.com,"747 Main Road, Trichy"
2448,Anitha Raj 2448,9610002448,anitha.raj.2448@gmail.com,"748 Main Road, Pune"
2449,Suresh Raj 2449,9610002449,suresh.raj.2449@gmail.com,"749 Main Road, Mumbai"
2450,Meena Raj 2450,9610002450,meena.raj.2450@gmail.com,"750 Main Road, Kochi"
2451,Ajay Raj 2451,9610002451,ajay.raj.2451@gmail.com,"751 Main Road, Chennai"
2452,Kavya Raj 2452,9610002452,kavya.raj.2452@gmail.com,"752 Main Road, Coimbatore"
2453,Ravi Raj 2453,9610002453,ravi.raj.2453@gmail.com,"753 Main Road, Bangalore"
2454,Pooja Raj 2454,9610002454,pooja.raj.2454@gmail.com,"754 Main Road, Hyderabad"
2455,Manoj Raj 2455,9610002455,manoj.raj.2455@gmail.com,"755 Main Road, Madurai"
2456,Swathi Raj 2456,9610002456,swathi.raj.2456@gmail.com,"756 Main Road, Salem"
2457,Gokul Raj 2457,9610002457,gokul.raj.2457@gmail.com,"757 Main Road, Trichy"
2458,Nisha Raj 2458,9610002458,nisha.raj.2458@gmail.com,"758 Main Road, Pune"
2459,Harish Raj 2459,9610002459,harish.raj.2459@gmail.com,"759 Main Road, Mumbai"
2460,Deepa Raj 2460,9610002460,deepa.raj.2460@gmail.com,"760 Main Road, Kochi"
2461,Arun Devi 2461,9610002461,arun.devi.2461@gmail.com,"761 Main Road, Chennai"
2462,Priya Devi 2462,9610002462,priya.devi.2462@gmail.com,"762 Main Road, Coimbatore"
2463,Rahul Devi 2463,9610002463,rahul.devi.2463@gmail.com,"763 Main Road, Bangalore"
2464,Divya Devi 2464,9610002464,divya.devi.2464@gmail.com,"764 Main Road, Hyderabad"
2465,Karthik Devi 2465,9610002465,karthik.devi.2465@gmail.com,"765 Main Road, Madurai"
2466,Sneha Devi 2466,9610002466,sneha.devi.2466@gmail.com,"766 Main Road, Salem"
2467,Vijay Devi 2467,9610002467,vijay.devi.2467@gmail.com,"767 Main Road, Trichy"
2468,Anitha Devi 2468,9610002468,anitha.devi.2468@gmail.com,"768 Main Road, Pune"
2469,Suresh Devi 2469,9610002469,suresh.devi.2469@gmail.com,"769 Main Road, Mumbai"
2470,Meena Devi 2470,9610002470,meena.devi.2470@gmail.com,"770 Main Road, Kochi"
2471,Ajay Devi 2471,9610002471,ajay.devi.2471@gmail.com,"771 Main Road, Chennai"
2472,Kavya Devi 2472,9610002472,kavya.devi.2472@gmail.com,"772 Main Road, Coimbatore"
2473,Ravi Devi 2473,9610002473,ravi.devi.2473@gmail.com,"773 Main Road, Bangalore"
2474,Pooja Devi 2474,9610002474,pooja.devi.2474@gmail.com,"774 Main Road, Hyderabad"
2475,Manoj Devi 2475,9610002475,manoj.devi.2475@gmail.com,"775 Main Road, Madurai"
2476,Swathi Devi 2476,9610002476,swathi.devi.2476@gmail.com,"776 Main Road, Salem"
2477,Gokul Devi 2477,9610002477,gokul.devi.2477@gmail.com,"777 Main Road, Trichy"
2478,Nisha Devi 2478,9610002478,nisha.devi.2478@gmail.com,"778 Main Road, Pune"
2479,Harish Devi 2479,9610002479,harish.devi.2479@gmail.com,"779 Main Road, Mumbai"
2480,Deepa Devi 2480,9610002480,deepa.devi.2480@gmail.com,"780 Main Road, Kochi"
2481,Arun Krishnan 2481,9610002481,arun.krishnan.2481@gmail.com,"781 Main Road, Chennai"
2482,Priya Krishnan 2482,9610002482,priya.krishnan.2482@gmail.com,"782 Main Road, Coimbatore"
2483,Rahul Krishnan 2483,9610002483,rahul.krishnan.2483@gmail.com,"783 Main Road, Bangalore"
2484,Divya Krishnan 2484,9610002484,divya.krishnan.2484@gmail.com,"784 Main Road, Hyderabad"
2485,Karthik Krishnan 2485,9610002485,karthik.krishnan.2485@gmail.com,"785 Main Road, Madurai"
2486,Sneha Krishnan 2486,9610002486,sneha.krishnan.2486@gmail.com,"786 Main Road, Salem"
2487,Vijay Krishnan 2487,9610002487,vijay.krishnan.2487@gmail.com,"787 Main Road, Trichy"
2488,Anitha Krishnan 2488,9610002488,anitha.krishnan.2488@gmail.com,"788 Main Road, Pune"
2489,Suresh Krishnan 2489,9610002489,suresh.krishnan.2489@gmail.com,"789 Main Road, Mumbai"
2490,Meena Krishnan 2490,9610002490,meena.krishnan.2490@gmail.com,"790 Main Road, Kochi"
2491,Ajay Krishnan 2491,9610002491,ajay.krishnan.2491@gmail.com,"791 Main Road, Chennai"
2492,Kavya Krishnan 2492,9610002492,kavya.krishnan.2492@gmail.com,"792 Main Road, Coimbatore"
2493,Ravi Krishnan 2493,9610002493,ravi.krishnan.2493@gmail.com,"793 Main Road, Bangalore"
2494,Pooja Krishnan 2494,9610002494,pooja.krishnan.2494@gmail.com,"794 Main Road, Hyderabad"
2495,Manoj Krishnan 2495,9610002495,manoj.krishnan.2495@gmail.com,"795 Main Road, Madurai"
2496,Swathi Krishnan 2496,9610002496,swathi.krishnan.2496@gmail.com,"796 Main Road, Salem"
2497,Gokul Krishnan 2497,9610002497,gokul.krishnan.2497@gmail.com,"797 Main Road, Trichy"
2498,Nisha Krishnan 2498,9610002498,nisha.krishnan.2498@gmail.com,"798 Main Road, Pune"
2499,Harish Krishnan 2499,9610002499,harish.krishnan.2499@gmail.com,"799 Main Road, Mumbai"
2500,Deepa Krishnan 2500,9610002500,deepa.krishnan.2500@gmail.com,"800 Main Road, Kochi"
2501,Arun Reddy 2501,9610002501,arun.reddy.2501@gmail.com,"801 Main Road, Chennai"
2502,Priya Reddy 2502,9610002502,priya.reddy.2502@gmail.com,"802 Main Road, Coimbatore"
2503,Rahul Reddy 2503,9610002503,rahul.reddy.2503@gmail.com,"803 Main Road, Bangalore"
2504,Divya Reddy 2504,9610002504,divya.reddy.2504@gmail.com,"804 Main Road, Hyderabad"
2505,Karthik Reddy 2505,9610002505,karthik.reddy.2505@gmail.com,"805 Main Road, Madurai"
2506,Sneha Reddy 2506,9610002506,sneha.reddy.2506@gmail.com,"806 Main Road, Salem"
2507,Vijay Reddy 2507,9610002507,vijay.reddy.2507@gmail.com,"807 Main Road, Trichy"
2508,Anitha Reddy 2508,9610002508,anitha.reddy.2508@gmail.com,"808 Main Road, Pune"
2509,Suresh Reddy 2509,9610002509,suresh.reddy.2509@gmail.com,"809 Main Road, Mumbai"
2510,Meena Reddy 2510,9610002510,meena.reddy.2510@gmail.com,"810 Main Road, Kochi"
2511,Ajay Reddy 2511,9610002511,ajay.reddy.2511@gmail.com,"811 Main Road, Chennai"
2512,Kavya Reddy 2512,9610002512,kavya.reddy.2512@gmail.com,"812 Main Road, Coimbatore"
2513,Ravi Reddy 2513,9610002513,ravi.reddy.2513@gmail.com,"813 Main Road, Bangalore"
2514,Pooja Reddy 2514,9610002514,pooja.reddy.2514@gmail.com,"814 Main Road, Hyderabad"
2515,Manoj Reddy 2515,9610002515,manoj.reddy.2515@gmail.com,"815 Main Road, Madurai"
2516,Swathi Reddy 2516,9610002516,swathi.reddy.2516@gmail.com,"816 Main Road, Salem"
2517,Gokul Reddy 2517,9610002517,gokul.reddy.2517@gmail.com,"817 Main Road, Trichy"
2518,Nisha Reddy 2518,9610002518,nisha.reddy.2518@gmail.com,"818 Main Road, Pune"
2519,Harish Reddy 2519,9610002519,harish.reddy.2519@gmail.com,"819 Main Road, Mumbai"
2520,Deepa Reddy 2520,9610002520,deepa.reddy.2520@gmail.com,"820 Main Road, Kochi"
2521,Arun Iyer 2521,9610002521,arun.iyer.2521@gmail.com,"821 Main Road, Chennai"
2522,Priya Iyer 2522,9610002522,priya.iyer.2522@gmail.com,"822 Main Road, Coimbatore"
2523,Rahul Iyer 2523,9610002523,rahul.iyer.2523@gmail.com,"823 Main Road, Bangalore"
2524,Divya Iyer 2524,9610002524,divya.iyer.2524@gmail.com,"824 Main Road, Hyderabad"
2525,Karthik Iyer 2525,9610002525,karthik.iyer.2525@gmail.com,"825 Main Road, Madurai"
2526,Sneha Iyer 2526,9610002526,sneha.iyer.2526@gmail.com,"826 Main Road, Salem"
2527,Vijay Iyer 2527,9610002527,vijay.iyer.2527@gmail.com,"827 Main Road, Trichy"
2528,Anitha Iyer 2528,9610002528,anitha.iyer.2528@gmail.com,"828 Main Road, Pune"
2529,Suresh Iyer 2529,9610002529,suresh.iyer.2529@gmail.com,"829 Main Road, Mumbai"
2530,Meena Iyer 2530,9610002530,meena.iyer.2530@gmail.com,"830 Main Road, Kochi"
2531,Ajay Iyer 2531,9610002531,ajay.iyer.2531@gmail.com,"831 Main Road, Chennai"
2532,Kavya Iyer 2532,9610002532,kavya.iyer.2532@gmail.com,"832 Main Road, Coimbatore"
2533,Ravi Iyer 2533,9610002533,ravi.iyer.2533@gmail.com,"833 Main Road, Bangalore"
2534,Pooja Iyer 2534,9610002534,pooja.iyer.2534@gmail.com,"834 Main Road, Hyderabad"
2535,Manoj Iyer 2535,9610002535,manoj.iyer.2535@gmail.com,"835 Main Road, Madurai"
2536,Swathi Iyer 2536,9610002536,swathi.iyer.2536@gmail.com,"836 Main Road, Salem"
2537,Gokul Iyer 2537,9610002537,gokul.iyer.2537@gmail.com,"837 Main Road, Trichy"
2538,Nisha Iyer 2538,9610002538,nisha.iyer.2538@gmail.com,"838 Main Road, Pune"
2539,Harish Iyer 2539,9610002539,harish.iyer.2539@gmail.com,"839 Main Road, Mumbai"
2540,Deepa Iyer 2540,9610002540,deepa.iyer.2540@gmail.com,"840 Main Road, Kochi"
2541,Arun Nair 2541,9610002541,arun.nair.2541@gmail.com,"841 Main Road, Chennai"
2542,Priya Nair 2542,9610002542,priya.nair.2542@gmail.com,"842 Main Road, Coimbatore"
2543,Rahul Nair 2543,9610002543,rahul.nair.2543@gmail.com,"843 Main Road, Bangalore"
2544,Divya Nair 2544,9610002544,divya.nair.2544@gmail.com,"844 Main Road, Hyderabad"
2545,Karthik Nair 2545,9610002545,karthik.nair.2545@gmail.com,"845 Main Road, Madurai"
2546,Sneha Nair 2546,9610002546,sneha.nair.2546@gmail.com,"846 Main Road, Salem"
2547,Vijay Nair 2547,9610002547,vijay.nair.2547@gmail.com,"847 Main Road, Trichy"
2548,Anitha Nair 2548,9610002548,anitha.nair.2548@gmail.com,"848 Main Road, Pune"
2549,Suresh Nair 2549,9610002549,suresh.nair.2549@gmail.com,"849 Main Road, Mumbai"
2550,Meena Nair 2550,9610002550,meena.nair.2550@gmail.com,"850 Main Road, Kochi"
2551,Ajay Nair 2551,9610002551,ajay.nair.2551@gmail.com,"851 Main Road, Chennai"
2552,Kavya Nair 2552,9610002552,kavya.nair.2552@gmail.com,"852 Main Road, Coimbatore"
2553,Ravi Nair 2553,9610002553,ravi.nair.2553@gmail.com,"853 Main Road, Bangalore"
2554,Pooja Nair 2554,9610002554,pooja.nair.2554@gmail.com,"854 Main Road, Hyderabad"
2555,Manoj Nair 2555,9610002555,manoj.nair.2555@gmail.com,"855 Main Road, Madurai"
2556,Swathi Nair 2556,9610002556,swathi.nair.2556@gmail.com,"856 Main Road, Salem"
2557,Gokul Nair 2557,9610002557,gokul.nair.2557@gmail.com,"857 Main Road, Trichy"
2558,Nisha Nair 2558,9610002558,nisha.nair.2558@gmail.com,"858 Main Road, Pune"
2559,Harish Nair 2559,9610002559,harish.nair.2559@gmail.com,"859 Main Road, Mumbai"
2560,Deepa Nair 2560,9610002560,deepa.nair.2560@gmail.com,"860 Main Road, Kochi"
2561,Arun Patel 2561,9610002561,arun.patel.2561@gmail.com,"861 Main Road, Chennai"
2562,Priya Patel 2562,9610002562,priya.patel.2562@gmail.com,"862 Main Road, Coimbatore"
2563,Rahul Patel 2563,9610002563,rahul.patel.2563@gmail.com,"863 Main Road, Bangalore"
2564,Divya Patel 2564,9610002564,divya.patel.2564@gmail.com,"864 Main Road, Hyderabad"
2565,Karthik Patel 2565,9610002565,karthik.patel.2565@gmail.com,"865 Main Road, Madurai"
2566,Sneha Patel 2566,9610002566,sneha.patel.2566@gmail.com,"866 Main Road, Salem"
2567,Vijay Patel 2567,9610002567,vijay.patel.2567@gmail.com,"867 Main Road, Trichy"
2568,Anitha Patel 2568,9610002568,anitha.patel.2568@gmail.com,"868 Main Road, Pune"
2569,Suresh Patel 2569,9610002569,suresh.patel.2569@gmail.com,"869 Main Road, Mumbai"
2570,Meena Patel 2570,9610002570,meena.patel.2570@gmail.com,"870 Main Road, Kochi"
2571,Ajay Patel 2571,9610002571,ajay.patel.2571@gmail.com,"871 Main Road, Chennai"
2572,Kavya Patel 2572,9610002572,kavya.patel.2572@gmail.com,"872 Main Road, Coimbatore"
2573,Ravi Patel 2573,9610002573,ravi.patel.2573@gmail.com,"873 Main Road, Bangalore"
2574,Pooja Patel 2574,9610002574,pooja.patel.2574@gmail.com,"874 Main Road, Hyderabad"
2575,Manoj Patel 2575,9610002575,manoj.patel.2575@gmail.com,"875 Main Road, Madurai"
2576,Swathi Patel 2576,9610002576,swathi.patel.2576@gmail.com,"876 Main Road, Salem"
2577,Gokul Patel 2577,9610002577,gokul.patel.2577@gmail.com,"877 Main Road, Trichy"
2578,Nisha Patel 2578,9610002578,nisha.patel.2578@gmail.com,"878 Main Road, Pune"
2579,Harish Patel 2579,9610002579,harish.patel.2579@gmail.com,"879 Main Road, Mumbai"
2580,Deepa Patel 2580,9610002580,deepa.patel.2580@gmail.com,"880 Main Road, Kochi"
2581,Arun Singh 2581,9610002581,arun.singh.2581@gmail.com,"881 Main Road, Chennai"
2582,Priya Singh 2582,9610002582,priya.singh.2582@gmail.com,"882 Main Road, Coimbatore"
2583,Rahul Singh 2583,9610002583,rahul.singh.2583@gmail.com,"883 Main Road, Bangalore"
2584,Divya Singh 2584,9610002584,divya.singh.2584@gmail.com,"884 Main Road, Hyderabad"
2585,Karthik Singh 2585,9610002585,karthik.singh.2585@gmail.com,"885 Main Road, Madurai"
2586,Sneha Singh 2586,9610002586,sneha.singh.2586@gmail.com,"886 Main Road, Salem"
2587,Vijay Singh 2587,9610002587,vijay.singh.2587@gmail.com,"887 Main Road, Trichy"
2588,Anitha Singh 2588,9610002588,anitha.singh.2588@gmail.com,"888 Main Road, Pune"
2589,Suresh Singh 2589,9610002589,suresh.singh.2589@gmail.com,"889 Main Road, Mumbai"
2590,Meena Singh 2590,9610002590,meena.singh.2590@gmail.com,"890 Main Road, Kochi"
2591,Ajay Singh 2591,9610002591,ajay.singh.2591@gmail.com,"891 Main Road, Chennai"
2592,Kavya Singh 2592,9610002592,kavya.singh.2592@gmail.com,"892 Main Road, Coimbatore"
2593,Ravi Singh 2593,9610002593,ravi.singh.2593@gmail.com,"893 Main Road, Bangalore"
2594,Pooja Singh 2594,9610002594,pooja.singh.2594@gmail.com,"894 Main Road, Hyderabad"
2595,Manoj Singh 2595,9610002595,manoj.singh.2595@gmail.com,"895 Main Road, Madurai"
2596,Swathi Singh 2596,9610002596,swathi.singh.2596@gmail.com,"896 Main Road, Salem"
2597,Gokul Singh 2597,9610002597,gokul.singh.2597@gmail.com,"897 Main Road, Trichy"
2598,Nisha Singh 2598,9610002598,nisha.singh.2598@gmail.com,"898 Main Road, Pune"
2599,Harish Singh 2599,9610002599,harish.singh.2599@gmail.com,"899 Main Road, Mumbai"
2600,Deepa Singh 2600,9610002600,deepa.singh.2600@gmail.com,"900 Main Road, Kochi"
2601,Arun Kumar 2601,9610002601,arun.kumar.2601@gmail.com,"901 Main Road, Chennai"
2602,Priya Kumar 2602,9610002602,priya.kumar.2602@gmail.com,"902 Main Road, Coimbatore"
2603,Rahul Kumar 2603,9610002603,rahul.kumar.2603@gmail.com,"903 Main Road, Bangalore"
2604,Divya Kumar 2604,9610002604,divya.kumar.2604@gmail.com,"904 Main Road, Hyderabad"
2605,Karthik Kumar 2605,9610002605,karthik.kumar.2605@gmail.com,"905 Main Road, Madurai"
2606,Sneha Kumar 2606,9610002606,sneha.kumar.2606@gmail.com,"906 Main Road, Salem"
2607,Vijay Kumar 2607,9610002607,vijay.kumar.2607@gmail.com,"907 Main Road, Trichy"
2608,Anitha Kumar 2608,9610002608,anitha.kumar.2608@gmail.com,"908 Main Road, Pune"
2609,Suresh Kumar 2609,9610002609,suresh.kumar.2609@gmail.com,"909 Main Road, Mumbai"
2610,Meena Kumar 2610,9610002610,meena.kumar.2610@gmail.com,"910 Main Road, Kochi"
2611,Ajay Kumar 2611,9610002611,ajay.kumar.2611@gmail.com,"911 Main Road, Chennai"
2612,Kavya Kumar 2612,9610002612,kavya.kumar.2612@gmail.com,"912 Main Road, Coimbatore"
2613,Ravi Kumar 2613,9610002613,ravi.kumar.2613@gmail.com,"913 Main Road, Bangalore"
2614,Pooja Kumar 2614,9610002614,pooja.kumar.2614@gmail.com,"914 Main Road, Hyderabad"
2615,Manoj Kumar 2615,9610002615,manoj.kumar.2615@gmail.com,"915 Main Road, Madurai"
2616,Swathi Kumar 2616,9610002616,swathi.kumar.2616@gmail.com,"916 Main Road, Salem"
2617,Gokul Kumar 2617,9610002617,gokul.kumar.2617@gmail.com,"917 Main Road, Trichy"
2618,Nisha Kumar 2618,9610002618,nisha.kumar.2618@gmail.com,"918 Main Road, Pune"
2619,Harish Kumar 2619,9610002619,harish.kumar.2619@gmail.com,"919 Main Road, Mumbai"
2620,Deepa Kumar 2620,9610002620,deepa.kumar.2620@gmail.com,"920 Main Road, Kochi"
2621,Arun Sharma 2621,9610002621,arun.sharma.2621@gmail.com,"921 Main Road, Chennai"
2622,Priya Sharma 2622,9610002622,priya.sharma.2622@gmail.com,"922 Main Road, Coimbatore"
2623,Rahul Sharma 2623,9610002623,rahul.sharma.2623@gmail.com,"923 Main Road, Bangalore"
2624,Divya Sharma 2624,9610002624,divya.sharma.2624@gmail.com,"924 Main Road, Hyderabad"
2625,Karthik Sharma 2625,9610002625,karthik.sharma.2625@gmail.com,"925 Main Road, Madurai"
2626,Sneha Sharma 2626,9610002626,sneha.sharma.2626@gmail.com,"926 Main Road, Salem"
2627,Vijay Sharma 2627,9610002627,vijay.sharma.2627@gmail.com,"927 Main Road, Trichy"
2628,Anitha Sharma 2628,9610002628,anitha.sharma.2628@gmail.com,"928 Main Road, Pune"
2629,Suresh Sharma 2629,9610002629,suresh.sharma.2629@gmail.com,"929 Main Road, Mumbai"
2630,Meena Sharma 2630,9610002630,meena.sharma.2630@gmail.com,"930 Main Road, Kochi"
2631,Ajay Sharma 2631,9610002631,ajay.sharma.2631@gmail.com,"931 Main Road, Chennai"
2632,Kavya Sharma 2632,9610002632,kavya.sharma.2632@gmail.com,"932 Main Road, Coimbatore"
2633,Ravi Sharma 2633,9610002633,ravi.sharma.2633@gmail.com,"933 Main Road, Bangalore"
2634,Pooja Sharma 2634,9610002634,pooja.sharma.2634@gmail.com,"934 Main Road, Hyderabad"
2635,Manoj Sharma 2635,9610002635,manoj.sharma.2635@gmail.com,"935 Main Road, Madurai"
2636,Swathi Sharma 2636,9610002636,swathi.sharma.2636@gmail.com,"936 Main Road, Salem"
2637,Gokul Sharma 2637,9610002637,gokul.sharma.2637@gmail.com,"937 Main Road, Trichy"
2638,Nisha Sharma 2638,9610002638,nisha.sharma.2638@gmail.com,"938 Main Road, Pune"
2639,Harish Sharma 2639,9610002639,harish.sharma.2639@gmail.com,"939 Main Road, Mumbai"
2640,Deepa Sharma 2640,9610002640,deepa.sharma.2640@gmail.com,"940 Main Road, Kochi"
2641,Arun Raj 2641,9610002641,arun.raj.2641@gmail.com,"941 Main Road, Chennai"
2642,Priya Raj 2642,9610002642,priya.raj.2642@gmail.com,"942 Main Road, Coimbatore"
2643,Rahul Raj 2643,9610002643,rahul.raj.2643@gmail.com,"943 Main Road, Bangalore"
2644,Divya Raj 2644,9610002644,divya.raj.2644@gmail.com,"944 Main Road, Hyderabad"
2645,Karthik Raj 2645,9610002645,karthik.raj.2645@gmail.com,"945 Main Road, Madurai"
2646,Sneha Raj 2646,9610002646,sneha.raj.2646@gmail.com,"946 Main Road, Salem"
2647,Vijay Raj 2647,9610002647,vijay.raj.2647@gmail.com,"947 Main Road, Trichy"
2648,Anitha Raj 2648,9610002648,anitha.raj.2648@gmail.com,"948 Main Road, Pune"
2649,Suresh Raj 2649,9610002649,suresh.raj.2649@gmail.com,"949 Main Road, Mumbai"
2650,Meena Raj 2650,9610002650,meena.raj.2650@gmail.com,"950 Main Road, Kochi"
2651,Ajay Raj 2651,9610002651,ajay.raj.2651@gmail.com,"951 Main Road, Chennai"
2652,Kavya Raj 2652,9610002652,kavya.raj.2652@gmail.com,"952 Main Road, Coimbatore"
2653,Ravi Raj 2653,9610002653,ravi.raj.2653@gmail.com,"953 Main Road, Bangalore"
2654,Pooja Raj 2654,9610002654,pooja.raj.2654@gmail.com,"954 Main Road, Hyderabad"
2655,Manoj Raj 2655,9610002655,manoj.raj.2655@gmail.com,"955 Main Road, Madurai"
2656,Swathi Raj 2656,9610002656,swathi.raj.2656@gmail.com,"956 Main Road, Salem"
2657,Gokul Raj 2657,9610002657,gokul.raj.2657@gmail.com,"957 Main Road, Trichy"
2658,Nisha Raj 2658,9610002658,nisha.raj.2658@gmail.com,"958 Main Road, Pune"
2659,Harish Raj 2659,9610002659,harish.raj.2659@gmail.com,"959 Main Road, Mumbai"
2660,Deepa Raj 2660,9610002660,deepa.raj.2660@gmail.com,"960 Main Road, Kochi"
2661,Arun Devi 2661,9610002661,arun.devi.2661@gmail.com,"961 Main Road, Chennai"
2662,Priya Devi 2662,9610002662,priya.devi.2662@gmail.com,"962 Main Road, Coimbatore"
2663,Rahul Devi 2663,9610002663,rahul.devi.2663@gmail.com,"963 Main Road, Bangalore"
2664,Divya Devi 2664,9610002664,divya.devi.2664@gmail.com,"964 Main Road, Hyderabad"
2665,Karthik Devi 2665,9610002665,karthik.devi.2665@gmail.com,"965 Main Road, Madurai"
2666,Sneha Devi 2666,9610002666,sneha.devi.2666@gmail.com,"966 Main Road, Salem"
2667,Vijay Devi 2667,9610002667,vijay.devi.2667@gmail.com,"967 Main Road, Trichy"
2668,Anitha Devi 2668,9610002668,anitha.devi.2668@gmail.com,"968 Main Road, Pune"
2669,Suresh Devi 2669,9610002669,suresh.devi.2669@gmail.com,"969 Main Road, Mumbai"
2670,Meena Devi 2670,9610002670,meena.devi.2670@gmail.com,"970 Main Road, Kochi"
2671,Ajay Devi 2671,9610002671,ajay.devi.2671@gmail.com,"971 Main Road, Chennai"
2672,Kavya Devi 2672,9610002672,kavya.devi.2672@gmail.com,"972 Main Road, Coimbatore"
2673,Ravi Devi 2673,9610002673,ravi.devi.2673@gmail.com,"973 Main Road, Bangalore"
2674,Pooja Devi 2674,9610002674,pooja.devi.2674@gmail.com,"974 Main Road, Hyderabad"
2675,Manoj Devi 2675,9610002675,manoj.devi.2675@gmail.com,"975 Main Road, Madurai"
2676,Swathi Devi 2676,9610002676,swathi.devi.2676@gmail.com,"976 Main Road, Salem"
2677,Gokul Devi 2677,9610002677,gokul.devi.2677@gmail.com,"977 Main Road, Trichy"
2678,Nisha Devi 2678,9610002678,nisha.devi.2678@gmail.com,"978 Main Road, Pune"
2679,Harish Devi 2679,9610002679,harish.devi.2679@gmail.com,"979 Main Road, Mumbai"
2680,Deepa Devi 2680,9610002680,deepa.devi.2680@gmail.com,"980 Main Road, Kochi"
2681,Arun Krishnan 2681,9610002681,arun.krishnan.2681@gmail.com,"981 Main Road, Chennai"
2682,Priya Krishnan 2682,9610002682,priya.krishnan.2682@gmail.com,"982 Main Road, Coimbatore"
2683,Rahul Krishnan 2683,9610002683,rahul.krishnan.2683@gmail.com,"983 Main Road, Bangalore"
2684,Divya Krishnan 2684,9610002684,divya.krishnan.2684@gmail.com,"984 Main Road, Hyderabad"
2685,Karthik Krishnan 2685,9610002685,karthik.krishnan.2685@gmail.com,"985 Main Road, Madurai"
2686,Sneha Krishnan 2686,9610002686,sneha.krishnan.2686@gmail.com,"986 Main Road, Salem"
2687,Vijay Krishnan 2687,9610002687,vijay.krishnan.2687@gmail.com,"987 Main Road, Trichy"
2688,Anitha Krishnan 2688,9610002688,anitha.krishnan.2688@gmail.com,"988 Main Road, Pune"
2689,Suresh Krishnan 2689,9610002689,suresh.krishnan.2689@gmail.com,"989 Main Road, Mumbai"
2690,Meena Krishnan 2690,9610002690,meena.krishnan.2690@gmail.com,"990 Main Road, Kochi"
2691,Ajay Krishnan 2691,9610002691,ajay.krishnan.2691@gmail.com,"991 Main Road, Chennai"
2692,Kavya Krishnan 2692,9610002692,kavya.krishnan.2692@gmail.com,"992 Main Road, Coimbatore"
2693,Ravi Krishnan 2693,9610002693,ravi.krishnan.2693@gmail.com,"993 Main Road, Bangalore"
2694,Pooja Krishnan 2694,9610002694,pooja.krishnan.2694@gmail.com,"994 Main Road, Hyderabad"
2695,Manoj Krishnan 2695,9610002695,manoj.krishnan.2695@gmail.com,"995 Main Road, Madurai"
2696,Swathi Krishnan 2696,9610002696,swathi.krishnan.2696@gmail.com,"996 Main Road, Salem"
2697,Gokul Krishnan 2697,9610002697,gokul.krishnan.2697@gmail.com,"997 Main Road, Trichy"
2698,Nisha Krishnan 2698,9610002698,nisha.krishnan.2698@gmail.com,"998 Main Road, Pune"
2699,Harish Krishnan 2699,9610002699,harish.krishnan.2699@gmail.com,"999 Main Road, Mumbai"
2700,Deepa Krishnan 2700,9610002700,deepa.krishnan.2700@gmail.com,"100 Main Road, Kochi"
2701,Arun Reddy 2701,9610002701,arun.reddy.2701@gmail.com,"101 Main Road, Chennai"
2702,Priya Reddy 2702,9610002702,priya.reddy.2702@gmail.com,"102 Main Road, Coimbatore"
2703,Rahul Reddy 2703,9610002703,rahul.reddy.2703@gmail.com,"103 Main Road, Bangalore"
2704,Divya Reddy 2704,9610002704,divya.reddy.2704@gmail.com,"104 Main Road, Hyderabad"
2705,Karthik Reddy 2705,9610002705,karthik.reddy.2705@gmail.com,"105 Main Road, Madurai"
2706,Sneha Reddy 2706,9610002706,sneha.reddy.2706@gmail.com,"106 Main Road, Salem"
2707,Vijay Reddy 2707,9610002707,vijay.reddy.2707@gmail.com,"107 Main Road, Trichy"
2708,Anitha Reddy 2708,9610002708,anitha.reddy.2708@gmail.com,"108 Main Road, Pune"
2709,Suresh Reddy 2709,9610002709,suresh.reddy.2709@gmail.com,"109 Main Road, Mumbai"
2710,Meena Reddy 2710,9610002710,meena.reddy.2710@gmail.com,"110 Main Road, Kochi"
2711,Ajay Reddy 2711,9610002711,ajay.reddy.2711@gmail.com,"111 Main Road, Chennai"
2712,Kavya Reddy 2712,9610002712,kavya.reddy.2712@gmail.com,"112 Main Road, Coimbatore"
2713,Ravi Reddy 2713,9610002713,ravi.reddy.2713@gmail.com,"113 Main Road, Bangalore"
2714,Pooja Reddy 2714,9610002714,pooja.reddy.2714@gmail.com,"114 Main Road, Hyderabad"
2715,Manoj Reddy 2715,9610002715,manoj.reddy.2715@gmail.com,"115 Main Road, Madurai"
2716,Swathi Reddy 2716,9610002716,swathi.reddy.2716@gmail.com,"116 Main Road, Salem"
2717,Gokul Reddy 2717,9610002717,gokul.reddy.2717@gmail.com,"117 Main Road, Trichy"
2718,Nisha Reddy 2718,9610002718,nisha.reddy.2718@gmail.com,"118 Main Road, Pune"
2719,Harish Reddy 2719,9610002719,harish.reddy.2719@gmail.com,"119 Main Road, Mumbai"
2720,Deepa Reddy 2720,9610002720,deepa.reddy.2720@gmail.com,"120 Main Road, Kochi"
2721,Arun Iyer 2721,9610002721,arun.iyer.2721@gmail.com,"121 Main Road, Chennai"
2722,Priya Iyer 2722,9610002722,priya.iyer.2722@gmail.com,"122 Main Road, Coimbatore"
2723,Rahul Iyer 2723,9610002723,rahul.iyer.2723@gmail.com,"123 Main Road, Bangalore"
2724,Divya Iyer 2724,9610002724,divya.iyer.2724@gmail.com,"124 Main Road, Hyderabad"
2725,Karthik Iyer 2725,9610002725,karthik.iyer.2725@gmail.com,"125 Main Road, Madurai"
2726,Sneha Iyer 2726,9610002726,sneha.iyer.2726@gmail.com,"126 Main Road, Salem"
2727,Vijay Iyer 2727,9610002727,vijay.iyer.2727@gmail.com,"127 Main Road, Trichy"
2728,Anitha Iyer 2728,9610002728,anitha.iyer.2728@gmail.com,"128 Main Road, Pune"
2729,Suresh Iyer 2729,9610002729,suresh.iyer.2729@gmail.com,"129 Main Road, Mumbai"
2730,Meena Iyer 2730,9610002730,meena.iyer.2730@gmail.com,"130 Main Road, Kochi"
2731,Ajay Iyer 2731,9610002731,ajay.iyer.2731@gmail.com,"131 Main Road, Chennai"
2732,Kavya Iyer 2732,9610002732,kavya.iyer.2732@gmail.com,"132 Main Road, Coimbatore"
2733,Ravi Iyer 2733,9610002733,ravi.iyer.2733@gmail.com,"133 Main Road, Bangalore"
2734,Pooja Iyer 2734,9610002734,pooja.iyer.2734@gmail.com,"134 Main Road, Hyderabad"
2735,Manoj Iyer 2735,9610002735,manoj.iyer.2735@gmail.com,"135 Main Road, Madurai"
2736,Swathi Iyer 2736,9610002736,swathi.iyer.2736@gmail.com,"136 Main Road, Salem"
2737,Gokul Iyer 2737,9610002737,gokul.iyer.2737@gmail.com,"137 Main Road, Trichy"
2738,Nisha Iyer 2738,9610002738,nisha.iyer.2738@gmail.com,"138 Main Road, Pune"
2739,Harish Iyer 2739,9610002739,harish.iyer.2739@gmail.com,"139 Main Road, Mumbai"
2740,Deepa Iyer 2740,9610002740,deepa.iyer.2740@gmail.com,"140 Main Road, Kochi"
2741,Arun Nair 2741,9610002741,arun.nair.2741@gmail.com,"141 Main Road, Chennai"
2742,Priya Nair 2742,9610002742,priya.nair.2742@gmail.com,"142 Main Road, Coimbatore"
2743,Rahul Nair 2743,9610002743,rahul.nair.2743@gmail.com,"143 Main Road, Bangalore"
2744,Divya Nair 2744,9610002744,divya.nair.2744@gmail.com,"144 Main Road, Hyderabad"
2745,Karthik Nair 2745,9610002745,karthik.nair.2745@gmail.com,"145 Main Road, Madurai"
2746,Sneha Nair 2746,9610002746,sneha.nair.2746@gmail.com,"146 Main Road, Salem"
2747,Vijay Nair 2747,9610002747,vijay.nair.2747@gmail.com,"147 Main Road, Trichy"
2748,Anitha Nair 2748,9610002748,anitha.nair.2748@gmail.com,"148 Main Road, Pune"
2749,Suresh Nair 2749,9610002749,suresh.nair.2749@gmail.com,"149 Main Road, Mumbai"
2750,Meena Nair 2750,9610002750,meena.nair.2750@gmail.com,"150 Main Road, Kochi"
2751,Ajay Nair 2751,9610002751,ajay.nair.2751@gmail.com,"151 Main Road, Chennai"
2752,Kavya Nair 2752,9610002752,kavya.nair.2752@gmail.com,"152 Main Road, Coimbatore"
2753,Ravi Nair 2753,9610002753,ravi.nair.2753@gmail.com,"153 Main Road, Bangalore"
2754,Pooja Nair 2754,9610002754,pooja.nair.2754@gmail.com,"154 Main Road, Hyderabad"
2755,Manoj Nair 2755,9610002755,manoj.nair.2755@gmail.com,"155 Main Road, Madurai"
2756,Swathi Nair 2756,9610002756,swathi.nair.2756@gmail.com,"156 Main Road, Salem"
2757,Gokul Nair 2757,9610002757,gokul.nair.2757@gmail.com,"157 Main Road, Trichy"
2758,Nisha Nair 2758,9610002758,nisha.nair.2758@gmail.com,"158 Main Road, Pune"
2759,Harish Nair 2759,9610002759,harish.nair.2759@gmail.com,"159 Main Road, Mumbai"
2760,Deepa Nair 2760,9610002760,deepa.nair.2760@gmail.com,"160 Main Road, Kochi"
2761,Arun Patel 2761,9610002761,arun.patel.2761@gmail.com,"161 Main Road, Chennai"
2762,Priya Patel 2762,9610002762,priya.patel.2762@gmail.com,"162 Main Road, Coimbatore"
2763,Rahul Patel 2763,9610002763,rahul.patel.2763@gmail.com,"163 Main Road, Bangalore"
2764,Divya Patel 2764,9610002764,divya.patel.2764@gmail.com,"164 Main Road, Hyderabad"
2765,Karthik Patel 2765,9610002765,karthik.patel.2765@gmail.com,"165 Main Road, Madurai"
2766,Sneha Patel 2766,9610002766,sneha.patel.2766@gmail.com,"166 Main Road, Salem"
2767,Vijay Patel 2767,9610002767,vijay.patel.2767@gmail.com,"167 Main Road, Trichy"
2768,Anitha Patel 2768,9610002768,anitha.patel.2768@gmail.com,"168 Main Road, Pune"
2769,Suresh Patel 2769,9610002769,suresh.patel.2769@gmail.com,"169 Main Road, Mumbai"
2770,Meena Patel 2770,9610002770,meena.patel.2770@gmail.com,"170 Main Road, Kochi"
2771,Ajay Patel 2771,9610002771,ajay.patel.2771@gmail.com,"171 Main Road, Chennai"
2772,Kavya Patel 2772,9610002772,kavya.patel.2772@gmail.com,"172 Main Road, Coimbatore"
2773,Ravi Patel 2773,9610002773,ravi.patel.2773@gmail.com,"173 Main Road, Bangalore"
2774,Pooja Patel 2774,9610002774,pooja.patel.2774@gmail.com,"174 Main Road, Hyderabad"
2775,Manoj Patel 2775,9610002775,manoj.patel.2775@gmail.com,"175 Main Road, Madurai"
2776,Swathi Patel 2776,9610002776,swathi.patel.2776@gmail.com,"176 Main Road, Salem"
2777,Gokul Patel 2777,9610002777,gokul.patel.2777@gmail.com,"177 Main Road, Trichy"
2778,Nisha Patel 2778,9610002778,nisha.patel.2778@gmail.com,"178 Main Road, Pune"
2779,Harish Patel 2779,9610002779,harish.patel.2779@gmail.com,"179 Main Road, Mumbai"
2780,Deepa Patel 2780,9610002780,deepa.patel.2780@gmail.com,"180 Main Road, Kochi"
2781,Arun Singh 2781,9610002781,arun.singh.2781@gmail.com,"181 Main Road, Chennai"
2782,Priya Singh 2782,9610002782,priya.singh.2782@gmail.com,"182 Main Road, Coimbatore"
2783,Rahul Singh 2783,9610002783,rahul.singh.2783@gmail.com,"183 Main Road, Bangalore"
2784,Divya Singh 2784,9610002784,divya.singh.2784@gmail.com,"184 Main Road, Hyderabad"
2785,Karthik Singh 2785,9610002785,karthik.singh.2785@gmail.com,"185 Main Road, Madurai"
2786,Sneha Singh 2786,9610002786,sneha.singh.2786@gmail.com,"186 Main Road, Salem"
2787,Vijay Singh 2787,9610002787,vijay.singh.2787@gmail.com,"187 Main Road, Trichy"
2788,Anitha Singh 2788,9610002788,anitha.singh.2788@gmail.com,"188 Main Road, Pune"
2789,Suresh Singh 2789,9610002789,suresh.singh.2789@gmail.com,"189 Main Road, Mumbai"
2790,Meena Singh 2790,9610002790,meena.singh.2790@gmail.com,"190 Main Road, Kochi"
2791,Ajay Singh 2791,9610002791,ajay.singh.2791@gmail.com,"191 Main Road, Chennai"
2792,Kavya Singh 2792,9610002792,kavya.singh.2792@gmail.com,"192 Main Road, Coimbatore"
2793,Ravi Singh 2793,9610002793,ravi.singh.2793@gmail.com,"193 Main Road, Bangalore"
2794,Pooja Singh 2794,9610002794,pooja.singh.2794@gmail.com,"194 Main Road, Hyderabad"
2795,Manoj Singh 2795,9610002795,manoj.singh.2795@gmail.com,"195 Main Road, Madurai"
2796,Swathi Singh 2796,9610002796,swathi.singh.2796@gmail.com,"196 Main Road, Salem"
2797,Gokul Singh 2797,9610002797,gokul.singh.2797@gmail.com,"197 Main Road, Trichy"
2798,Nisha Singh 2798,9610002798,nisha.singh.2798@gmail.com,"198 Main Road, Pune"
2799,Harish Singh 2799,9610002799,harish.singh.2799@gmail.com,"199 Main Road, Mumbai"
2800,Deepa Singh 2800,9610002800,deepa.singh.2800@gmail.com,"200 Main Road, Kochi"
2801,Arun Kumar 2801,9610002801,arun.kumar.2801@gmail.com,"201 Main Road, Chennai"
2802,Priya Kumar 2802,9610002802,priya.kumar.2802@gmail.com,"202 Main Road, Coimbatore"
2803,Rahul Kumar 2803,9610002803,rahul.kumar.2803@gmail.com,"203 Main Road, Bangalore"
2804,Divya Kumar 2804,9610002804,divya.kumar.2804@gmail.com,"204 Main Road, Hyderabad"
2805,Karthik Kumar 2805,9610002805,karthik.kumar.2805@gmail.com,"205 Main Road, Madurai"
2806,Sneha Kumar 2806,9610002806,sneha.kumar.2806@gmail.com,"206 Main Road, Salem"
2807,Vijay Kumar 2807,9610002807,vijay.kumar.2807@gmail.com,"207 Main Road, Trichy"
2808,Anitha Kumar 2808,9610002808,anitha.kumar.2808@gmail.com,"208 Main Road, Pune"
2809,Suresh Kumar 2809,9610002809,suresh.kumar.2809@gmail.com,"209 Main Road, Mumbai"
2810,Meena Kumar 2810,9610002810,meena.kumar.2810@gmail.com,"210 Main Road, Kochi"
2811,Ajay Kumar 2811,9610002811,ajay.kumar.2811@gmail.com,"211 Main Road, Chennai"
2812,Kavya Kumar 2812,9610002812,kavya.kumar.2812@gmail.com,"212 Main Road, Coimbatore"
2813,Ravi Kumar 2813,9610002813,ravi.kumar.2813@gmail.com,"213 Main Road, Bangalore"
2814,Pooja Kumar 2814,9610002814,pooja.kumar.2814@gmail.com,"214 Main Road, Hyderabad"
2815,Manoj Kumar 2815,9610002815,manoj.kumar.2815@gmail.com,"215 Main Road, Madurai"
2816,Swathi Kumar 2816,9610002816,swathi.kumar.2816@gmail.com,"216 Main Road, Salem"
2817,Gokul Kumar 2817,9610002817,gokul.kumar.2817@gmail.com,"217 Main Road, Trichy"
2818,Nisha Kumar 2818,9610002818,nisha.kumar.2818@gmail.com,"218 Main Road, Pune"
2819,Harish Kumar 2819,9610002819,harish.kumar.2819@gmail.com,"219 Main Road, Mumbai"
2820,Deepa Kumar 2820,9610002820,deepa.kumar.2820@gmail.com,"220 Main Road, Kochi"
2821,Arun Sharma 2821,9610002821,arun.sharma.2821@gmail.com,"221 Main Road, Chennai"
2822,Priya Sharma 2822,9610002822,priya.sharma.2822@gmail.com,"222 Main Road, Coimbatore"
2823,Rahul Sharma 2823,9610002823,rahul.sharma.2823@gmail.com,"223 Main Road, Bangalore"
2824,Divya Sharma 2824,9610002824,divya.sharma.2824@gmail.com,"224 Main Road, Hyderabad"
2825,Karthik Sharma 2825,9610002825,karthik.sharma.2825@gmail.com,"225 Main Road, Madurai"
2826,Sneha Sharma 2826,9610002826,sneha.sharma.2826@gmail.com,"226 Main Road, Salem"
2827,Vijay Sharma 2827,9610002827,vijay.sharma.2827@gmail.com,"227 Main Road, Trichy"
2828,Anitha Sharma 2828,9610002828,anitha.sharma.2828@gmail.com,"228 Main Road, Pune"
2829,Suresh Sharma 2829,9610002829,suresh.sharma.2829@gmail.com,"229 Main Road, Mumbai"
2830,Meena Sharma 2830,9610002830,meena.sharma.2830@gmail.com,"230 Main Road, Kochi"
2831,Ajay Sharma 2831,9610002831,ajay.sharma.2831@gmail.com,"231 Main Road, Chennai"
2832,Kavya Sharma 2832,9610002832,kavya.sharma.2832@gmail.com,"232 Main Road, Coimbatore"
2833,Ravi Sharma 2833,9610002833,ravi.sharma.2833@gmail.com,"233 Main Road, Bangalore"
2834,Pooja Sharma 2834,9610002834,pooja.sharma.2834@gmail.com,"234 Main Road, Hyderabad"
2835,Manoj Sharma 2835,9610002835,manoj.sharma.2835@gmail.com,"235 Main Road, Madurai"
2836,Swathi Sharma 2836,9610002836,swathi.sharma.2836@gmail.com,"236 Main Road, Salem"
2837,Gokul Sharma 2837,9610002837,gokul.sharma.2837@gmail.com,"237 Main Road, Trichy"
2838,Nisha Sharma 2838,9610002838,nisha.sharma.2838@gmail.com,"238 Main Road, Pune"
2839,Harish Sharma 2839,9610002839,harish.sharma.2839@gmail.com,"239 Main Road, Mumbai"
2840,Deepa Sharma 2840,9610002840,deepa.sharma.2840@gmail.com,"240 Main Road, Kochi"
2841,Arun Raj 2841,9610002841,arun.raj.2841@gmail.com,"241 Main Road, Chennai"
2842,Priya Raj 2842,9610002842,priya.raj.2842@gmail.com,"242 Main Road, Coimbatore"
2843,Rahul Raj 2843,9610002843,rahul.raj.2843@gmail.com,"243 Main Road, Bangalore"
2844,Divya Raj 2844,9610002844,divya.raj.2844@gmail.com,"244 Main Road, Hyderabad"
2845,Karthik Raj 2845,9610002845,karthik.raj.2845@gmail.com,"245 Main Road, Madurai"
2846,Sneha Raj 2846,9610002846,sneha.raj.2846@gmail.com,"246 Main Road, Salem"
2847,Vijay Raj 2847,9610002847,vijay.raj.2847@gmail.com,"247 Main Road, Trichy"
2848,Anitha Raj 2848,9610002848,anitha.raj.2848@gmail.com,"248 Main Road, Pune"
2849,Suresh Raj 2849,9610002849,suresh.raj.2849@gmail.com,"249 Main Road, Mumbai"
2850,Meena Raj 2850,9610002850,meena.raj.2850@gmail.com,"250 Main Road, Kochi"
2851,Ajay Raj 2851,9610002851,ajay.raj.2851@gmail.com,"251 Main Road, Chennai"
2852,Kavya Raj 2852,9610002852,kavya.raj.2852@gmail.com,"252 Main Road, Coimbatore"
2853,Ravi Raj 2853,9610002853,ravi.raj.2853@gmail.com,"253 Main Road, Bangalore"
2854,Pooja Raj 2854,9610002854,pooja.raj.2854@gmail.com,"254 Main Road, Hyderabad"
2855,Manoj Raj 2855,9610002855,manoj.raj.2855@gmail.com,"255 Main Road, Madurai"
2856,Swathi Raj 2856,9610002856,swathi.raj.2856@gmail.com,"256 Main Road, Salem"
2857,Gokul Raj 2857,9610002857,gokul.raj.2857@gmail.com,"257 Main Road, Trichy"
2858,Nisha Raj 2858,9610002858,nisha.raj.2858@gmail.com,"258 Main Road, Pune"
2859,Harish Raj 2859,9610002859,harish.raj.2859@gmail.com,"259 Main Road, Mumbai"
2860,Deepa Raj 2860,9610002860,deepa.raj.2860@gmail.com,"260 Main Road, Kochi"
2861,Arun Devi 2861,9610002861,arun.devi.2861@gmail.com,"261 Main Road, Chennai"
2862,Priya Devi 2862,9610002862,priya.devi.2862@gmail.com,"262 Main Road, Coimbatore"
2863,Rahul Devi 2863,9610002863,rahul.devi.2863@gmail.com,"263 Main Road, Bangalore"
2864,Divya Devi 2864,9610002864,divya.devi.2864@gmail.com,"264 Main Road, Hyderabad"
2865,Karthik Devi 2865,9610002865,karthik.devi.2865@gmail.com,"265 Main Road, Madurai"
2866,Sneha Devi 2866,9610002866,sneha.devi.2866@gmail.com,"266 Main Road, Salem"
2867,Vijay Devi 2867,9610002867,vijay.devi.2867@gmail.com,"267 Main Road, Trichy"
2868,Anitha Devi 2868,9610002868,anitha.devi.2868@gmail.com,"268 Main Road, Pune"
2869,Suresh Devi 2869,9610002869,suresh.devi.2869@gmail.com,"269 Main Road, Mumbai"
2870,Meena Devi 2870,9610002870,meena.devi.2870@gmail.com,"270 Main Road, Kochi"
2871,Ajay Devi 2871,9610002871,ajay.devi.2871@gmail.com,"271 Main Road, Chennai"
2872,Kavya Devi 2872,9610002872,kavya.devi.2872@gmail.com,"272 Main Road, Coimbatore"
2873,Ravi Devi 2873,9610002873,ravi.devi.2873@gmail.com,"273 Main Road, Bangalore"
2874,Pooja Devi 2874,9610002874,pooja.devi.2874@gmail.com,"274 Main Road, Hyderabad"
2875,Manoj Devi 2875,9610002875,manoj.devi.2875@gmail.com,"275 Main Road, Madurai"
2876,Swathi Devi 2876,9610002876,swathi.devi.2876@gmail.com,"276 Main Road, Salem"
2877,Gokul Devi 2877,9610002877,gokul.devi.2877@gmail.com,"277 Main Road, Trichy"
2878,Nisha Devi 2878,9610002878,nisha.devi.2878@gmail.com,"278 Main Road, Pune"
2879,Harish Devi 2879,9610002879,harish.devi.2879@gmail.com,"279 Main Road, Mumbai"
2880,Deepa Devi 2880,9610002880,deepa.devi.2880@gmail.com,"280 Main Road, Kochi"
2881,Arun Krishnan 2881,9610002881,arun.krishnan.2881@gmail.com,"281 Main Road, Chennai"
2882,Priya Krishnan 2882,9610002882,priya.krishnan.2882@gmail.com,"282 Main Road, Coimbatore"
2883,Rahul Krishnan 2883,9610002883,rahul.krishnan.2883@gmail.com,"283 Main Road, Bangalore"
2884,Divya Krishnan 2884,9610002884,divya.krishnan.2884@gmail.com,"284 Main Road, Hyderabad"
2885,Karthik Krishnan 2885,9610002885,karthik.krishnan.2885@gmail.com,"285 Main Road, Madurai"
2886,Sneha Krishnan 2886,9610002886,sneha.krishnan.2886@gmail.com,"286 Main Road, Salem"
2887,Vijay Krishnan 2887,9610002887,vijay.krishnan.2887@gmail.com,"287 Main Road, Trichy"
2888,Anitha Krishnan 2888,9610002888,anitha.krishnan.2888@gmail.com,"288 Main Road, Pune"
2889,Suresh Krishnan 2889,9610002889,suresh.krishnan.2889@gmail.com,"289 Main Road, Mumbai"
2890,Meena Krishnan 2890,9610002890,meena.krishnan.2890@gmail.com,"290 Main Road, Kochi"
2891,Ajay Krishnan 2891,9610002891,ajay.krishnan.2891@gmail.com,"291 Main Road, Chennai"
2892,Kavya Krishnan 2892,9610002892,kavya.krishnan.2892@gmail.com,"292 Main Road, Coimbatore"
2893,Ravi Krishnan 2893,9610002893,ravi.krishnan.2893@gmail.com,"293 Main Road, Bangalore"
2894,Pooja Krishnan 2894,9610002894,pooja.krishnan.2894@gmail.com,"294 Main Road, Hyderabad"
2895,Manoj Krishnan 2895,9610002895,manoj.krishnan.2895@gmail.com,"295 Main Road, Madurai"
2896,Swathi Krishnan 2896,9610002896,swathi.krishnan.2896@gmail.com,"296 Main Road, Salem"
2897,Gokul Krishnan 2897,9610002897,gokul.krishnan.2897@gmail.com,"297 Main Road, Trichy"
2898,Nisha Krishnan 2898,9610002898,nisha.krishnan.2898@gmail.com,"298 Main Road, Pune"
2899,Harish Krishnan 2899,9610002899,harish.krishnan.2899@gmail.com,"299 Main Road, Mumbai"
2900,Deepa Krishnan 2900,9610002900,deepa.krishnan.2900@gmail.com,"300 Main Road, Kochi"
2901,Arun Reddy 2901,9610002901,arun.reddy.2901@gmail.com,"301 Main Road, Chennai"
2902,Priya Reddy 2902,9610002902,priya.reddy.2902@gmail.com,"302 Main Road, Coimbatore"
2903,Rahul Reddy 2903,9610002903,rahul.reddy.2903@gmail.com,"303 Main Road, Bangalore"
2904,Divya Reddy 2904,9610002904,divya.reddy.2904@gmail.com,"304 Main Road, Hyderabad"
2905,Karthik Reddy 2905,9610002905,karthik.reddy.2905@gmail.com,"305 Main Road, Madurai"
2906,Sneha Reddy 2906,9610002906,sneha.reddy.2906@gmail.com,"306 Main Road, Salem"
2907,Vijay Reddy 2907,9610002907,vijay.reddy.2907@gmail.com,"307 Main Road, Trichy"
2908,Anitha Reddy 2908,9610002908,anitha.reddy.2908@gmail.com,"308 Main Road, Pune"
2909,Suresh Reddy 2909,9610002909,suresh.reddy.2909@gmail.com,"309 Main Road, Mumbai"
2910,Meena Reddy 2910,9610002910,meena.reddy.2910@gmail.com,"310 Main Road, Kochi"
2911,Ajay Reddy 2911,9610002911,ajay.reddy.2911@gmail.com,"311 Main Road, Chennai"
2912,Kavya Reddy 2912,9610002912,kavya.reddy.2912@gmail.com,"312 Main Road, Coimbatore"
2913,Ravi Reddy 2913,9610002913,ravi.reddy.2913@gmail.com,"313 Main Road, Bangalore"
2914,Pooja Reddy 2914,9610002914,pooja.reddy.2914@gmail.com,"314 Main Road, Hyderabad"
2915,Manoj Reddy 2915,9610002915,manoj.reddy.2915@gmail.com,"315 Main Road, Madurai"
2916,Swathi Reddy 2916,9610002916,swathi.reddy.2916@gmail.com,"316 Main Road, Salem"
2917,Gokul Reddy 2917,9610002917,gokul.reddy.2917@gmail.com,"317 Main Road, Trichy"
2918,Nisha Reddy 2918,9610002918,nisha.reddy.2918@gmail.com,"318 Main Road, Pune"
2919,Harish Reddy 2919,9610002919,harish.reddy.2919@gmail.com,"319 Main Road, Mumbai"
2920,Deepa Reddy 2920,9610002920,deepa.reddy.2920@gmail.com,"320 Main Road, Kochi"
2921,Arun Iyer 2921,9610002921,arun.iyer.2921@gmail.com,"321 Main Road, Chennai"
2922,Priya Iyer 2922,9610002922,priya.iyer.2922@gmail.com,"322 Main Road, Coimbatore"
2923,Rahul Iyer 2923,9610002923,rahul.iyer.2923@gmail.com,"323 Main Road, Bangalore"
2924,Divya Iyer 2924,9610002924,divya.iyer.2924@gmail.com,"324 Main Road, Hyderabad"
2925,Karthik Iyer 2925,9610002925,karthik.iyer.2925@gmail.com,"325 Main Road, Madurai"
2926,Sneha Iyer 2926,9610002926,sneha.iyer.2926@gmail.com,"326 Main Road, Salem"
2927,Vijay Iyer 2927,9610002927,vijay.iyer.2927@gmail.com,"327 Main Road, Trichy"
2928,Anitha Iyer 2928,9610002928,anitha.iyer.2928@gmail.com,"328 Main Road, Pune"
2929,Suresh Iyer 2929,9610002929,suresh.iyer.2929@gmail.com,"329 Main Road, Mumbai"
2930,Meena Iyer 2930,9610002930,meena.iyer.2930@gmail.com,"330 Main Road, Kochi"
2931,Ajay Iyer 2931,9610002931,ajay.iyer.2931@gmail.com,"331 Main Road, Chennai"
2932,Kavya Iyer 2932,9610002932,kavya.iyer.2932@gmail.com,"332 Main Road, Coimbatore"
2933,Ravi Iyer 2933,9610002933,ravi.iyer.2933@gmail.com,"333 Main Road, Bangalore"
2934,Pooja Iyer 2934,9610002934,pooja.iyer.2934@gmail.com,"334 Main Road, Hyderabad"
2935,Manoj Iyer 2935,9610002935,manoj.iyer.2935@gmail.com,"335 Main Road, Madurai"
2936,Swathi Iyer 2936,9610002936,swathi.iyer.2936@gmail.com,"336 Main Road, Salem"
2937,Gokul Iyer 2937,9610002937,gokul.iyer.2937@gmail.com,"337 Main Road, Trichy"
2938,Nisha Iyer 2938,9610002938,nisha.iyer.2938@gmail.com,"338 Main Road, Pune"
2939,Harish Iyer 2939,9610002939,harish.iyer.2939@gmail.com,"339 Main Road, Mumbai"
2940,Deepa Iyer 2940,9610002940,deepa.iyer.2940@gmail.com,"340 Main Road, Kochi"
2941,Arun Nair 2941,9610002941,arun.nair.2941@gmail.com,"341 Main Road, Chennai"
2942,Priya Nair 2942,9610002942,priya.nair.2942@gmail.com,"342 Main Road, Coimbatore"
2943,Rahul Nair 2943,9610002943,rahul.nair.2943@gmail.com,"343 Main Road, Bangalore"
2944,Divya Nair 2944,9610002944,divya.nair.2944@gmail.com,"344 Main Road, Hyderabad"
2945,Karthik Nair 2945,9610002945,karthik.nair.2945@gmail.com,"345 Main Road, Madurai"
2946,Sneha Nair 2946,9610002946,sneha.nair.2946@gmail.com,"346 Main Road, Salem"
2947,Vijay Nair 2947,9610002947,vijay.nair.2947@gmail.com,"347 Main Road, Trichy"
2948,Anitha Nair 2948,9610002948,anitha.nair.2948@gmail.com,"348 Main Road, Pune"
2949,Suresh Nair 2949,9610002949,suresh.nair.2949@gmail.com,"349 Main Road, Mumbai"
2950,Meena Nair 2950,9610002950,meena.nair.2950@gmail.com,"350 Main Road, Kochi"
2951,Ajay Nair 2951,9610002951,ajay.nair.2951@gmail.com,"351 Main Road, Chennai"
2952,Kavya Nair 2952,9610002952,kavya.nair.2952@gmail.com,"352 Main Road, Coimbatore"
2953,Ravi Nair 2953,9610002953,ravi.nair.2953@gmail.com,"353 Main Road, Bangalore"
2954,Pooja Nair 2954,9610002954,pooja.nair.2954@gmail.com,"354 Main Road, Hyderabad"
2955,Manoj Nair 2955,9610002955,manoj.nair.2955@gmail.com,"355 Main Road, Madurai"
2956,Swathi Nair 2956,9610002956,swathi.nair.2956@gmail.com,"356 Main Road, Salem"
2957,Gokul Nair 2957,9610002957,gokul.nair.2957@gmail.com,"357 Main Road, Trichy"
2958,Nisha Nair 2958,9610002958,nisha.nair.2958@gmail.com,"358 Main Road, Pune"
2959,Harish Nair 2959,9610002959,harish.nair.2959@gmail.com,"359 Main Road, Mumbai"
2960,Deepa Nair 2960,9610002960,deepa.nair.2960@gmail.com,"360 Main Road, Kochi"
2961,Arun Patel 2961,9610002961,arun.patel.2961@gmail.com,"361 Main Road, Chennai"
2962,Priya Patel 2962,9610002962,priya.patel.2962@gmail.com,"362 Main Road, Coimbatore"
2963,Rahul Patel 2963,9610002963,rahul.patel.2963@gmail.com,"363 Main Road, Bangalore"
2964,Divya Patel 2964,9610002964,divya.patel.2964@gmail.com,"364 Main Road, Hyderabad"
2965,Karthik Patel 2965,9610002965,karthik.patel.2965@gmail.com,"365 Main Road, Madurai"
2966,Sneha Patel 2966,9610002966,sneha.patel.2966@gmail.com,"366 Main Road, Salem"
2967,Vijay Patel 2967,9610002967,vijay.patel.2967@gmail.com,"367 Main Road, Trichy"
2968,Anitha Patel 2968,9610002968,anitha.patel.2968@gmail.com,"368 Main Road, Pune"
2969,Suresh Patel 2969,9610002969,suresh.patel.2969@gmail.com,"369 Main Road, Mumbai"
2970,Meena Patel 2970,9610002970,meena.patel.2970@gmail.com,"370 Main Road, Kochi"
2971,Ajay Patel 2971,9610002971,ajay.patel.2971@gmail.com,"371 Main Road, Chennai"
2972,Kavya Patel 2972,9610002972,kavya.patel.2972@gmail.com,"372 Main Road, Coimbatore"
2973,Ravi Patel 2973,9610002973,ravi.patel.2973@gmail.com,"373 Main Road, Bangalore"
2974,Pooja Patel 2974,9610002974,pooja.patel.2974@gmail.com,"374 Main Road, Hyderabad"
2975,Manoj Patel 2975,9610002975,manoj.patel.2975@gmail.com,"375 Main Road, Madurai"
2976,Swathi Patel 2976,9610002976,swathi.patel.2976@gmail.com,"376 Main Road, Salem"
2977,Gokul Patel 2977,9610002977,gokul.patel.2977@gmail.com,"377 Main Road, Trichy"
2978,Nisha Patel 2978,9610002978,nisha.patel.2978@gmail.com,"378 Main Road, Pune"
2979,Harish Patel 2979,9610002979,harish.patel.2979@gmail.com,"379 Main Road, Mumbai"
2980,Deepa Patel 2980,9610002980,deepa.patel.2980@gmail.com,"380 Main Road, Kochi"
2981,Arun Singh 2981,9610002981,arun.singh.2981@gmail.com,"381 Main Road, Chennai"
2982,Priya Singh 2982,9610002982,priya.singh.2982@gmail.com,"382 Main Road, Coimbatore"
2983,Rahul Singh 2983,9610002983,rahul.singh.2983@gmail.com,"383 Main Road, Bangalore"
2984,Divya Singh 2984,9610002984,divya.singh.2984@gmail.com,"384 Main Road, Hyderabad"
2985,Karthik Singh 2985,9610002985,karthik.singh.2985@gmail.com,"385 Main Road, Madurai"
2986,Sneha Singh 2986,9610002986,sneha.singh.2986@gmail.com,"386 Main Road, Salem"
2987,Vijay Singh 2987,9610002987,vijay.singh.2987@gmail.com,"387 Main Road, Trichy"
2988,Anitha Singh 2988,9610002988,anitha.singh.2988@gmail.com,"388 Main Road, Pune"
2989,Suresh Singh 2989,9610002989,suresh.singh.2989@gmail.com,"389 Main Road, Mumbai"
2990,Meena Singh 2990,9610002990,meena.singh.2990@gmail.com,"390 Main Road, Kochi"
2991,Ajay Singh 2991,9610002991,ajay.singh.2991@gmail.com,"391 Main Road, Chennai"
2992,Kavya Singh 2992,9610002992,kavya.singh.2992@gmail.com,"392 Main Road, Coimbatore"
2993,Ravi Singh 2993,9610002993,ravi.singh.2993@gmail.com,"393 Main Road, Bangalore"
2994,Pooja Singh 2994,9610002994,pooja.singh.2994@gmail.com,"394 Main Road, Hyderabad"
2995,Manoj Singh 2995,9610002995,manoj.singh.2995@gmail.com,"395 Main Road, Madurai"
2996,Swathi Singh 2996,9610002996,swathi.singh.2996@gmail.com,"396 Main Road, Salem"
2997,Gokul Singh 2997,9610002997,gokul.singh.2997@gmail.com,"397 Main Road, Trichy"
2998,Nisha Singh 2998,9610002998,nisha.singh.2998@gmail.com,"398 Main Road, Pune"
2999,Harish Singh 2999,9610002999,harish.singh.2999@gmail.com,"399 Main Road, Mumbai"
3000,Deepa Singh 3000,9610003000,deepa.singh.3000@gmail.com,"400 Main Road, Kochi"
3001,Arun Kumar 3001,9610003001,arun.kumar.3001@gmail.com,"401 Main Road, Chennai"
3002,Priya Kumar 3002,9610003002,priya.kumar.3002@gmail.com,"402 Main Road, Coimbatore"
3003,Rahul Kumar 3003,9610003003,rahul.kumar.3003@gmail.com,"403 Main Road, Bangalore"
3004,Divya Kumar 3004,9610003004,divya.kumar.3004@gmail.com,"404 Main Road, Hyderabad"
3005,Karthik Kumar 3005,9610003005,karthik.kumar.3005@gmail.com,"405 Main Road, Madurai"
3006,Sneha Kumar 3006,9610003006,sneha.kumar.3006@gmail.com,"406 Main Road, Salem"
3007,Vijay Kumar 3007,9610003007,vijay.kumar.3007@gmail.com,"407 Main Road, Trichy"
3008,Anitha Kumar 3008,9610003008,anitha.kumar.3008@gmail.com,"408 Main Road, Pune"
3009,Suresh Kumar 3009,9610003009,suresh.kumar.3009@gmail.com,"409 Main Road, Mumbai"
3010,Meena Kumar 3010,9610003010,meena.kumar.3010@gmail.com,"410 Main Road, Kochi"
3011,Ajay Kumar 3011,9610003011,ajay.kumar.3011@gmail.com,"411 Main Road, Chennai"
3012,Kavya Kumar 3012,9610003012,kavya.kumar.3012@gmail.com,"412 Main Road, Coimbatore"
3013,Ravi Kumar 3013,9610003013,ravi.kumar.3013@gmail.com,"413 Main Road, Bangalore"
3014,Pooja Kumar 3014,9610003014,pooja.kumar.3014@gmail.com,"414 Main Road, Hyderabad"
3015,Manoj Kumar 3015,9610003015,manoj.kumar.3015@gmail.com,"415 Main Road, Madurai"
3016,Swathi Kumar 3016,9610003016,swathi.kumar.3016@gmail.com,"416 Main Road, Salem"
3017,Gokul Kumar 3017,9610003017,gokul.kumar.3017@gmail.com,"417 Main Road, Trichy"
3018,Nisha Kumar 3018,9610003018,nisha.kumar.3018@gmail.com,"418 Main Road, Pune"
3019,Harish Kumar 3019,9610003019,harish.kumar.3019@gmail.com,"419 Main Road, Mumbai"
3020,Deepa Kumar 3020,9610003020,deepa.kumar.3020@gmail.com,"420 Main Road, Kochi"
3021,Arun Sharma 3021,9610003021,arun.sharma.3021@gmail.com,"421 Main Road, Chennai"
3022,Priya Sharma 3022,9610003022,priya.sharma.3022@gmail.com,"422 Main Road, Coimbatore"
3023,Rahul Sharma 3023,9610003023,rahul.sharma.3023@gmail.com,"423 Main Road, Bangalore"
3024,Divya Sharma 3024,9610003024,divya.sharma.3024@gmail.com,"424 Main Road, Hyderabad"
3025,Karthik Sharma 3025,9610003025,karthik.sharma.3025@gmail.com,"425 Main Road, Madurai"
3026,Sneha Sharma 3026,9610003026,sneha.sharma.3026@gmail.com,"426 Main Road, Salem"
3027,Vijay Sharma 3027,9610003027,vijay.sharma.3027@gmail.com,"427 Main Road, Trichy"
3028,Anitha Sharma 3028,9610003028,anitha.sharma.3028@gmail.com,"428 Main Road, Pune"
3029,Suresh Sharma 3029,9610003029,suresh.sharma.3029@gmail.com,"429 Main Road, Mumbai"
3030,Meena Sharma 3030,9610003030,meena.sharma.3030@gmail.com,"430 Main Road, Kochi"
3031,Ajay Sharma 3031,9610003031,ajay.sharma.3031@gmail.com,"431 Main Road, Chennai"
3032,Kavya Sharma 3032,9610003032,kavya.sharma.3032@gmail.com,"432 Main Road, Coimbatore"
3033,Ravi Sharma 3033,9610003033,ravi.sharma.3033@gmail.com,"433 Main Road, Bangalore"
3034,Pooja Sharma 3034,9610003034,pooja.sharma.3034@gmail.com,"434 Main Road, Hyderabad"
3035,Manoj Sharma 3035,9610003035,manoj.sharma.3035@gmail.com,"435 Main Road, Madurai"
3036,Swathi Sharma 3036,9610003036,swathi.sharma.3036@gmail.com,"436 Main Road, Salem"
3037,Gokul Sharma 3037,9610003037,gokul.sharma.3037@gmail.com,"437 Main Road, Trichy"
3038,Nisha Sharma 3038,9610003038,nisha.sharma.3038@gmail.com,"438 Main Road, Pune"
3039,Harish Sharma 3039,9610003039,harish.sharma.3039@gmail.com,"439 Main Road, Mumbai"
3040,Deepa Sharma 3040,9610003040,deepa.sharma.3040@gmail.com,"440 Main Road, Kochi"
3041,Arun Raj 3041,9610003041,arun.raj.3041@gmail.com,"441 Main Road, Chennai"
3042,Priya Raj 3042,9610003042,priya.raj.3042@gmail.com,"442 Main Road, Coimbatore"
3043,Rahul Raj 3043,9610003043,rahul.raj.3043@gmail.com,"443 Main Road, Bangalore"
3044,Divya Raj 3044,9610003044,divya.raj.3044@gmail.com,"444 Main Road, Hyderabad"
3045,Karthik Raj 3045,9610003045,karthik.raj.3045@gmail.com,"445 Main Road, Madurai"
3046,Sneha Raj 3046,9610003046,sneha.raj.3046@gmail.com,"446 Main Road, Salem"
3047,Vijay Raj 3047,9610003047,vijay.raj.3047@gmail.com,"447 Main Road, Trichy"
3048,Anitha Raj 3048,9610003048,anitha.raj.3048@gmail.com,"448 Main Road, Pune"
3049,Suresh Raj 3049,9610003049,suresh.raj.3049@gmail.com,"449 Main Road, Mumbai"
3050,Meena Raj 3050,9610003050,meena.raj.3050@gmail.com,"450 Main Road, Kochi"
3051,Ajay Raj 3051,9610003051,ajay.raj.3051@gmail.com,"451 Main Road, Chennai"
3052,Kavya Raj 3052,9610003052,kavya.raj.3052@gmail.com,"452 Main Road, Coimbatore"
3053,Ravi Raj 3053,9610003053,ravi.raj.3053@gmail.com,"453 Main Road, Bangalore"
3054,Pooja Raj 3054,9610003054,pooja.raj.3054@gmail.com,"454 Main Road, Hyderabad"
3055,Manoj Raj 3055,9610003055,manoj.raj.3055@gmail.com,"455 Main Road, Madurai"
3056,Swathi Raj 3056,9610003056,swathi.raj.3056@gmail.com,"456 Main Road, Salem"
3057,Gokul Raj 3057,9610003057,gokul.raj.3057@gmail.com,"457 Main Road, Trichy"
3058,Nisha Raj 3058,9610003058,nisha.raj.3058@gmail.com,"458 Main Road, Pune"
3059,Harish Raj 3059,9610003059,harish.raj.3059@gmail.com,"459 Main Road, Mumbai"
3060,Deepa Raj 3060,9610003060,deepa.raj.3060@gmail.com,"460 Main Road, Kochi"
3061,Arun Devi 3061,9610003061,arun.devi.3061@gmail.com,"461 Main Road, Chennai"
3062,Priya Devi 3062,9610003062,priya.devi.3062@gmail.com,"462 Main Road, Coimbatore"
3063,Rahul Devi 3063,9610003063,rahul.devi.3063@gmail.com,"463 Main Road, Bangalore"
3064,Divya Devi 3064,9610003064,divya.devi.3064@gmail.com,"464 Main Road, Hyderabad"
3065,Karthik Devi 3065,9610003065,karthik.devi.3065@gmail.com,"465 Main Road, Madurai"
3066,Sneha Devi 3066,9610003066,sneha.devi.3066@gmail.com,"466 Main Road, Salem"
3067,Vijay Devi 3067,9610003067,vijay.devi.3067@gmail.com,"467 Main Road, Trichy"
3068,Anitha Devi 3068,9610003068,anitha.devi.3068@gmail.com,"468 Main Road, Pune"
3069,Suresh Devi 3069,9610003069,suresh.devi.3069@gmail.com,"469 Main Road, Mumbai"
3070,Meena Devi 3070,9610003070,meena.devi.3070@gmail.com,"470 Main Road, Kochi"
3071,Ajay Devi 3071,9610003071,ajay.devi.3071@gmail.com,"471 Main Road, Chennai"
3072,Kavya Devi 3072,9610003072,kavya.devi.3072@gmail.com,"472 Main Road, Coimbatore"
3073,Ravi Devi 3073,9610003073,ravi.devi.3073@gmail.com,"473 Main Road, Bangalore"
3074,Pooja Devi 3074,9610003074,pooja.devi.3074@gmail.com,"474 Main Road, Hyderabad"
3075,Manoj Devi 3075,9610003075,manoj.devi.3075@gmail.com,"475 Main Road, Madurai"
3076,Swathi Devi 3076,9610003076,swathi.devi.3076@gmail.com,"476 Main Road, Salem"
3077,Gokul Devi 3077,9610003077,gokul.devi.3077@gmail.com,"477 Main Road, Trichy"
3078,Nisha Devi 3078,9610003078,nisha.devi.3078@gmail.com,"478 Main Road, Pune"
3079,Harish Devi 3079,9610003079,harish.devi.3079@gmail.com,"479 Main Road, Mumbai"
3080,Deepa Devi 3080,9610003080,deepa.devi.3080@gmail.com,"480 Main Road, Kochi"
3081,Arun Krishnan 3081,9610003081,arun.krishnan.3081@gmail.com,"481 Main Road, Chennai"
3082,Priya Krishnan 3082,9610003082,priya.krishnan.3082@gmail.com,"482 Main Road, Coimbatore"
3083,Rahul Krishnan 3083,9610003083,rahul.krishnan.3083@gmail.com,"483 Main Road, Bangalore"
3084,Divya Krishnan 3084,9610003084,divya.krishnan.3084@gmail.com,"484 Main Road, Hyderabad"
3085,Karthik Krishnan 3085,9610003085,karthik.krishnan.3085@gmail.com,"485 Main Road, Madurai"
3086,Sneha Krishnan 3086,9610003086,sneha.krishnan.3086@gmail.com,"486 Main Road, Salem"
3087,Vijay Krishnan 3087,9610003087,vijay.krishnan.3087@gmail.com,"487 Main Road, Trichy"
3088,Anitha Krishnan 3088,9610003088,anitha.krishnan.3088@gmail.com,"488 Main Road, Pune"
3089,Suresh Krishnan 3089,9610003089,suresh.krishnan.3089@gmail.com,"489 Main Road, Mumbai"
3090,Meena Krishnan 3090,9610003090,meena.krishnan.3090@gmail.com,"490 Main Road, Kochi"
3091,Ajay Krishnan 3091,9610003091,ajay.krishnan.3091@gmail.com,"491 Main Road, Chennai"
3092,Kavya Krishnan 3092,9610003092,kavya.krishnan.3092@gmail.com,"492 Main Road, Coimbatore"
3093,Ravi Krishnan 3093,9610003093,ravi.krishnan.3093@gmail.com,"493 Main Road, Bangalore"
3094,Pooja Krishnan 3094,9610003094,pooja.krishnan.3094@gmail.com,"494 Main Road, Hyderabad"
3095,Manoj Krishnan 3095,9610003095,manoj.krishnan.3095@gmail.com,"495 Main Road, Madurai"
3096,Swathi Krishnan 3096,9610003096,swathi.krishnan.3096@gmail.com,"496 Main Road, Salem"
3097,Gokul Krishnan 3097,9610003097,gokul.krishnan.3097@gmail.com,"497 Main Road, Trichy"
3098,Nisha Krishnan 3098,9610003098,nisha.krishnan.3098@gmail.com,"498 Main Road, Pune"
3099,Harish Krishnan 3099,9610003099,harish.krishnan.3099@gmail.com,"499 Main Road, Mumbai"
3100,Deepa Krishnan 3100,9610003100,deepa.krishnan.3100@gmail.com,"500 Main Road, Kochi"
3101,Arun Reddy 3101,9610003101,arun.reddy.3101@gmail.com,"501 Main Road, Chennai"
3102,Priya Reddy 3102,9610003102,priya.reddy.3102@gmail.com,"502 Main Road, Coimbatore"
3103,Rahul Reddy 3103,9610003103,rahul.reddy.3103@gmail.com,"503 Main Road, Bangalore"
3104,Divya Reddy 3104,9610003104,divya.reddy.3104@gmail.com,"504 Main Road, Hyderabad"
3105,Karthik Reddy 3105,9610003105,karthik.reddy.3105@gmail.com,"505 Main Road, Madurai"
3106,Sneha Reddy 3106,9610003106,sneha.reddy.3106@gmail.com,"506 Main Road, Salem"
3107,Vijay Reddy 3107,9610003107,vijay.reddy.3107@gmail.com,"507 Main Road, Trichy"
3108,Anitha Reddy 3108,9610003108,anitha.reddy.3108@gmail.com,"508 Main Road, Pune"
3109,Suresh Reddy 3109,9610003109,suresh.reddy.3109@gmail.com,"509 Main Road, Mumbai"
3110,Meena Reddy 3110,9610003110,meena.reddy.3110@gmail.com,"510 Main Road, Kochi"
3111,Ajay Reddy 3111,9610003111,ajay.reddy.3111@gmail.com,"511 Main Road, Chennai"
3112,Kavya Reddy 3112,9610003112,kavya.reddy.3112@gmail.com,"512 Main Road, Coimbatore"
3113,Ravi Reddy 3113,9610003113,ravi.reddy.3113@gmail.com,"513 Main Road, Bangalore"
3114,Pooja Reddy 3114,9610003114,pooja.reddy.3114@gmail.com,"514 Main Road, Hyderabad"
3115,Manoj Reddy 3115,9610003115,manoj.reddy.3115@gmail.com,"515 Main Road, Madurai"
3116,Swathi Reddy 3116,9610003116,swathi.reddy.3116@gmail.com,"516 Main Road, Salem"
3117,Gokul Reddy 3117,9610003117,gokul.reddy.3117@gmail.com,"517 Main Road, Trichy"
3118,Nisha Reddy 3118,9610003118,nisha.reddy.3118@gmail.com,"518 Main Road, Pune"
3119,Harish Reddy 3119,9610003119,harish.reddy.3119@gmail.com,"519 Main Road, Mumbai"
3120,Deepa Reddy 3120,9610003120,deepa.reddy.3120@gmail.com,"520 Main Road, Kochi"
3121,Arun Iyer 3121,9610003121,arun.iyer.3121@gmail.com,"521 Main Road, Chennai"
3122,Priya Iyer 3122,9610003122,priya.iyer.3122@gmail.com,"522 Main Road, Coimbatore"
3123,Rahul Iyer 3123,9610003123,rahul.iyer.3123@gmail.com,"523 Main Road, Bangalore"
3124,Divya Iyer 3124,9610003124,divya.iyer.3124@gmail.com,"524 Main Road, Hyderabad"
3125,Karthik Iyer 3125,9610003125,karthik.iyer.3125@gmail.com,"525 Main Road, Madurai"
3126,Sneha Iyer 3126,9610003126,sneha.iyer.3126@gmail.com,"526 Main Road, Salem"
3127,Vijay Iyer 3127,9610003127,vijay.iyer.3127@gmail.com,"527 Main Road, Trichy"
3128,Anitha Iyer 3128,9610003128,anitha.iyer.3128@gmail.com,"528 Main Road, Pune"
3129,Suresh Iyer 3129,9610003129,suresh.iyer.3129@gmail.com,"529 Main Road, Mumbai"
3130,Meena Iyer 3130,9610003130,meena.iyer.3130@gmail.com,"530 Main Road, Kochi"
3131,Ajay Iyer 3131,9610003131,ajay.iyer.3131@gmail.com,"531 Main Road, Chennai"
3132,Kavya Iyer 3132,9610003132,kavya.iyer.3132@gmail.com,"532 Main Road, Coimbatore"
3133,Ravi Iyer 3133,9610003133,ravi.iyer.3133@gmail.com,"533 Main Road, Bangalore"
3134,Pooja Iyer 3134,9610003134,pooja.iyer.3134@gmail.com,"534 Main Road, Hyderabad"
3135,Manoj Iyer 3135,9610003135,manoj.iyer.3135@gmail.com,"535 Main Road, Madurai"
3136,Swathi Iyer 3136,9610003136,swathi.iyer.3136@gmail.com,"536 Main Road, Salem"
3137,Gokul Iyer 3137,9610003137,gokul.iyer.3137@gmail.com,"537 Main Road, Trichy"
3138,Nisha Iyer 3138,9610003138,nisha.iyer.3138@gmail.com,"538 Main Road, Pune"
3139,Harish Iyer 3139,9610003139,harish.iyer.3139@gmail.com,"539 Main Road, Mumbai"
3140,Deepa Iyer 3140,9610003140,deepa.iyer.3140@gmail.com,"540 Main Road, Kochi"
3141,Arun Nair 3141,9610003141,arun.nair.3141@gmail.com,"541 Main Road, Chennai"
3142,Priya Nair 3142,9610003142,priya.nair.3142@gmail.com,"542 Main Road, Coimbatore"
3143,Rahul Nair 3143,9610003143,rahul.nair.3143@gmail.com,"543 Main Road, Bangalore"
3144,Divya Nair 3144,9610003144,divya.nair.3144@gmail.com,"544 Main Road, Hyderabad"
3145,Karthik Nair 3145,9610003145,karthik.nair.3145@gmail.com,"545 Main Road, Madurai"
3146,Sneha Nair 3146,9610003146,sneha.nair.3146@gmail.com,"546 Main Road, Salem"
3147,Vijay Nair 3147,9610003147,vijay.nair.3147@gmail.com,"547 Main Road, Trichy"
3148,Anitha Nair 3148,9610003148,anitha.nair.3148@gmail.com,"548 Main Road, Pune"
3149,Suresh Nair 3149,9610003149,suresh.nair.3149@gmail.com,"549 Main Road, Mumbai"
3150,Meena Nair 3150,9610003150,meena.nair.3150@gmail.com,"550 Main Road, Kochi"
3151,Ajay Nair 3151,9610003151,ajay.nair.3151@gmail.com,"551 Main Road, Chennai"
3152,Kavya Nair 3152,9610003152,kavya.nair.3152@gmail.com,"552 Main Road, Coimbatore"
3153,Ravi Nair 3153,9610003153,ravi.nair.3153@gmail.com,"553 Main Road, Bangalore"
3154,Pooja Nair 3154,9610003154,pooja.nair.3154@gmail.com,"554 Main Road, Hyderabad"
3155,Manoj Nair 3155,9610003155,manoj.nair.3155@gmail.com,"555 Main Road, Madurai"
3156,Swathi Nair 3156,9610003156,swathi.nair.3156@gmail.com,"556 Main Road, Salem"
3157,Gokul Nair 3157,9610003157,gokul.nair.3157@gmail.com,"557 Main Road, Trichy"
3158,Nisha Nair 3158,9610003158,nisha.nair.3158@gmail.com,"558 Main Road, Pune"
3159,Harish Nair 3159,9610003159,harish.nair.3159@gmail.com,"559 Main Road, Mumbai"
3160,Deepa Nair 3160,9610003160,deepa.nair.3160@gmail.com,"560 Main Road, Kochi"
3161,Arun Patel 3161,9610003161,arun.patel.3161@gmail.com,"561 Main Road, Chennai"
3162,Priya Patel 3162,9610003162,priya.patel.3162@gmail.com,"562 Main Road, Coimbatore"
3163,Rahul Patel 3163,9610003163,rahul.patel.3163@gmail.com,"563 Main Road, Bangalore"
3164,Divya Patel 3164,9610003164,divya.patel.3164@gmail.com,"564 Main Road, Hyderabad"
3165,Karthik Patel 3165,9610003165,karthik.patel.3165@gmail.com,"565 Main Road, Madurai"
3166,Sneha Patel 3166,9610003166,sneha.patel.3166@gmail.com,"566 Main Road, Salem"
3167,Vijay Patel 3167,9610003167,vijay.patel.3167@gmail.com,"567 Main Road, Trichy"
3168,Anitha Patel 3168,9610003168,anitha.patel.3168@gmail.com,"568 Main Road, Pune"
3169,Suresh Patel 3169,9610003169,suresh.patel.3169@gmail.com,"569 Main Road, Mumbai"
3170,Meena Patel 3170,9610003170,meena.patel.3170@gmail.com,"570 Main Road, Kochi"
3171,Ajay Patel 3171,9610003171,ajay.patel.3171@gmail.com,"571 Main Road, Chennai"
3172,Kavya Patel 3172,9610003172,kavya.patel.3172@gmail.com,"572 Main Road, Coimbatore"
3173,Ravi Patel 3173,9610003173,ravi.patel.3173@gmail.com,"573 Main Road, Bangalore"
3174,Pooja Patel 3174,9610003174,pooja.patel.3174@gmail.com,"574 Main Road, Hyderabad"
3175,Manoj Patel 3175,9610003175,manoj.patel.3175@gmail.com,"575 Main Road, Madurai"
3176,Swathi Patel 3176,9610003176,swathi.patel.3176@gmail.com,"576 Main Road, Salem"
3177,Gokul Patel 3177,9610003177,gokul.patel.3177@gmail.com,"577 Main Road, Trichy"
3178,Nisha Patel 3178,9610003178,nisha.patel.3178@gmail.com,"578 Main Road, Pune"
3179,Harish Patel 3179,9610003179,harish.patel.3179@gmail.com,"579 Main Road, Mumbai"
3180,Deepa Patel 3180,9610003180,deepa.patel.3180@gmail.com,"580 Main Road, Kochi"
3181,Arun Singh 3181,9610003181,arun.singh.3181@gmail.com,"581 Main Road, Chennai"
3182,Priya Singh 3182,9610003182,priya.singh.3182@gmail.com,"582 Main Road, Coimbatore"
3183,Rahul Singh 3183,9610003183,rahul.singh.3183@gmail.com,"583 Main Road, Bangalore"
3184,Divya Singh 3184,9610003184,divya.singh.3184@gmail.com,"584 Main Road, Hyderabad"
3185,Karthik Singh 3185,9610003185,karthik.singh.3185@gmail.com,"585 Main Road, Madurai"
3186,Sneha Singh 3186,9610003186,sneha.singh.3186@gmail.com,"586 Main Road, Salem"
3187,Vijay Singh 3187,9610003187,vijay.singh.3187@gmail.com,"587 Main Road, Trichy"
3188,Anitha Singh 3188,9610003188,anitha.singh.3188@gmail.com,"588 Main Road, Pune"
3189,Suresh Singh 3189,9610003189,suresh.singh.3189@gmail.com,"589 Main Road, Mumbai"
3190,Meena Singh 3190,9610003190,meena.singh.3190@gmail.com,"590 Main Road, Kochi"
3191,Ajay Singh 3191,9610003191,ajay.singh.3191@gmail.com,"591 Main Road, Chennai"
3192,Kavya Singh 3192,9610003192,kavya.singh.3192@gmail.com,"592 Main Road, Coimbatore"
3193,Ravi Singh 3193,9610003193,ravi.singh.3193@gmail.com,"593 Main Road, Bangalore"
3194,Pooja Singh 3194,9610003194,pooja.singh.3194@gmail.com,"594 Main Road, Hyderabad"
3195,Manoj Singh 3195,9610003195,manoj.singh.3195@gmail.com,"595 Main Road, Madurai"
3196,Swathi Singh 3196,9610003196,swathi.singh.3196@gmail.com,"596 Main Road, Salem"
3197,Gokul Singh 3197,9610003197,gokul.singh.3197@gmail.com,"597 Main Road, Trichy"
3198,Nisha Singh 3198,9610003198,nisha.singh.3198@gmail.com,"598 Main Road, Pune"
3199,Harish Singh 3199,9610003199,harish.singh.3199@gmail.com,"599 Main Road, Mumbai"
3200,Deepa Singh 3200,9610003200,deepa.singh.3200@gmail.com,"600 Main Road, Kochi"
3201,Arun Kumar 3201,9610003201,arun.kumar.3201@gmail.com,"601 Main Road, Chennai"
3202,Priya Kumar 3202,9610003202,priya.kumar.3202@gmail.com,"602 Main Road, Coimbatore"
3203,Rahul Kumar 3203,9610003203,rahul.kumar.3203@gmail.com,"603 Main Road, Bangalore"
3204,Divya Kumar 3204,9610003204,divya.kumar.3204@gmail.com,"604 Main Road, Hyderabad"
3205,Karthik Kumar 3205,9610003205,karthik.kumar.3205@gmail.com,"605 Main Road, Madurai"
3206,Sneha Kumar 3206,9610003206,sneha.kumar.3206@gmail.com,"606 Main Road, Salem"
3207,Vijay Kumar 3207,9610003207,vijay.kumar.3207@gmail.com,"607 Main Road, Trichy"
3208,Anitha Kumar 3208,9610003208,anitha.kumar.3208@gmail.com,"608 Main Road, Pune"
3209,Suresh Kumar 3209,9610003209,suresh.kumar.3209@gmail.com,"609 Main Road, Mumbai"
3210,Meena Kumar 3210,9610003210,meena.kumar.3210@gmail.com,"610 Main Road, Kochi"
3211,Ajay Kumar 3211,9610003211,ajay.kumar.3211@gmail.com,"611 Main Road, Chennai"
3212,Kavya Kumar 3212,9610003212,kavya.kumar.3212@gmail.com,"612 Main Road, Coimbatore"
3213,Ravi Kumar 3213,9610003213,ravi.kumar.3213@gmail.com,"613 Main Road, Bangalore"
3214,Pooja Kumar 3214,9610003214,pooja.kumar.3214@gmail.com,"614 Main Road, Hyderabad"
3215,Manoj Kumar 3215,9610003215,manoj.kumar.3215@gmail.com,"615 Main Road, Madurai"
3216,Swathi Kumar 3216,9610003216,swathi.kumar.3216@gmail.com,"616 Main Road, Salem"
3217,Gokul Kumar 3217,9610003217,gokul.kumar.3217@gmail.com,"617 Main Road, Trichy"
3218,Nisha Kumar 3218,9610003218,nisha.kumar.3218@gmail.com,"618 Main Road, Pune"
3219,Harish Kumar 3219,9610003219,harish.kumar.3219@gmail.com,"619 Main Road, Mumbai"
3220,Deepa Kumar 3220,9610003220,deepa.kumar.3220@gmail.com,"620 Main Road, Kochi"
3221,Arun Sharma 3221,9610003221,arun.sharma.3221@gmail.com,"621 Main Road, Chennai"
3222,Priya Sharma 3222,9610003222,priya.sharma.3222@gmail.com,"622 Main Road, Coimbatore"
3223,Rahul Sharma 3223,9610003223,rahul.sharma.3223@gmail.com,"623 Main Road, Bangalore"
3224,Divya Sharma 3224,9610003224,divya.sharma.3224@gmail.com,"624 Main Road, Hyderabad"
3225,Karthik Sharma 3225,9610003225,karthik.sharma.3225@gmail.com,"625 Main Road, Madurai"
3226,Sneha Sharma 3226,9610003226,sneha.sharma.3226@gmail.com,"626 Main Road, Salem"
3227,Vijay Sharma 3227,9610003227,vijay.sharma.3227@gmail.com,"627 Main Road, Trichy"
3228,Anitha Sharma 3228,9610003228,anitha.sharma.3228@gmail.com,"628 Main Road, Pune"
3229,Suresh Sharma 3229,9610003229,suresh.sharma.3229@gmail.com,"629 Main Road, Mumbai"
3230,Meena Sharma 3230,9610003230,meena.sharma.3230@gmail.com,"630 Main Road, Kochi"
3231,Ajay Sharma 3231,9610003231,ajay.sharma.3231@gmail.com,"631 Main Road, Chennai"
3232,Kavya Sharma 3232,9610003232,kavya.sharma.3232@gmail.com,"632 Main Road, Coimbatore"
3233,Ravi Sharma 3233,9610003233,ravi.sharma.3233@gmail.com,"633 Main Road, Bangalore"
3234,Pooja Sharma 3234,9610003234,pooja.sharma.3234@gmail.com,"634 Main Road, Hyderabad"
3235,Manoj Sharma 3235,9610003235,manoj.sharma.3235@gmail.com,"635 Main Road, Madurai"
3236,Swathi Sharma 3236,9610003236,swathi.sharma.3236@gmail.com,"636 Main Road, Salem"
3237,Gokul Sharma 3237,9610003237,gokul.sharma.3237@gmail.com,"637 Main Road, Trichy"
3238,Nisha Sharma 3238,9610003238,nisha.sharma.3238@gmail.com,"638 Main Road, Pune"
3239,Harish Sharma 3239,9610003239,harish.sharma.3239@gmail.com,"639 Main Road, Mumbai"
3240,Deepa Sharma 3240,9610003240,deepa.sharma.3240@gmail.com,"640 Main Road, Kochi"
3241,Arun Raj 3241,9610003241,arun.raj.3241@gmail.com,"641 Main Road, Chennai"
3242,Priya Raj 3242,9610003242,priya.raj.3242@gmail.com,"642 Main Road, Coimbatore"
3243,Rahul Raj 3243,9610003243,rahul.raj.3243@gmail.com,"643 Main Road, Bangalore"
3244,Divya Raj 3244,9610003244,divya.raj.3244@gmail.com,"644 Main Road, Hyderabad"
3245,Karthik Raj 3245,9610003245,karthik.raj.3245@gmail.com,"645 Main Road, Madurai"
3246,Sneha Raj 3246,9610003246,sneha.raj.3246@gmail.com,"646 Main Road, Salem"
3247,Vijay Raj 3247,9610003247,vijay.raj.3247@gmail.com,"647 Main Road, Trichy"
3248,Anitha Raj 3248,9610003248,anitha.raj.3248@gmail.com,"648 Main Road, Pune"
3249,Suresh Raj 3249,9610003249,suresh.raj.3249@gmail.com,"649 Main Road, Mumbai"
3250,Meena Raj 3250,9610003250,meena.raj.3250@gmail.com,"650 Main Road, Kochi"
3251,Ajay Raj 3251,9610003251,ajay.raj.3251@gmail.com,"651 Main Road, Chennai"
3252,Kavya Raj 3252,9610003252,kavya.raj.3252@gmail.com,"652 Main Road, Coimbatore"
3253,Ravi Raj 3253,9610003253,ravi.raj.3253@gmail.com,"653 Main Road, Bangalore"
3254,Pooja Raj 3254,9610003254,pooja.raj.3254@gmail.com,"654 Main Road, Hyderabad"
3255,Manoj Raj 3255,9610003255,manoj.raj.3255@gmail.com,"655 Main Road, Madurai"
3256,Swathi Raj 3256,9610003256,swathi.raj.3256@gmail.com,"656 Main Road, Salem"
3257,Gokul Raj 3257,9610003257,gokul.raj.3257@gmail.com,"657 Main Road, Trichy"
3258,Nisha Raj 3258,9610003258,nisha.raj.3258@gmail.com,"658 Main Road, Pune"
3259,Harish Raj 3259,9610003259,harish.raj.3259@gmail.com,"659 Main Road, Mumbai"
3260,Deepa Raj 3260,9610003260,deepa.raj.3260@gmail.com,"660 Main Road, Kochi"
3261,Arun Devi 3261,9610003261,arun.devi.3261@gmail.com,"661 Main Road, Chennai"
3262,Priya Devi 3262,9610003262,priya.devi.3262@gmail.com,"662 Main Road, Coimbatore"
3263,Rahul Devi 3263,9610003263,rahul.devi.3263@gmail.com,"663 Main Road, Bangalore"
3264,Divya Devi 3264,9610003264,divya.devi.3264@gmail.com,"664 Main Road, Hyderabad"
3265,Karthik Devi 3265,9610003265,karthik.devi.3265@gmail.com,"665 Main Road, Madurai"
3266,Sneha Devi 3266,9610003266,sneha.devi.3266@gmail.com,"666 Main Road, Salem"
3267,Vijay Devi 3267,9610003267,vijay.devi.3267@gmail.com,"667 Main Road, Trichy"
3268,Anitha Devi 3268,9610003268,anitha.devi.3268@gmail.com,"668 Main Road, Pune"
3269,Suresh Devi 3269,9610003269,suresh.devi.3269@gmail.com,"669 Main Road, Mumbai"
3270,Meena Devi 3270,9610003270,meena.devi.3270@gmail.com,"670 Main Road, Kochi"
3271,Ajay Devi 3271,9610003271,ajay.devi.3271@gmail.com,"671 Main Road, Chennai"
3272,Kavya Devi 3272,9610003272,kavya.devi.3272@gmail.com,"672 Main Road, Coimbatore"
3273,Ravi Devi 3273,9610003273,ravi.devi.3273@gmail.com,"673 Main Road, Bangalore"
3274,Pooja Devi 3274,9610003274,pooja.devi.3274@gmail.com,"674 Main Road, Hyderabad"
3275,Manoj Devi 3275,9610003275,manoj.devi.3275@gmail.com,"675 Main Road, Madurai"
3276,Swathi Devi 3276,9610003276,swathi.devi.3276@gmail.com,"676 Main Road, Salem"
3277,Gokul Devi 3277,9610003277,gokul.devi.3277@gmail.com,"677 Main Road, Trichy"
3278,Nisha Devi 3278,9610003278,nisha.devi.3278@gmail.com,"678 Main Road, Pune"
3279,Harish Devi 3279,9610003279,harish.devi.3279@gmail.com,"679 Main Road, Mumbai"
3280,Deepa Devi 3280,9610003280,deepa.devi.3280@gmail.com,"680 Main Road, Kochi"
3281,Arun Krishnan 3281,9610003281,arun.krishnan.3281@gmail.com,"681 Main Road, Chennai"
3282,Priya Krishnan 3282,9610003282,priya.krishnan.3282@gmail.com,"682 Main Road, Coimbatore"
3283,Rahul Krishnan 3283,9610003283,rahul.krishnan.3283@gmail.com,"683 Main Road, Bangalore"
3284,Divya Krishnan 3284,9610003284,divya.krishnan.3284@gmail.com,"684 Main Road, Hyderabad"
3285,Karthik Krishnan 3285,9610003285,karthik.krishnan.3285@gmail.com,"685 Main Road, Madurai"
3286,Sneha Krishnan 3286,9610003286,sneha.krishnan.3286@gmail.com,"686 Main Road, Salem"
3287,Vijay Krishnan 3287,9610003287,vijay.krishnan.3287@gmail.com,"687 Main Road, Trichy"
3288,Anitha Krishnan 3288,9610003288,anitha.krishnan.3288@gmail.com,"688 Main Road, Pune"
3289,Suresh Krishnan 3289,9610003289,suresh.krishnan.3289@gmail.com,"689 Main Road, Mumbai"
3290,Meena Krishnan 3290,9610003290,meena.krishnan.3290@gmail.com,"690 Main Road, Kochi"
3291,Ajay Krishnan 3291,9610003291,ajay.krishnan.3291@gmail.com,"691 Main Road, Chennai"
3292,Kavya Krishnan 3292,9610003292,kavya.krishnan.3292@gmail.com,"692 Main Road, Coimbatore"
3293,Ravi Krishnan 3293,9610003293,ravi.krishnan.3293@gmail.com,"693 Main Road, Bangalore"
3294,Pooja Krishnan 3294,9610003294,pooja.krishnan.3294@gmail.com,"694 Main Road, Hyderabad"
3295,Manoj Krishnan 3295,9610003295,manoj.krishnan.3295@gmail.com,"695 Main Road, Madurai"
3296,Swathi Krishnan 3296,9610003296,swathi.krishnan.3296@gmail.com,"696 Main Road, Salem"
3297,Gokul Krishnan 3297,9610003297,gokul.krishnan.3297@gmail.com,"697 Main Road, Trichy"
3298,Nisha Krishnan 3298,9610003298,nisha.krishnan.3298@gmail.com,"698 Main Road, Pune"
3299,Harish Krishnan 3299,9610003299,harish.krishnan.3299@gmail.com,"699 Main Road, Mumbai"
3300,Deepa Krishnan 3300,9610003300,deepa.krishnan.3300@gmail.com,"700 Main Road, Kochi"
3301,Arun Reddy 3301,9610003301,arun.reddy.3301@gmail.com,"701 Main Road, Chennai"
3302,Priya Reddy 3302,9610003302,priya.reddy.3302@gmail.com,"702 Main Road, Coimbatore"
3303,Rahul Reddy 3303,9610003303,rahul.reddy.3303@gmail.com,"703 Main Road, Bangalore"
3304,Divya Reddy 3304,9610003304,divya.reddy.3304@gmail.com,"704 Main Road, Hyderabad"
3305,Karthik Reddy 3305,9610003305,karthik.reddy.3305@gmail.com,"705 Main Road, Madurai"
3306,Sneha Reddy 3306,9610003306,sneha.reddy.3306@gmail.com,"706 Main Road, Salem"
3307,Vijay Reddy 3307,9610003307,vijay.reddy.3307@gmail.com,"707 Main Road, Trichy"
3308,Anitha Reddy 3308,9610003308,anitha.reddy.3308@gmail.com,"708 Main Road, Pune"
3309,Suresh Reddy 3309,9610003309,suresh.reddy.3309@gmail.com,"709 Main Road, Mumbai"
3310,Meena Reddy 3310,9610003310,meena.reddy.3310@gmail.com,"710 Main Road, Kochi"
3311,Ajay Reddy 3311,9610003311,ajay.reddy.3311@gmail.com,"711 Main Road, Chennai"
3312,Kavya Reddy 3312,9610003312,kavya.reddy.3312@gmail.com,"712 Main Road, Coimbatore"
3313,Ravi Reddy 3313,9610003313,ravi.reddy.3313@gmail.com,"713 Main Road, Bangalore"
3314,Pooja Reddy 3314,9610003314,pooja.reddy.3314@gmail.com,"714 Main Road, Hyderabad"
3315,Manoj Reddy 3315,9610003315,manoj.reddy.3315@gmail.com,"715 Main Road, Madurai"
3316,Swathi Reddy 3316,9610003316,swathi.reddy.3316@gmail.com,"716 Main Road, Salem"
3317,Gokul Reddy 3317,9610003317,gokul.reddy.3317@gmail.com,"717 Main Road, Trichy"
3318,Nisha Reddy 3318,9610003318,nisha.reddy.3318@gmail.com,"718 Main Road, Pune"
3319,Harish Reddy 3319,9610003319,harish.reddy.3319@gmail.com,"719 Main Road, Mumbai"
3320,Deepa Reddy 3320,9610003320,deepa.reddy.3320@gmail.com,"720 Main Road, Kochi"
3321,Arun Iyer 3321,9610003321,arun.iyer.3321@gmail.com,"721 Main Road, Chennai"
3322,Priya Iyer 3322,9610003322,priya.iyer.3322@gmail.com,"722 Main Road, Coimbatore"
3323,Rahul Iyer 3323,9610003323,rahul.iyer.3323@gmail.com,"723 Main Road, Bangalore"
3324,Divya Iyer 3324,9610003324,divya.iyer.3324@gmail.com,"724 Main Road, Hyderabad"
3325,Karthik Iyer 3325,9610003325,karthik.iyer.3325@gmail.com,"725 Main Road, Madurai"
3326,Sneha Iyer 3326,9610003326,sneha.iyer.3326@gmail.com,"726 Main Road, Salem"
3327,Vijay Iyer 3327,9610003327,vijay.iyer.3327@gmail.com,"727 Main Road, Trichy"
3328,Anitha Iyer 3328,9610003328,anitha.iyer.3328@gmail.com,"728 Main Road, Pune"
3329,Suresh Iyer 3329,9610003329,suresh.iyer.3329@gmail.com,"729 Main Road, Mumbai"
3330,Meena Iyer 3330,9610003330,meena.iyer.3330@gmail.com,"730 Main Road, Kochi"
3331,Ajay Iyer 3331,9610003331,ajay.iyer.3331@gmail.com,"731 Main Road, Chennai"
3332,Kavya Iyer 3332,9610003332,kavya.iyer.3332@gmail.com,"732 Main Road, Coimbatore"
3333,Ravi Iyer 3333,9610003333,ravi.iyer.3333@gmail.com,"733 Main Road, Bangalore"
3334,Pooja Iyer 3334,9610003334,pooja.iyer.3334@gmail.com,"734 Main Road, Hyderabad"
3335,Manoj Iyer 3335,9610003335,manoj.iyer.3335@gmail.com,"735 Main Road, Madurai"
3336,Swathi Iyer 3336,9610003336,swathi.iyer.3336@gmail.com,"736 Main Road, Salem"
3337,Gokul Iyer 3337,9610003337,gokul.iyer.3337@gmail.com,"737 Main Road, Trichy"
3338,Nisha Iyer 3338,9610003338,nisha.iyer.3338@gmail.com,"738 Main Road, Pune"
3339,Harish Iyer 3339,9610003339,harish.iyer.3339@gmail.com,"739 Main Road, Mumbai"
3340,Deepa Iyer 3340,9610003340,deepa.iyer.3340@gmail.com,"740 Main Road, Kochi"
3341,Arun Nair 3341,9610003341,arun.nair.3341@gmail.com,"741 Main Road, Chennai"
3342,Priya Nair 3342,9610003342,priya.nair.3342@gmail.com,"742 Main Road, Coimbatore"
3343,Rahul Nair 3343,9610003343,rahul.nair.3343@gmail.com,"743 Main Road, Bangalore"
3344,Divya Nair 3344,9610003344,divya.nair.3344@gmail.com,"744 Main Road, Hyderabad"
3345,Karthik Nair 3345,9610003345,karthik.nair.3345@gmail.com,"745 Main Road, Madurai"
3346,Sneha Nair 3346,9610003346,sneha.nair.3346@gmail.com,"746 Main Road, Salem"
3347,Vijay Nair 3347,9610003347,vijay.nair.3347@gmail.com,"747 Main Road, Trichy"
3348,Anitha Nair 3348,9610003348,anitha.nair.3348@gmail.com,"748 Main Road, Pune"
3349,Suresh Nair 3349,9610003349,suresh.nair.3349@gmail.com,"749 Main Road, Mumbai"
3350,Meena Nair 3350,9610003350,meena.nair.3350@gmail.com,"750 Main Road, Kochi"
3351,Ajay Nair 3351,9610003351,ajay.nair.3351@gmail.com,"751 Main Road, Chennai"
3352,Kavya Nair 3352,9610003352,kavya.nair.3352@gmail.com,"752 Main Road, Coimbatore"
3353,Ravi Nair 3353,9610003353,ravi.nair.3353@gmail.com,"753 Main Road, Bangalore"
3354,Pooja Nair 3354,9610003354,pooja.nair.3354@gmail.com,"754 Main Road, Hyderabad"
3355,Manoj Nair 3355,9610003355,manoj.nair.3355@gmail.com,"755 Main Road, Madurai"
3356,Swathi Nair 3356,9610003356,swathi.nair.3356@gmail.com,"756 Main Road, Salem"
3357,Gokul Nair 3357,9610003357,gokul.nair.3357@gmail.com,"757 Main Road, Trichy"
3358,Nisha Nair 3358,9610003358,nisha.nair.3358@gmail.com,"758 Main Road, Pune"
3359,Harish Nair 3359,9610003359,harish.nair.3359@gmail.com,"759 Main Road, Mumbai"
3360,Deepa Nair 3360,9610003360,deepa.nair.3360@gmail.com,"760 Main Road, Kochi"
3361,Arun Patel 3361,9610003361,arun.patel.3361@gmail.com,"761 Main Road, Chennai"
3362,Priya Patel 3362,9610003362,priya.patel.3362@gmail.com,"762 Main Road, Coimbatore"
3363,Rahul Patel 3363,9610003363,rahul.patel.3363@gmail.com,"763 Main Road, Bangalore"
3364,Divya Patel 3364,9610003364,divya.patel.3364@gmail.com,"764 Main Road, Hyderabad"
3365,Karthik Patel 3365,9610003365,karthik.patel.3365@gmail.com,"765 Main Road, Madurai"
3366,Sneha Patel 3366,9610003366,sneha.patel.3366@gmail.com,"766 Main Road, Salem"
3367,Vijay Patel 3367,9610003367,vijay.patel.3367@gmail.com,"767 Main Road, Trichy"
3368,Anitha Patel 3368,9610003368,anitha.patel.3368@gmail.com,"768 Main Road, Pune"
3369,Suresh Patel 3369,9610003369,suresh.patel.3369@gmail.com,"769 Main Road, Mumbai"
3370,Meena Patel 3370,9610003370,meena.patel.3370@gmail.com,"770 Main Road, Kochi"
3371,Ajay Patel 3371,9610003371,ajay.patel.3371@gmail.com,"771 Main Road, Chennai"
3372,Kavya Patel 3372,9610003372,kavya.patel.3372@gmail.com,"772 Main Road, Coimbatore"
3373,Ravi Patel 3373,9610003373,ravi.patel.3373@gmail.com,"773 Main Road, Bangalore"
3374,Pooja Patel 3374,9610003374,pooja.patel.3374@gmail.com,"774 Main Road, Hyderabad"
3375,Manoj Patel 3375,9610003375,manoj.patel.3375@gmail.com,"775 Main Road, Madurai"
3376,Swathi Patel 3376,9610003376,swathi.patel.3376@gmail.com,"776 Main Road, Salem"
3377,Gokul Patel 3377,9610003377,gokul.patel.3377@gmail.com,"777 Main Road, Trichy"
3378,Nisha Patel 3378,9610003378,nisha.patel.3378@gmail.com,"778 Main Road, Pune"
3379,Harish Patel 3379,9610003379,harish.patel.3379@gmail.com,"779 Main Road, Mumbai"
3380,Deepa Patel 3380,9610003380,deepa.patel.3380@gmail.com,"780 Main Road, Kochi"
3381,Arun Singh 3381,9610003381,arun.singh.3381@gmail.com,"781 Main Road, Chennai"
3382,Priya Singh 3382,9610003382,priya.singh.3382@gmail.com,"782 Main Road, Coimbatore"
3383,Rahul Singh 3383,9610003383,rahul.singh.3383@gmail.com,"783 Main Road, Bangalore"
3384,Divya Singh 3384,9610003384,divya.singh.3384@gmail.com,"784 Main Road, Hyderabad"
3385,Karthik Singh 3385,9610003385,karthik.singh.3385@gmail.com,"785 Main Road, Madurai"
3386,Sneha Singh 3386,9610003386,sneha.singh.3386@gmail.com,"786 Main Road, Salem"
3387,Vijay Singh 3387,9610003387,vijay.singh.3387@gmail.com,"787 Main Road, Trichy"
3388,Anitha Singh 3388,9610003388,anitha.singh.3388@gmail.com,"788 Main Road, Pune"
3389,Suresh Singh 3389,9610003389,suresh.singh.3389@gmail.com,"789 Main Road, Mumbai"
3390,Meena Singh 3390,9610003390,meena.singh.3390@gmail.com,"790 Main Road, Kochi"
3391,Ajay Singh 3391,9610003391,ajay.singh.3391@gmail.com,"791 Main Road, Chennai"
3392,Kavya Singh 3392,9610003392,kavya.singh.3392@gmail.com,"792 Main Road, Coimbatore"
3393,Ravi Singh 3393,9610003393,ravi.singh.3393@gmail.com,"793 Main Road, Bangalore"
3394,Pooja Singh 3394,9610003394,pooja.singh.3394@gmail.com,"794 Main Road, Hyderabad"
3395,Manoj Singh 3395,9610003395,manoj.singh.3395@gmail.com,"795 Main Road, Madurai"
3396,Swathi Singh 3396,9610003396,swathi.singh.3396@gmail.com,"796 Main Road, Salem"
3397,Gokul Singh 3397,9610003397,gokul.singh.3397@gmail.com,"797 Main Road, Trichy"
3398,Nisha Singh 3398,9610003398,nisha.singh.3398@gmail.com,"798 Main Road, Pune"
3399,Harish Singh 3399,9610003399,harish.singh.3399@gmail.com,"799 Main Road, Mumbai"
3400,Deepa Singh 3400,9610003400,deepa.singh.3400@gmail.com,"800 Main Road, Kochi"
3401,Arun Kumar 3401,9610003401,arun.kumar.3401@gmail.com,"801 Main Road, Chennai"
3402,Priya Kumar 3402,9610003402,priya.kumar.3402@gmail.com,"802 Main Road, Coimbatore"
3403,Rahul Kumar 3403,9610003403,rahul.kumar.3403@gmail.com,"803 Main Road, Bangalore"
3404,Divya Kumar 3404,9610003404,divya.kumar.3404@gmail.com,"804 Main Road, Hyderabad"
3405,Karthik Kumar 3405,9610003405,karthik.kumar.3405@gmail.com,"805 Main Road, Madurai"
3406,Sneha Kumar 3406,9610003406,sneha.kumar.3406@gmail.com,"806 Main Road, Salem"
3407,Vijay Kumar 3407,9610003407,vijay.kumar.3407@gmail.com,"807 Main Road, Trichy"
3408,Anitha Kumar 3408,9610003408,anitha.kumar.3408@gmail.com,"808 Main Road, Pune"
3409,Suresh Kumar 3409,9610003409,suresh.kumar.3409@gmail.com,"809 Main Road, Mumbai"
3410,Meena Kumar 3410,9610003410,meena.kumar.3410@gmail.com,"810 Main Road, Kochi"
3411,Ajay Kumar 3411,9610003411,ajay.kumar.3411@gmail.com,"811 Main Road, Chennai"
3412,Kavya Kumar 3412,9610003412,kavya.kumar.3412@gmail.com,"812 Main Road, Coimbatore"
3413,Ravi Kumar 3413,9610003413,ravi.kumar.3413@gmail.com,"813 Main Road, Bangalore"
3414,Pooja Kumar 3414,9610003414,pooja.kumar.3414@gmail.com,"814 Main Road, Hyderabad"
3415,Manoj Kumar 3415,9610003415,manoj.kumar.3415@gmail.com,"815 Main Road, Madurai"
3416,Swathi Kumar 3416,9610003416,swathi.kumar.3416@gmail.com,"816 Main Road, Salem"
3417,Gokul Kumar 3417,9610003417,gokul.kumar.3417@gmail.com,"817 Main Road, Trichy"
3418,Nisha Kumar 3418,9610003418,nisha.kumar.3418@gmail.com,"818 Main Road, Pune"
3419,Harish Kumar 3419,9610003419,harish.kumar.3419@gmail.com,"819 Main Road, Mumbai"
3420,Deepa Kumar 3420,9610003420,deepa.kumar.3420@gmail.com,"820 Main Road, Kochi"
3421,Arun Sharma 3421,9610003421,arun.sharma.3421@gmail.com,"821 Main Road, Chennai"
3422,Priya Sharma 3422,9610003422,priya.sharma.3422@gmail.com,"822 Main Road, Coimbatore"
3423,Rahul Sharma 3423,9610003423,rahul.sharma.3423@gmail.com,"823 Main Road, Bangalore"
3424,Divya Sharma 3424,9610003424,divya.sharma.3424@gmail.com,"824 Main Road, Hyderabad"
3425,Karthik Sharma 3425,9610003425,karthik.sharma.3425@gmail.com,"825 Main Road, Madurai"
3426,Sneha Sharma 3426,9610003426,sneha.sharma.3426@gmail.com,"826 Main Road, Salem"
3427,Vijay Sharma 3427,9610003427,vijay.sharma.3427@gmail.com,"827 Main Road, Trichy"
3428,Anitha Sharma 3428,9610003428,anitha.sharma.3428@gmail.com,"828 Main Road, Pune"
3429,Suresh Sharma 3429,9610003429,suresh.sharma.3429@gmail.com,"829 Main Road, Mumbai"
3430,Meena Sharma 3430,9610003430,meena.sharma.3430@gmail.com,"830 Main Road, Kochi"
3431,Ajay Sharma 3431,9610003431,ajay.sharma.3431@gmail.com,"831 Main Road, Chennai"
3432,Kavya Sharma 3432,9610003432,kavya.sharma.3432@gmail.com,"832 Main Road, Coimbatore"
3433,Ravi Sharma 3433,9610003433,ravi.sharma.3433@gmail.com,"833 Main Road, Bangalore"
3434,Pooja Sharma 3434,9610003434,pooja.sharma.3434@gmail.com,"834 Main Road, Hyderabad"
3435,Manoj Sharma 3435,9610003435,manoj.sharma.3435@gmail.com,"835 Main Road, Madurai"
3436,Swathi Sharma 3436,9610003436,swathi.sharma.3436@gmail.com,"836 Main Road, Salem"
3437,Gokul Sharma 3437,9610003437,gokul.sharma.3437@gmail.com,"837 Main Road, Trichy"
3438,Nisha Sharma 3438,9610003438,nisha.sharma.3438@gmail.com,"838 Main Road, Pune"
3439,Harish Sharma 3439,9610003439,harish.sharma.3439@gmail.com,"839 Main Road, Mumbai"
3440,Deepa Sharma 3440,9610003440,deepa.sharma.3440@gmail.com,"840 Main Road, Kochi"
3441,Arun Raj 3441,9610003441,arun.raj.3441@gmail.com,"841 Main Road, Chennai"
3442,Priya Raj 3442,9610003442,priya.raj.3442@gmail.com,"842 Main Road, Coimbatore"
3443,Rahul Raj 3443,9610003443,rahul.raj.3443@gmail.com,"843 Main Road, Bangalore"
3444,Divya Raj 3444,9610003444,divya.raj.3444@gmail.com,"844 Main Road, Hyderabad"
3445,Karthik Raj 3445,9610003445,karthik.raj.3445@gmail.com,"845 Main Road, Madurai"
3446,Sneha Raj 3446,9610003446,sneha.raj.3446@gmail.com,"846 Main Road, Salem"
3447,Vijay Raj 3447,9610003447,vijay.raj.3447@gmail.com,"847 Main Road, Trichy"
3448,Anitha Raj 3448,9610003448,anitha.raj.3448@gmail.com,"848 Main Road, Pune"
3449,Suresh Raj 3449,9610003449,suresh.raj.3449@gmail.com,"849 Main Road, Mumbai"
3450,Meena Raj 3450,9610003450,meena.raj.3450@gmail.com,"850 Main Road, Kochi"
3451,Ajay Raj 3451,9610003451,ajay.raj.3451@gmail.com,"851 Main Road, Chennai"
3452,Kavya Raj 3452,9610003452,kavya.raj.3452@gmail.com,"852 Main Road, Coimbatore"
3453,Ravi Raj 3453,9610003453,ravi.raj.3453@gmail.com,"853 Main Road, Bangalore"
3454,Pooja Raj 3454,9610003454,pooja.raj.3454@gmail.com,"854 Main Road, Hyderabad"
3455,Manoj Raj 3455,9610003455,manoj.raj.3455@gmail.com,"855 Main Road, Madurai"
3456,Swathi Raj 3456,9610003456,swathi.raj.3456@gmail.com,"856 Main Road, Salem"
3457,Gokul Raj 3457,9610003457,gokul.raj.3457@gmail.com,"857 Main Road, Trichy"
3458,Nisha Raj 3458,9610003458,nisha.raj.3458@gmail.com,"858 Main Road, Pune"
3459,Harish Raj 3459,9610003459,harish.raj.3459@gmail.com,"859 Main Road, Mumbai"
3460,Deepa Raj 3460,9610003460,deepa.raj.3460@gmail.com,"860 Main Road, Kochi"
3461,Arun Devi 3461,9610003461,arun.devi.3461@gmail.com,"861 Main Road, Chennai"
3462,Priya Devi 3462,9610003462,priya.devi.3462@gmail.com,"862 Main Road, Coimbatore"
3463,Rahul Devi 3463,9610003463,rahul.devi.3463@gmail.com,"863 Main Road, Bangalore"
3464,Divya Devi 3464,9610003464,divya.devi.3464@gmail.com,"864 Main Road, Hyderabad"
3465,Karthik Devi 3465,9610003465,karthik.devi.3465@gmail.com,"865 Main Road, Madurai"
3466,Sneha Devi 3466,9610003466,sneha.devi.3466@gmail.com,"866 Main Road, Salem"
3467,Vijay Devi 3467,9610003467,vijay.devi.3467@gmail.com,"867 Main Road, Trichy"
3468,Anitha Devi 3468,9610003468,anitha.devi.3468@gmail.com,"868 Main Road, Pune"
3469,Suresh Devi 3469,9610003469,suresh.devi.3469@gmail.com,"869 Main Road, Mumbai"
3470,Meena Devi 3470,9610003470,meena.devi.3470@gmail.com,"870 Main Road, Kochi"
3471,Ajay Devi 3471,9610003471,ajay.devi.3471@gmail.com,"871 Main Road, Chennai"
3472,Kavya Devi 3472,9610003472,kavya.devi.3472@gmail.com,"872 Main Road, Coimbatore"
3473,Ravi Devi 3473,9610003473,ravi.devi.3473@gmail.com,"873 Main Road, Bangalore"
3474,Pooja Devi 3474,9610003474,pooja.devi.3474@gmail.com,"874 Main Road, Hyderabad"
3475,Manoj Devi 3475,9610003475,manoj.devi.3475@gmail.com,"875 Main Road, Madurai"
3476,Swathi Devi 3476,9610003476,swathi.devi.3476@gmail.com,"876 Main Road, Salem"
3477,Gokul Devi 3477,9610003477,gokul.devi.3477@gmail.com,"877 Main Road, Trichy"
3478,Nisha Devi 3478,9610003478,nisha.devi.3478@gmail.com,"878 Main Road, Pune"
3479,Harish Devi 3479,9610003479,harish.devi.3479@gmail.com,"879 Main Road, Mumbai"
3480,Deepa Devi 3480,9610003480,deepa.devi.3480@gmail.com,"880 Main Road, Kochi"
3481,Arun Krishnan 3481,9610003481,arun.krishnan.3481@gmail.com,"881 Main Road, Chennai"
3482,Priya Krishnan 3482,9610003482,priya.krishnan.3482@gmail.com,"882 Main Road, Coimbatore"
3483,Rahul Krishnan 3483,9610003483,rahul.krishnan.3483@gmail.com,"883 Main Road, Bangalore"
3484,Divya Krishnan 3484,9610003484,divya.krishnan.3484@gmail.com,"884 Main Road, Hyderabad"
3485,Karthik Krishnan 3485,9610003485,karthik.krishnan.3485@gmail.com,"885 Main Road, Madurai"
3486,Sneha Krishnan 3486,9610003486,sneha.krishnan.3486@gmail.com,"886 Main Road, Salem"
3487,Vijay Krishnan 3487,9610003487,vijay.krishnan.3487@gmail.com,"887 Main Road, Trichy"
3488,Anitha Krishnan 3488,9610003488,anitha.krishnan.3488@gmail.com,"888 Main Road, Pune"
3489,Suresh Krishnan 3489,9610003489,suresh.krishnan.3489@gmail.com,"889 Main Road, Mumbai"
3490,Meena Krishnan 3490,9610003490,meena.krishnan.3490@gmail.com,"890 Main Road, Kochi"
3491,Ajay Krishnan 3491,9610003491,ajay.krishnan.3491@gmail.com,"891 Main Road, Chennai"
3492,Kavya Krishnan 3492,9610003492,kavya.krishnan.3492@gmail.com,"892 Main Road, Coimbatore"
3493,Ravi Krishnan 3493,9610003493,ravi.krishnan.3493@gmail.com,"893 Main Road, Bangalore"
3494,Pooja Krishnan 3494,9610003494,pooja.krishnan.3494@gmail.com,"894 Main Road, Hyderabad"
3495,Manoj Krishnan 3495,9610003495,manoj.krishnan.3495@gmail.com,"895 Main Road, Madurai"
3496,Swathi Krishnan 3496,9610003496,swathi.krishnan.3496@gmail.com,"896 Main Road, Salem"
3497,Gokul Krishnan 3497,9610003497,gokul.krishnan.3497@gmail.com,"897 Main Road, Trichy"
3498,Nisha Krishnan 3498,9610003498,nisha.krishnan.3498@gmail.com,"898 Main Road, Pune"
3499,Harish Krishnan 3499,9610003499,harish.krishnan.3499@gmail.com,"899 Main Road, Mumbai"
3500,Deepa Krishnan 3500,9610003500,deepa.krishnan.3500@gmail.com,"900 Main Road, Kochi"
3501,Arun Reddy 3501,9610003501,arun.reddy.3501@gmail.com,"901 Main Road, Chennai"
3502,Priya Reddy 3502,9610003502,priya.reddy.3502@gmail.com,"902 Main Road, Coimbatore"
3503,Rahul Reddy 3503,9610003503,rahul.reddy.3503@gmail.com,"903 Main Road, Bangalore"
3504,Divya Reddy 3504,9610003504,divya.reddy.3504@gmail.com,"904 Main Road, Hyderabad"
3505,Karthik Reddy 3505,9610003505,karthik.reddy.3505@gmail.com,"905 Main Road, Madurai"
3506,Sneha Reddy 3506,9610003506,sneha.reddy.3506@gmail.com,"906 Main Road, Salem"
3507,Vijay Reddy 3507,9610003507,vijay.reddy.3507@gmail.com,"907 Main Road, Trichy"
3508,Anitha Reddy 3508,9610003508,anitha.reddy.3508@gmail.com,"908 Main Road, Pune"
3509,Suresh Reddy 3509,9610003509,suresh.reddy.3509@gmail.com,"909 Main Road, Mumbai"
3510,Meena Reddy 3510,9610003510,meena.reddy.3510@gmail.com,"910 Main Road, Kochi"
3511,Ajay Reddy 3511,9610003511,ajay.reddy.3511@gmail.com,"911 Main Road, Chennai"
3512,Kavya Reddy 3512,9610003512,kavya.reddy.3512@gmail.com,"912 Main Road, Coimbatore"
3513,Ravi Reddy 3513,9610003513,ravi.reddy.3513@gmail.com,"913 Main Road, Bangalore"
3514,Pooja Reddy 3514,9610003514,pooja.reddy.3514@gmail.com,"914 Main Road, Hyderabad"
3515,Manoj Reddy 3515,9610003515,manoj.reddy.3515@gmail.com,"915 Main Road, Madurai"
3516,Swathi Reddy 3516,9610003516,swathi.reddy.3516@gmail.com,"916 Main Road, Salem"
3517,Gokul Reddy 3517,9610003517,gokul.reddy.3517@gmail.com,"917 Main Road, Trichy"
3518,Nisha Reddy 3518,9610003518,nisha.reddy.3518@gmail.com,"918 Main Road, Pune"
3519,Harish Reddy 3519,9610003519,harish.reddy.3519@gmail.com,"919 Main Road, Mumbai"
3520,Deepa Reddy 3520,9610003520,deepa.reddy.3520@gmail.com,"920 Main Road, Kochi"
3521,Arun Iyer 3521,9610003521,arun.iyer.3521@gmail.com,"921 Main Road, Chennai"
3522,Priya Iyer 3522,9610003522,priya.iyer.3522@gmail.com,"922 Main Road, Coimbatore"
3523,Rahul Iyer 3523,9610003523,rahul.iyer.3523@gmail.com,"923 Main Road, Bangalore"
3524,Divya Iyer 3524,9610003524,divya.iyer.3524@gmail.com,"924 Main Road, Hyderabad"
3525,Karthik Iyer 3525,9610003525,karthik.iyer.3525@gmail.com,"925 Main Road, Madurai"
3526,Sneha Iyer 3526,9610003526,sneha.iyer.3526@gmail.com,"926 Main Road, Salem"
3527,Vijay Iyer 3527,9610003527,vijay.iyer.3527@gmail.com,"927 Main Road, Trichy"
3528,Anitha Iyer 3528,9610003528,anitha.iyer.3528@gmail.com,"928 Main Road, Pune"
3529,Suresh Iyer 3529,9610003529,suresh.iyer.3529@gmail.com,"929 Main Road, Mumbai"
3530,Meena Iyer 3530,9610003530,meena.iyer.3530@gmail.com,"930 Main Road, Kochi"
3531,Ajay Iyer 3531,9610003531,ajay.iyer.3531@gmail.com,"931 Main Road, Chennai"
3532,Kavya Iyer 3532,9610003532,kavya.iyer.3532@gmail.com,"932 Main Road, Coimbatore"
3533,Ravi Iyer 3533,9610003533,ravi.iyer.3533@gmail.com,"933 Main Road, Bangalore"
3534,Pooja Iyer 3534,9610003534,pooja.iyer.3534@gmail.com,"934 Main Road, Hyderabad"
3535,Manoj Iyer 3535,9610003535,manoj.iyer.3535@gmail.com,"935 Main Road, Madurai"
3536,Swathi Iyer 3536,9610003536,swathi.iyer.3536@gmail.com,"936 Main Road, Salem"
3537,Gokul Iyer 3537,9610003537,gokul.iyer.3537@gmail.com,"937 Main Road, Trichy"
3538,Nisha Iyer 3538,9610003538,nisha.iyer.3538@gmail.com,"938 Main Road, Pune"
3539,Harish Iyer 3539,9610003539,harish.iyer.3539@gmail.com,"939 Main Road, Mumbai"
3540,Deepa Iyer 3540,9610003540,deepa.iyer.3540@gmail.com,"940 Main Road, Kochi"
3541,Arun Nair 3541,9610003541,arun.nair.3541@gmail.com,"941 Main Road, Chennai"
3542,Priya Nair 3542,9610003542,priya.nair.3542@gmail.com,"942 Main Road, Coimbatore"
3543,Rahul Nair 3543,9610003543,rahul.nair.3543@gmail.com,"943 Main Road, Bangalore"
3544,Divya Nair 3544,9610003544,divya.nair.3544@gmail.com,"944 Main Road, Hyderabad"
3545,Karthik Nair 3545,9610003545,karthik.nair.3545@gmail.com,"945 Main Road, Madurai"
3546,Sneha Nair 3546,9610003546,sneha.nair.3546@gmail.com,"946 Main Road, Salem"
3547,Vijay Nair 3547,9610003547,vijay.nair.3547@gmail.com,"947 Main Road, Trichy"
3548,Anitha Nair 3548,9610003548,anitha.nair.3548@gmail.com,"948 Main Road, Pune"
3549,Suresh Nair 3549,9610003549,suresh.nair.3549@gmail.com,"949 Main Road, Mumbai"
3550,Meena Nair 3550,9610003550,meena.nair.3550@gmail.com,"950 Main Road, Kochi"
3551,Ajay Nair 3551,9610003551,ajay.nair.3551@gmail.com,"951 Main Road, Chennai"
3552,Kavya Nair 3552,9610003552,kavya.nair.3552@gmail.com,"952 Main Road, Coimbatore"
3553,Ravi Nair 3553,9610003553,ravi.nair.3553@gmail.com,"953 Main Road, Bangalore"
3554,Pooja Nair 3554,9610003554,pooja.nair.3554@gmail.com,"954 Main Road, Hyderabad"
3555,Manoj Nair 3555,9610003555,manoj.nair.3555@gmail.com,"955 Main Road, Madurai"
3556,Swathi Nair 3556,9610003556,swathi.nair.3556@gmail.com,"956 Main Road, Salem"
3557,Gokul Nair 3557,9610003557,gokul.nair.3557@gmail.com,"957 Main Road, Trichy"
3558,Nisha Nair 3558,9610003558,nisha.nair.3558@gmail.com,"958 Main Road, Pune"
3559,Harish Nair 3559,9610003559,harish.nair.3559@gmail.com,"959 Main Road, Mumbai"
3560,Deepa Nair 3560,9610003560,deepa.nair.3560@gmail.com,"960 Main Road, Kochi"
3561,Arun Patel 3561,9610003561,arun.patel.3561@gmail.com,"961 Main Road, Chennai"
3562,Priya Patel 3562,9610003562,priya.patel.3562@gmail.com,"962 Main Road, Coimbatore"
3563,Rahul Patel 3563,9610003563,rahul.patel.3563@gmail.com,"963 Main Road, Bangalore"
3564,Divya Patel 3564,9610003564,divya.patel.3564@gmail.com,"964 Main Road, Hyderabad"
3565,Karthik Patel 3565,9610003565,karthik.patel.3565@gmail.com,"965 Main Road, Madurai"
3566,Sneha Patel 3566,9610003566,sneha.patel.3566@gmail.com,"966 Main Road, Salem"
3567,Vijay Patel 3567,9610003567,vijay.patel.3567@gmail.com,"967 Main Road, Trichy"
3568,Anitha Patel 3568,9610003568,anitha.patel.3568@gmail.com,"968 Main Road, Pune"
3569,Suresh Patel 3569,9610003569,suresh.patel.3569@gmail.com,"969 Main Road, Mumbai"
3570,Meena Patel 3570,9610003570,meena.patel.3570@gmail.com,"970 Main Road, Kochi"
3571,Ajay Patel 3571,9610003571,ajay.patel.3571@gmail.com,"971 Main Road, Chennai"
3572,Kavya Patel 3572,9610003572,kavya.patel.3572@gmail.com,"972 Main Road, Coimbatore"
3573,Ravi Patel 3573,9610003573,ravi.patel.3573@gmail.com,"973 Main Road, Bangalore"
3574,Pooja Patel 3574,9610003574,pooja.patel.3574@gmail.com,"974 Main Road, Hyderabad"
3575,Manoj Patel 3575,9610003575,manoj.patel.3575@gmail.com,"975 Main Road, Madurai"
3576,Swathi Patel 3576,9610003576,swathi.patel.3576@gmail.com,"976 Main Road, Salem"
3577,Gokul Patel 3577,9610003577,gokul.patel.3577@gmail.com,"977 Main Road, Trichy"
3578,Nisha Patel 3578,9610003578,nisha.patel.3578@gmail.com,"978 Main Road, Pune"
3579,Harish Patel 3579,9610003579,harish.patel.3579@gmail.com,"979 Main Road, Mumbai"
3580,Deepa Patel 3580,9610003580,deepa.patel.3580@gmail.com,"980 Main Road, Kochi"
3581,Arun Singh 3581,9610003581,arun.singh.3581@gmail.com,"981 Main Road, Chennai"
3582,Priya Singh 3582,9610003582,priya.singh.3582@gmail.com,"982 Main Road, Coimbatore"
3583,Rahul Singh 3583,9610003583,rahul.singh.3583@gmail.com,"983 Main Road, Bangalore"
3584,Divya Singh 3584,9610003584,divya.singh.3584@gmail.com,"984 Main Road, Hyderabad"
3585,Karthik Singh 3585,9610003585,karthik.singh.3585@gmail.com,"985 Main Road, Madurai"
3586,Sneha Singh 3586,9610003586,sneha.singh.3586@gmail.com,"986 Main Road, Salem"
3587,Vijay Singh 3587,9610003587,vijay.singh.3587@gmail.com,"987 Main Road, Trichy"
3588,Anitha Singh 3588,9610003588,anitha.singh.3588@gmail.com,"988 Main Road, Pune"
3589,Suresh Singh 3589,9610003589,suresh.singh.3589@gmail.com,"989 Main Road, Mumbai"
3590,Meena Singh 3590,9610003590,meena.singh.3590@gmail.com,"990 Main Road, Kochi"
3591,Ajay Singh 3591,9610003591,ajay.singh.3591@gmail.com,"991 Main Road, Chennai"
3592,Kavya Singh 3592,9610003592,kavya.singh.3592@gmail.com,"992 Main Road, Coimbatore"
3593,Ravi Singh 3593,9610003593,ravi.singh.3593@gmail.com,"993 Main Road, Bangalore"
3594,Pooja Singh 3594,9610003594,pooja.singh.3594@gmail.com,"994 Main Road, Hyderabad"
3595,Manoj Singh 3595,9610003595,manoj.singh.3595@gmail.com,"995 Main Road, Madurai"
3596,Swathi Singh 3596,9610003596,swathi.singh.3596@gmail.com,"996 Main Road, Salem"
3597,Gokul Singh 3597,9610003597,gokul.singh.3597@gmail.com,"997 Main Road, Trichy"
3598,Nisha Singh 3598,9610003598,nisha.singh.3598@gmail.com,"998 Main Road, Pune"
3599,Harish Singh 3599,9610003599,harish.singh.3599@gmail.com,"999 Main Road, Mumbai"
3600,Deepa Singh 3600,9610003600,deepa.singh.3600@gmail.com,"100 Main Road, Kochi"
3601,Arun Kumar 3601,9610003601,arun.kumar.3601@gmail.com,"101 Main Road, Chennai"
3602,Priya Kumar 3602,9610003602,priya.kumar.3602@gmail.com,"102 Main Road, Coimbatore"
3603,Rahul Kumar 3603,9610003603,rahul.kumar.3603@gmail.com,"103 Main Road, Bangalore"
3604,Divya Kumar 3604,9610003604,divya.kumar.3604@gmail.com,"104 Main Road, Hyderabad"
3605,Karthik Kumar 3605,9610003605,karthik.kumar.3605@gmail.com,"105 Main Road, Madurai"
3606,Sneha Kumar 3606,9610003606,sneha.kumar.3606@gmail.com,"106 Main Road, Salem"
3607,Vijay Kumar 3607,9610003607,vijay.kumar.3607@gmail.com,"107 Main Road, Trichy"
3608,Anitha Kumar 3608,9610003608,anitha.kumar.3608@gmail.com,"108 Main Road, Pune"
3609,Suresh Kumar 3609,9610003609,suresh.kumar.3609@gmail.com,"109 Main Road, Mumbai"
3610,Meena Kumar 3610,9610003610,meena.kumar.3610@gmail.com,"110 Main Road, Kochi"
3611,Ajay Kumar 3611,9610003611,ajay.kumar.3611@gmail.com,"111 Main Road, Chennai"
3612,Kavya Kumar 3612,9610003612,kavya.kumar.3612@gmail.com,"112 Main Road, Coimbatore"
3613,Ravi Kumar 3613,9610003613,ravi.kumar.3613@gmail.com,"113 Main Road, Bangalore"
3614,Pooja Kumar 3614,9610003614,pooja.kumar.3614@gmail.com,"114 Main Road, Hyderabad"
3615,Manoj Kumar 3615,9610003615,manoj.kumar.3615@gmail.com,"115 Main Road, Madurai"
3616,Swathi Kumar 3616,9610003616,swathi.kumar.3616@gmail.com,"116 Main Road, Salem"
3617,Gokul Kumar 3617,9610003617,gokul.kumar.3617@gmail.com,"117 Main Road, Trichy"
3618,Nisha Kumar 3618,9610003618,nisha.kumar.3618@gmail.com,"118 Main Road, Pune"
3619,Harish Kumar 3619,9610003619,harish.kumar.3619@gmail.com,"119 Main Road, Mumbai"
3620,Deepa Kumar 3620,9610003620,deepa.kumar.3620@gmail.com,"120 Main Road, Kochi"
3621,Arun Sharma 3621,9610003621,arun.sharma.3621@gmail.com,"121 Main Road, Chennai"
3622,Priya Sharma 3622,9610003622,priya.sharma.3622@gmail.com,"122 Main Road, Coimbatore"
3623,Rahul Sharma 3623,9610003623,rahul.sharma.3623@gmail.com,"123 Main Road, Bangalore"
3624,Divya Sharma 3624,9610003624,divya.sharma.3624@gmail.com,"124 Main Road, Hyderabad"
3625,Karthik Sharma 3625,9610003625,karthik.sharma.3625@gmail.com,"125 Main Road, Madurai"
3626,Sneha Sharma 3626,9610003626,sneha.sharma.3626@gmail.com,"126 Main Road, Salem"
3627,Vijay Sharma 3627,9610003627,vijay.sharma.3627@gmail.com,"127 Main Road, Trichy"
3628,Anitha Sharma 3628,9610003628,anitha.sharma.3628@gmail.com,"128 Main Road, Pune"
3629,Suresh Sharma 3629,9610003629,suresh.sharma.3629@gmail.com,"129 Main Road, Mumbai"
3630,Meena Sharma 3630,9610003630,meena.sharma.3630@gmail.com,"130 Main Road, Kochi"
3631,Ajay Sharma 3631,9610003631,ajay.sharma.3631@gmail.com,"131 Main Road, Chennai"
3632,Kavya Sharma 3632,9610003632,kavya.sharma.3632@gmail.com,"132 Main Road, Coimbatore"
3633,Ravi Sharma 3633,9610003633,ravi.sharma.3633@gmail.com,"133 Main Road, Bangalore"
3634,Pooja Sharma 3634,9610003634,pooja.sharma.3634@gmail.com,"134 Main Road, Hyderabad"
3635,Manoj Sharma 3635,9610003635,manoj.sharma.3635@gmail.com,"135 Main Road, Madurai"
3636,Swathi Sharma 3636,9610003636,swathi.sharma.3636@gmail.com,"136 Main Road, Salem"
3637,Gokul Sharma 3637,9610003637,gokul.sharma.3637@gmail.com,"137 Main Road, Trichy"
3638,Nisha Sharma 3638,9610003638,nisha.sharma.3638@gmail.com,"138 Main Road, Pune"
3639,Harish Sharma 3639,9610003639,harish.sharma.3639@gmail.com,"139 Main Road, Mumbai"
3640,Deepa Sharma 3640,9610003640,deepa.sharma.3640@gmail.com,"140 Main Road, Kochi"
3641,Arun Raj 3641,9610003641,arun.raj.3641@gmail.com,"141 Main Road, Chennai"
3642,Priya Raj 3642,9610003642,priya.raj.3642@gmail.com,"142 Main Road, Coimbatore"
3643,Rahul Raj 3643,9610003643,rahul.raj.3643@gmail.com,"143 Main Road, Bangalore"
3644,Divya Raj 3644,9610003644,divya.raj.3644@gmail.com,"144 Main Road, Hyderabad"
3645,Karthik Raj 3645,9610003645,karthik.raj.3645@gmail.com,"145 Main Road, Madurai"
3646,Sneha Raj 3646,9610003646,sneha.raj.3646@gmail.com,"146 Main Road, Salem"
3647,Vijay Raj 3647,9610003647,vijay.raj.3647@gmail.com,"147 Main Road, Trichy"
3648,Anitha Raj 3648,9610003648,anitha.raj.3648@gmail.com,"148 Main Road, Pune"
3649,Suresh Raj 3649,9610003649,suresh.raj.3649@gmail.com,"149 Main Road, Mumbai"
3650,Meena Raj 3650,9610003650,meena.raj.3650@gmail.com,"150 Main Road, Kochi"
3651,Ajay Raj 3651,9610003651,ajay.raj.3651@gmail.com,"151 Main Road, Chennai"
3652,Kavya Raj 3652,9610003652,kavya.raj.3652@gmail.com,"152 Main Road, Coimbatore"
3653,Ravi Raj 3653,9610003653,ravi.raj.3653@gmail.com,"153 Main Road, Bangalore"
3654,Pooja Raj 3654,9610003654,pooja.raj.3654@gmail.com,"154 Main Road, Hyderabad"
3655,Manoj Raj 3655,9610003655,manoj.raj.3655@gmail.com,"155 Main Road, Madurai"
3656,Swathi Raj 3656,9610003656,swathi.raj.3656@gmail.com,"156 Main Road, Salem"
3657,Gokul Raj 3657,9610003657,gokul.raj.3657@gmail.com,"157 Main Road, Trichy"
3658,Nisha Raj 3658,9610003658,nisha.raj.3658@gmail.com,"158 Main Road, Pune"
3659,Harish Raj 3659,9610003659,harish.raj.3659@gmail.com,"159 Main Road, Mumbai"
3660,Deepa Raj 3660,9610003660,deepa.raj.3660@gmail.com,"160 Main Road, Kochi"
3661,Arun Devi 3661,9610003661,arun.devi.3661@gmail.com,"161 Main Road, Chennai"
3662,Priya Devi 3662,9610003662,priya.devi.3662@gmail.com,"162 Main Road, Coimbatore"
3663,Rahul Devi 3663,9610003663,rahul.devi.3663@gmail.com,"163 Main Road, Bangalore"
3664,Divya Devi 3664,9610003664,divya.devi.3664@gmail.com,"164 Main Road, Hyderabad"
3665,Karthik Devi 3665,9610003665,karthik.devi.3665@gmail.com,"165 Main Road, Madurai"
3666,Sneha Devi 3666,9610003666,sneha.devi.3666@gmail.com,"166 Main Road, Salem"
3667,Vijay Devi 3667,9610003667,vijay.devi.3667@gmail.com,"167 Main Road, Trichy"
3668,Anitha Devi 3668,9610003668,anitha.devi.3668@gmail.com,"168 Main Road, Pune"
3669,Suresh Devi 3669,9610003669,suresh.devi.3669@gmail.com,"169 Main Road, Mumbai"
3670,Meena Devi 3670,9610003670,meena.devi.3670@gmail.com,"170 Main Road, Kochi"
3671,Ajay Devi 3671,9610003671,ajay.devi.3671@gmail.com,"171 Main Road, Chennai"
3672,Kavya Devi 3672,9610003672,kavya.devi.3672@gmail.com,"172 Main Road, Coimbatore"
3673,Ravi Devi 3673,9610003673,ravi.devi.3673@gmail.com,"173 Main Road, Bangalore"
3674,Pooja Devi 3674,9610003674,pooja.devi.3674@gmail.com,"174 Main Road, Hyderabad"
3675,Manoj Devi 3675,9610003675,manoj.devi.3675@gmail.com,"175 Main Road, Madurai"
3676,Swathi Devi 3676,9610003676,swathi.devi.3676@gmail.com,"176 Main Road, Salem"
3677,Gokul Devi 3677,9610003677,gokul.devi.3677@gmail.com,"177 Main Road, Trichy"
3678,Nisha Devi 3678,9610003678,nisha.devi.3678@gmail.com,"178 Main Road, Pune"
3679,Harish Devi 3679,9610003679,harish.devi.3679@gmail.com,"179 Main Road, Mumbai"
3680,Deepa Devi 3680,9610003680,deepa.devi.3680@gmail.com,"180 Main Road, Kochi"
3681,Arun Krishnan 3681,9610003681,arun.krishnan.3681@gmail.com,"181 Main Road, Chennai"
3682,Priya Krishnan 3682,9610003682,priya.krishnan.3682@gmail.com,"182 Main Road, Coimbatore"
3683,Rahul Krishnan 3683,9610003683,rahul.krishnan.3683@gmail.com,"183 Main Road, Bangalore"
3684,Divya Krishnan 3684,9610003684,divya.krishnan.3684@gmail.com,"184 Main Road, Hyderabad"
3685,Karthik Krishnan 3685,9610003685,karthik.krishnan.3685@gmail.com,"185 Main Road, Madurai"
3686,Sneha Krishnan 3686,9610003686,sneha.krishnan.3686@gmail.com,"186 Main Road, Salem"
3687,Vijay Krishnan 3687,9610003687,vijay.krishnan.3687@gmail.com,"187 Main Road, Trichy"
3688,Anitha Krishnan 3688,9610003688,anitha.krishnan.3688@gmail.com,"188 Main Road, Pune"
3689,Suresh Krishnan 3689,9610003689,suresh.krishnan.3689@gmail.com,"189 Main Road, Mumbai"
3690,Meena Krishnan 3690,9610003690,meena.krishnan.3690@gmail.com,"190 Main Road, Kochi"
3691,Ajay Krishnan 3691,9610003691,ajay.krishnan.3691@gmail.com,"191 Main Road, Chennai"
3692,Kavya Krishnan 3692,9610003692,kavya.krishnan.3692@gmail.com,"192 Main Road, Coimbatore"
3693,Ravi Krishnan 3693,9610003693,ravi.krishnan.3693@gmail.com,"193 Main Road, Bangalore"
3694,Pooja Krishnan 3694,9610003694,pooja.krishnan.3694@gmail.com,"194 Main Road, Hyderabad"
3695,Manoj Krishnan 3695,9610003695,manoj.krishnan.3695@gmail.com,"195 Main Road, Madurai"
3696,Swathi Krishnan 3696,9610003696,swathi.krishnan.3696@gmail.com,"196 Main Road, Salem"
3697,Gokul Krishnan 3697,9610003697,gokul.krishnan.3697@gmail.com,"197 Main Road, Trichy"
3698,Nisha Krishnan 3698,9610003698,nisha.krishnan.3698@gmail.com,"198 Main Road, Pune"
3699,Harish Krishnan 3699,9610003699,harish.krishnan.3699@gmail.com,"199 Main Road, Mumbai"
3700,Deepa Krishnan 3700,9610003700,deepa.krishnan.3700@gmail.com,"200 Main Road, Kochi"
3701,Arun Reddy 3701,9610003701,arun.reddy.3701@gmail.com,"201 Main Road, Chennai"
3702,Priya Reddy 3702,9610003702,priya.reddy.3702@gmail.com,"202 Main Road, Coimbatore"
3703,Rahul Reddy 3703,9610003703,rahul.reddy.3703@gmail.com,"203 Main Road, Bangalore"
3704,Divya Reddy 3704,9610003704,divya.reddy.3704@gmail.com,"204 Main Road, Hyderabad"
3705,Karthik Reddy 3705,9610003705,karthik.reddy.3705@gmail.com,"205 Main Road, Madurai"
3706,Sneha Reddy 3706,9610003706,sneha.reddy.3706@gmail.com,"206 Main Road, Salem"
3707,Vijay Reddy 3707,9610003707,vijay.reddy.3707@gmail.com,"207 Main Road, Trichy"
3708,Anitha Reddy 3708,9610003708,anitha.reddy.3708@gmail.com,"208 Main Road, Pune"
3709,Suresh Reddy 3709,9610003709,suresh.reddy.3709@gmail.com,"209 Main Road, Mumbai"
3710,Meena Reddy 3710,9610003710,meena.reddy.3710@gmail.com,"210 Main Road, Kochi"
3711,Ajay Reddy 3711,9610003711,ajay.reddy.3711@gmail.com,"211 Main Road, Chennai"
3712,Kavya Reddy 3712,9610003712,kavya.reddy.3712@gmail.com,"212 Main Road, Coimbatore"
3713,Ravi Reddy 3713,9610003713,ravi.reddy.3713@gmail.com,"213 Main Road, Bangalore"
3714,Pooja Reddy 3714,9610003714,pooja.reddy.3714@gmail.com,"214 Main Road, Hyderabad"
3715,Manoj Reddy 3715,9610003715,manoj.reddy.3715@gmail.com,"215 Main Road, Madurai"
3716,Swathi Reddy 3716,9610003716,swathi.reddy.3716@gmail.com,"216 Main Road, Salem"
3717,Gokul Reddy 3717,9610003717,gokul.reddy.3717@gmail.com,"217 Main Road, Trichy"
3718,Nisha Reddy 3718,9610003718,nisha.reddy.3718@gmail.com,"218 Main Road, Pune"
3719,Harish Reddy 3719,9610003719,harish.reddy.3719@gmail.com,"219 Main Road, Mumbai"
3720,Deepa Reddy 3720,9610003720,deepa.reddy.3720@gmail.com,"220 Main Road, Kochi"
3721,Arun Iyer 3721,9610003721,arun.iyer.3721@gmail.com,"221 Main Road, Chennai"
3722,Priya Iyer 3722,9610003722,priya.iyer.3722@gmail.com,"222 Main Road, Coimbatore"
3723,Rahul Iyer 3723,9610003723,rahul.iyer.3723@gmail.com,"223 Main Road, Bangalore"
3724,Divya Iyer 3724,9610003724,divya.iyer.3724@gmail.com,"224 Main Road, Hyderabad"
3725,Karthik Iyer 3725,9610003725,karthik.iyer.3725@gmail.com,"225 Main Road, Madurai"
3726,Sneha Iyer 3726,9610003726,sneha.iyer.3726@gmail.com,"226 Main Road, Salem"
3727,Vijay Iyer 3727,9610003727,vijay.iyer.3727@gmail.com,"227 Main Road, Trichy"
3728,Anitha Iyer 3728,9610003728,anitha.iyer.3728@gmail.com,"228 Main Road, Pune"
3729,Suresh Iyer 3729,9610003729,suresh.iyer.3729@gmail.com,"229 Main Road, Mumbai"
3730,Meena Iyer 3730,9610003730,meena.iyer.3730@gmail.com,"230 Main Road, Kochi"
3731,Ajay Iyer 3731,9610003731,ajay.iyer.3731@gmail.com,"231 Main Road, Chennai"
3732,Kavya Iyer 3732,9610003732,kavya.iyer.3732@gmail.com,"232 Main Road, Coimbatore"
3733,Ravi Iyer 3733,9610003733,ravi.iyer.3733@gmail.com,"233 Main Road, Bangalore"
3734,Pooja Iyer 3734,9610003734,pooja.iyer.3734@gmail.com,"234 Main Road, Hyderabad"
3735,Manoj Iyer 3735,9610003735,manoj.iyer.3735@gmail.com,"235 Main Road, Madurai"
3736,Swathi Iyer 3736,9610003736,swathi.iyer.3736@gmail.com,"236 Main Road, Salem"
3737,Gokul Iyer 3737,9610003737,gokul.iyer.3737@gmail.com,"237 Main Road, Trichy"
3738,Nisha Iyer 3738,9610003738,nisha.iyer.3738@gmail.com,"238 Main Road, Pune"
3739,Harish Iyer 3739,9610003739,harish.iyer.3739@gmail.com,"239 Main Road, Mumbai"
3740,Deepa Iyer 3740,9610003740,deepa.iyer.3740@gmail.com,"240 Main Road, Kochi"
3741,Arun Nair 3741,9610003741,arun.nair.3741@gmail.com,"241 Main Road, Chennai"
3742,Priya Nair 3742,9610003742,priya.nair.3742@gmail.com,"242 Main Road, Coimbatore"
3743,Rahul Nair 3743,9610003743,rahul.nair.3743@gmail.com,"243 Main Road, Bangalore"
3744,Divya Nair 3744,9610003744,divya.nair.3744@gmail.com,"244 Main Road, Hyderabad"
3745,Karthik Nair 3745,9610003745,karthik.nair.3745@gmail.com,"245 Main Road, Madurai"
3746,Sneha Nair 3746,9610003746,sneha.nair.3746@gmail.com,"246 Main Road, Salem"
3747,Vijay Nair 3747,9610003747,vijay.nair.3747@gmail.com,"247 Main Road, Trichy"
3748,Anitha Nair 3748,9610003748,anitha.nair.3748@gmail.com,"248 Main Road, Pune"
3749,Suresh Nair 3749,9610003749,suresh.nair.3749@gmail.com,"249 Main Road, Mumbai"
3750,Meena Nair 3750,9610003750,meena.nair.3750@gmail.com,"250 Main Road, Kochi"
3751,Ajay Nair 3751,9610003751,ajay.nair.3751@gmail.com,"251 Main Road, Chennai"
3752,Kavya Nair 3752,9610003752,kavya.nair.3752@gmail.com,"252 Main Road, Coimbatore"
3753,Ravi Nair 3753,9610003753,ravi.nair.3753@gmail.com,"253 Main Road, Bangalore"
3754,Pooja Nair 3754,9610003754,pooja.nair.3754@gmail.com,"254 Main Road, Hyderabad"
3755,Manoj Nair 3755,9610003755,manoj.nair.3755@gmail.com,"255 Main Road, Madurai"
3756,Swathi Nair 3756,9610003756,swathi.nair.3756@gmail.com,"256 Main Road, Salem"
3757,Gokul Nair 3757,9610003757,gokul.nair.3757@gmail.com,"257 Main Road, Trichy"
3758,Nisha Nair 3758,9610003758,nisha.nair.3758@gmail.com,"258 Main Road, Pune"
3759,Harish Nair 3759,9610003759,harish.nair.3759@gmail.com,"259 Main Road, Mumbai"
3760,Deepa Nair 3760,9610003760,deepa.nair.3760@gmail.com,"260 Main Road, Kochi"
3761,Arun Patel 3761,9610003761,arun.patel.3761@gmail.com,"261 Main Road, Chennai"
3762,Priya Patel 3762,9610003762,priya.patel.3762@gmail.com,"262 Main Road, Coimbatore"
3763,Rahul Patel 3763,9610003763,rahul.patel.3763@gmail.com,"263 Main Road, Bangalore"
3764,Divya Patel 3764,9610003764,divya.patel.3764@gmail.com,"264 Main Road, Hyderabad"
3765,Karthik Patel 3765,9610003765,karthik.patel.3765@gmail.com,"265 Main Road, Madurai"
3766,Sneha Patel 3766,9610003766,sneha.patel.3766@gmail.com,"266 Main Road, Salem"
3767,Vijay Patel 3767,9610003767,vijay.patel.3767@gmail.com,"267 Main Road, Trichy"
3768,Anitha Patel 3768,9610003768,anitha.patel.3768@gmail.com,"268 Main Road, Pune"
3769,Suresh Patel 3769,9610003769,suresh.patel.3769@gmail.com,"269 Main Road, Mumbai"
3770,Meena Patel 3770,9610003770,meena.patel.3770@gmail.com,"270 Main Road, Kochi"
3771,Ajay Patel 3771,9610003771,ajay.patel.3771@gmail.com,"271 Main Road, Chennai"
3772,Kavya Patel 3772,9610003772,kavya.patel.3772@gmail.com,"272 Main Road, Coimbatore"
3773,Ravi Patel 3773,9610003773,ravi.patel.3773@gmail.com,"273 Main Road, Bangalore"
3774,Pooja Patel 3774,9610003774,pooja.patel.3774@gmail.com,"274 Main Road, Hyderabad"
3775,Manoj Patel 3775,9610003775,manoj.patel.3775@gmail.com,"275 Main Road, Madurai"
3776,Swathi Patel 3776,9610003776,swathi.patel.3776@gmail.com,"276 Main Road, Salem"
3777,Gokul Patel 3777,9610003777,gokul.patel.3777@gmail.com,"277 Main Road, Trichy"
3778,Nisha Patel 3778,9610003778,nisha.patel.3778@gmail.com,"278 Main Road, Pune"
3779,Harish Patel 3779,9610003779,harish.patel.3779@gmail.com,"279 Main Road, Mumbai"
3780,Deepa Patel 3780,9610003780,deepa.patel.3780@gmail.com,"280 Main Road, Kochi"
3781,Arun Singh 3781,9610003781,arun.singh.3781@gmail.com,"281 Main Road, Chennai"
3782,Priya Singh 3782,9610003782,priya.singh.3782@gmail.com,"282 Main Road, Coimbatore"
3783,Rahul Singh 3783,9610003783,rahul.singh.3783@gmail.com,"283 Main Road, Bangalore"
3784,Divya Singh 3784,9610003784,divya.singh.3784@gmail.com,"284 Main Road, Hyderabad"
3785,Karthik Singh 3785,9610003785,karthik.singh.3785@gmail.com,"285 Main Road, Madurai"
3786,Sneha Singh 3786,9610003786,sneha.singh.3786@gmail.com,"286 Main Road, Salem"
3787,Vijay Singh 3787,9610003787,vijay.singh.3787@gmail.com,"287 Main Road, Trichy"
3788,Anitha Singh 3788,9610003788,anitha.singh.3788@gmail.com,"288 Main Road, Pune"
3789,Suresh Singh 3789,9610003789,suresh.singh.3789@gmail.com,"289 Main Road, Mumbai"
3790,Meena Singh 3790,9610003790,meena.singh.3790@gmail.com,"290 Main Road, Kochi"
3791,Ajay Singh 3791,9610003791,ajay.singh.3791@gmail.com,"291 Main Road, Chennai"
3792,Kavya Singh 3792,9610003792,kavya.singh.3792@gmail.com,"292 Main Road, Coimbatore"
3793,Ravi Singh 3793,9610003793,ravi.singh.3793@gmail.com,"293 Main Road, Bangalore"
3794,Pooja Singh 3794,9610003794,pooja.singh.3794@gmail.com,"294 Main Road, Hyderabad"
3795,Manoj Singh 3795,9610003795,manoj.singh.3795@gmail.com,"295 Main Road, Madurai"
3796,Swathi Singh 3796,9610003796,swathi.singh.3796@gmail.com,"296 Main Road, Salem"
3797,Gokul Singh 3797,9610003797,gokul.singh.3797@gmail.com,"297 Main Road, Trichy"
3798,Nisha Singh 3798,9610003798,nisha.singh.3798@gmail.com,"298 Main Road, Pune"
3799,Harish Singh 3799,9610003799,harish.singh.3799@gmail.com,"299 Main Road, Mumbai"
3800,Deepa Singh 3800,9610003800,deepa.singh.3800@gmail.com,"300 Main Road, Kochi"
3801,Arun Kumar 3801,9610003801,arun.kumar.3801@gmail.com,"301 Main Road, Chennai"
3802,Priya Kumar 3802,9610003802,priya.kumar.3802@gmail.com,"302 Main Road, Coimbatore"
3803,Rahul Kumar 3803,9610003803,rahul.kumar.3803@gmail.com,"303 Main Road, Bangalore"
3804,Divya Kumar 3804,9610003804,divya.kumar.3804@gmail.com,"304 Main Road, Hyderabad"
3805,Karthik Kumar 3805,9610003805,karthik.kumar.3805@gmail.com,"305 Main Road, Madurai"
3806,Sneha Kumar 3806,9610003806,sneha.kumar.3806@gmail.com,"306 Main Road, Salem"
3807,Vijay Kumar 3807,9610003807,vijay.kumar.3807@gmail.com,"307 Main Road, Trichy"
3808,Anitha Kumar 3808,9610003808,anitha.kumar.3808@gmail.com,"308 Main Road, Pune"
3809,Suresh Kumar 3809,9610003809,suresh.kumar.3809@gmail.com,"309 Main Road, Mumbai"
3810,Meena Kumar 3810,9610003810,meena.kumar.3810@gmail.com,"310 Main Road, Kochi"
3811,Ajay Kumar 3811,9610003811,ajay.kumar.3811@gmail.com,"311 Main Road, Chennai"
3812,Kavya Kumar 3812,9610003812,kavya.kumar.3812@gmail.com,"312 Main Road, Coimbatore"
3813,Ravi Kumar 3813,9610003813,ravi.kumar.3813@gmail.com,"313 Main Road, Bangalore"
3814,Pooja Kumar 3814,9610003814,pooja.kumar.3814@gmail.com,"314 Main Road, Hyderabad"
3815,Manoj Kumar 3815,9610003815,manoj.kumar.3815@gmail.com,"315 Main Road, Madurai"
3816,Swathi Kumar 3816,9610003816,swathi.kumar.3816@gmail.com,"316 Main Road, Salem"
3817,Gokul Kumar 3817,9610003817,gokul.kumar.3817@gmail.com,"317 Main Road, Trichy"
3818,Nisha Kumar 3818,9610003818,nisha.kumar.3818@gmail.com,"318 Main Road, Pune"
3819,Harish Kumar 3819,9610003819,harish.kumar.3819@gmail.com,"319 Main Road, Mumbai"
3820,Deepa Kumar 3820,9610003820,deepa.kumar.3820@gmail.com,"320 Main Road, Kochi"
3821,Arun Sharma 3821,9610003821,arun.sharma.3821@gmail.com,"321 Main Road, Chennai"
3822,Priya Sharma 3822,9610003822,priya.sharma.3822@gmail.com,"322 Main Road, Coimbatore"
3823,Rahul Sharma 3823,9610003823,rahul.sharma.3823@gmail.com,"323 Main Road, Bangalore"
3824,Divya Sharma 3824,9610003824,divya.sharma.3824@gmail.com,"324 Main Road, Hyderabad"
3825,Karthik Sharma 3825,9610003825,karthik.sharma.3825@gmail.com,"325 Main Road, Madurai"
3826,Sneha Sharma 3826,9610003826,sneha.sharma.3826@gmail.com,"326 Main Road, Salem"
3827,Vijay Sharma 3827,9610003827,vijay.sharma.3827@gmail.com,"327 Main Road, Trichy"
3828,Anitha Sharma 3828,9610003828,anitha.sharma.3828@gmail.com,"328 Main Road, Pune"
3829,Suresh Sharma 3829,9610003829,suresh.sharma.3829@gmail.com,"329 Main Road, Mumbai"
3830,Meena Sharma 3830,9610003830,meena.sharma.3830@gmail.com,"330 Main Road, Kochi"
3831,Ajay Sharma 3831,9610003831,ajay.sharma.3831@gmail.com,"331 Main Road, Chennai"
3832,Kavya Sharma 3832,9610003832,kavya.sharma.3832@gmail.com,"332 Main Road, Coimbatore"
3833,Ravi Sharma 3833,9610003833,ravi.sharma.3833@gmail.com,"333 Main Road, Bangalore"
3834,Pooja Sharma 3834,9610003834,pooja.sharma.3834@gmail.com,"334 Main Road, Hyderabad"
3835,Manoj Sharma 3835,9610003835,manoj.sharma.3835@gmail.com,"335 Main Road, Madurai"
3836,Swathi Sharma 3836,9610003836,swathi.sharma.3836@gmail.com,"336 Main Road, Salem"
3837,Gokul Sharma 3837,9610003837,gokul.sharma.3837@gmail.com,"337 Main Road, Trichy"
3838,Nisha Sharma 3838,9610003838,nisha.sharma.3838@gmail.com,"338 Main Road, Pune"
3839,Harish Sharma 3839,9610003839,harish.sharma.3839@gmail.com,"339 Main Road, Mumbai"
3840,Deepa Sharma 3840,9610003840,deepa.sharma.3840@gmail.com,"340 Main Road, Kochi"
3841,Arun Raj 3841,9610003841,arun.raj.3841@gmail.com,"341 Main Road, Chennai"
3842,Priya Raj 3842,9610003842,priya.raj.3842@gmail.com,"342 Main Road, Coimbatore"
3843,Rahul Raj 3843,9610003843,rahul.raj.3843@gmail.com,"343 Main Road, Bangalore"
3844,Divya Raj 3844,9610003844,divya.raj.3844@gmail.com,"344 Main Road, Hyderabad"
3845,Karthik Raj 3845,9610003845,karthik.raj.3845@gmail.com,"345 Main Road, Madurai"
3846,Sneha Raj 3846,9610003846,sneha.raj.3846@gmail.com,"346 Main Road, Salem"
3847,Vijay Raj 3847,9610003847,vijay.raj.3847@gmail.com,"347 Main Road, Trichy"
3848,Anitha Raj 3848,9610003848,anitha.raj.3848@gmail.com,"348 Main Road, Pune"
3849,Suresh Raj 3849,9610003849,suresh.raj.3849@gmail.com,"349 Main Road, Mumbai"
3850,Meena Raj 3850,9610003850,meena.raj.3850@gmail.com,"350 Main Road, Kochi"
3851,Ajay Raj 3851,9610003851,ajay.raj.3851@gmail.com,"351 Main Road, Chennai"
3852,Kavya Raj 3852,9610003852,kavya.raj.3852@gmail.com,"352 Main Road, Coimbatore"
3853,Ravi Raj 3853,9610003853,ravi.raj.3853@gmail.com,"353 Main Road, Bangalore"
3854,Pooja Raj 3854,9610003854,pooja.raj.3854@gmail.com,"354 Main Road, Hyderabad"
3855,Manoj Raj 3855,9610003855,manoj.raj.3855@gmail.com,"355 Main Road, Madurai"
3856,Swathi Raj 3856,9610003856,swathi.raj.3856@gmail.com,"356 Main Road, Salem"
3857,Gokul Raj 3857,9610003857,gokul.raj.3857@gmail.com,"357 Main Road, Trichy"
3858,Nisha Raj 3858,9610003858,nisha.raj.3858@gmail.com,"358 Main Road, Pune"
3859,Harish Raj 3859,9610003859,harish.raj.3859@gmail.com,"359 Main Road, Mumbai"
3860,Deepa Raj 3860,9610003860,deepa.raj.3860@gmail.com,"360 Main Road, Kochi"
3861,Arun Devi 3861,9610003861,arun.devi.3861@gmail.com,"361 Main Road, Chennai"
3862,Priya Devi 3862,9610003862,priya.devi.3862@gmail.com,"362 Main Road, Coimbatore"
3863,Rahul Devi 3863,9610003863,rahul.devi.3863@gmail.com,"363 Main Road, Bangalore"
3864,Divya Devi 3864,9610003864,divya.devi.3864@gmail.com,"364 Main Road, Hyderabad"
3865,Karthik Devi 3865,9610003865,karthik.devi.3865@gmail.com,"365 Main Road, Madurai"
3866,Sneha Devi 3866,9610003866,sneha.devi.3866@gmail.com,"366 Main Road, Salem"
3867,Vijay Devi 3867,9610003867,vijay.devi.3867@gmail.com,"367 Main Road, Trichy"
3868,Anitha Devi 3868,9610003868,anitha.devi.3868@gmail.com,"368 Main Road, Pune"
3869,Suresh Devi 3869,9610003869,suresh.devi.3869@gmail.com,"369 Main Road, Mumbai"
3870,Meena Devi 3870,9610003870,meena.devi.3870@gmail.com,"370 Main Road, Kochi"
3871,Ajay Devi 3871,9610003871,ajay.devi.3871@gmail.com,"371 Main Road, Chennai"
3872,Kavya Devi 3872,9610003872,kavya.devi.3872@gmail.com,"372 Main Road, Coimbatore"
3873,Ravi Devi 3873,9610003873,ravi.devi.3873@gmail.com,"373 Main Road, Bangalore"
3874,Pooja Devi 3874,9610003874,pooja.devi.3874@gmail.com,"374 Main Road, Hyderabad"
3875,Manoj Devi 3875,9610003875,manoj.devi.3875@gmail.com,"375 Main Road, Madurai"
3876,Swathi Devi 3876,9610003876,swathi.devi.3876@gmail.com,"376 Main Road, Salem"
3877,Gokul Devi 3877,9610003877,gokul.devi.3877@gmail.com,"377 Main Road, Trichy"
3878,Nisha Devi 3878,9610003878,nisha.devi.3878@gmail.com,"378 Main Road, Pune"
3879,Harish Devi 3879,9610003879,harish.devi.3879@gmail.com,"379 Main Road, Mumbai"
3880,Deepa Devi 3880,9610003880,deepa.devi.3880@gmail.com,"380 Main Road, Kochi"
3881,Arun Krishnan 3881,9610003881,arun.krishnan.3881@gmail.com,"381 Main Road, Chennai"
3882,Priya Krishnan 3882,9610003882,priya.krishnan.3882@gmail.com,"382 Main Road, Coimbatore"
3883,Rahul Krishnan 3883,9610003883,rahul.krishnan.3883@gmail.com,"383 Main Road, Bangalore"
3884,Divya Krishnan 3884,9610003884,divya.krishnan.3884@gmail.com,"384 Main Road, Hyderabad"
3885,Karthik Krishnan 3885,9610003885,karthik.krishnan.3885@gmail.com,"385 Main Road, Madurai"
3886,Sneha Krishnan 3886,9610003886,sneha.krishnan.3886@gmail.com,"386 Main Road, Salem"
3887,Vijay Krishnan 3887,9610003887,vijay.krishnan.3887@gmail.com,"387 Main Road, Trichy"
3888,Anitha Krishnan 3888,9610003888,anitha.krishnan.3888@gmail.com,"388 Main Road, Pune"
3889,Suresh Krishnan 3889,9610003889,suresh.krishnan.3889@gmail.com,"389 Main Road, Mumbai"
3890,Meena Krishnan 3890,9610003890,meena.krishnan.3890@gmail.com,"390 Main Road, Kochi"
3891,Ajay Krishnan 3891,9610003891,ajay.krishnan.3891@gmail.com,"391 Main Road, Chennai"
3892,Kavya Krishnan 3892,9610003892,kavya.krishnan.3892@gmail.com,"392 Main Road, Coimbatore"
3893,Ravi Krishnan 3893,9610003893,ravi.krishnan.3893@gmail.com,"393 Main Road, Bangalore"
3894,Pooja Krishnan 3894,9610003894,pooja.krishnan.3894@gmail.com,"394 Main Road, Hyderabad"
3895,Manoj Krishnan 3895,9610003895,manoj.krishnan.3895@gmail.com,"395 Main Road, Madurai"
3896,Swathi Krishnan 3896,9610003896,swathi.krishnan.3896@gmail.com,"396 Main Road, Salem"
3897,Gokul Krishnan 3897,9610003897,gokul.krishnan.3897@gmail.com,"397 Main Road, Trichy"
3898,Nisha Krishnan 3898,9610003898,nisha.krishnan.3898@gmail.com,"398 Main Road, Pune"
3899,Harish Krishnan 3899,9610003899,harish.krishnan.3899@gmail.com,"399 Main Road, Mumbai"
3900,Deepa Krishnan 3900,9610003900,deepa.krishnan.3900@gmail.com,"400 Main Road, Kochi"
3901,Arun Reddy 3901,9610003901,arun.reddy.3901@gmail.com,"401 Main Road, Chennai"
3902,Priya Reddy 3902,9610003902,priya.reddy.3902@gmail.com,"402 Main Road, Coimbatore"
3903,Rahul Reddy 3903,9610003903,rahul.reddy.3903@gmail.com,"403 Main Road, Bangalore"
3904,Divya Reddy 3904,9610003904,divya.reddy.3904@gmail.com,"404 Main Road, Hyderabad"
3905,Karthik Reddy 3905,9610003905,karthik.reddy.3905@gmail.com,"405 Main Road, Madurai"
3906,Sneha Reddy 3906,9610003906,sneha.reddy.3906@gmail.com,"406 Main Road, Salem"
3907,Vijay Reddy 3907,9610003907,vijay.reddy.3907@gmail.com,"407 Main Road, Trichy"
3908,Anitha Reddy 3908,9610003908,anitha.reddy.3908@gmail.com,"408 Main Road, Pune"
3909,Suresh Reddy 3909,9610003909,suresh.reddy.3909@gmail.com,"409 Main Road, Mumbai"
3910,Meena Reddy 3910,9610003910,meena.reddy.3910@gmail.com,"410 Main Road, Kochi"
3911,Ajay Reddy 3911,9610003911,ajay.reddy.3911@gmail.com,"411 Main Road, Chennai"
3912,Kavya Reddy 3912,9610003912,kavya.reddy.3912@gmail.com,"412 Main Road, Coimbatore"
3913,Ravi Reddy 3913,9610003913,ravi.reddy.3913@gmail.com,"413 Main Road, Bangalore"
3914,Pooja Reddy 3914,9610003914,pooja.reddy.3914@gmail.com,"414 Main Road, Hyderabad"
3915,Manoj Reddy 3915,9610003915,manoj.reddy.3915@gmail.com,"415 Main Road, Madurai"
3916,Swathi Reddy 3916,9610003916,swathi.reddy.3916@gmail.com,"416 Main Road, Salem"
3917,Gokul Reddy 3917,9610003917,gokul.reddy.3917@gmail.com,"417 Main Road, Trichy"
3918,Nisha Reddy 3918,9610003918,nisha.reddy.3918@gmail.com,"418 Main Road, Pune"
3919,Harish Reddy 3919,9610003919,harish.reddy.3919@gmail.com,"419 Main Road, Mumbai"
3920,Deepa Reddy 3920,9610003920,deepa.reddy.3920@gmail.com,"420 Main Road, Kochi"
3921,Arun Iyer 3921,9610003921,arun.iyer.3921@gmail.com,"421 Main Road, Chennai"
3922,Priya Iyer 3922,9610003922,priya.iyer.3922@gmail.com,"422 Main Road, Coimbatore"
3923,Rahul Iyer 3923,9610003923,rahul.iyer.3923@gmail.com,"423 Main Road, Bangalore"
3924,Divya Iyer 3924,9610003924,divya.iyer.3924@gmail.com,"424 Main Road, Hyderabad"
3925,Karthik Iyer 3925,9610003925,karthik.iyer.3925@gmail.com,"425 Main Road, Madurai"
3926,Sneha Iyer 3926,9610003926,sneha.iyer.3926@gmail.com,"426 Main Road, Salem"
3927,Vijay Iyer 3927,9610003927,vijay.iyer.3927@gmail.com,"427 Main Road, Trichy"
3928,Anitha Iyer 3928,9610003928,anitha.iyer.3928@gmail.com,"428 Main Road, Pune"
3929,Suresh Iyer 3929,9610003929,suresh.iyer.3929@gmail.com,"429 Main Road, Mumbai"
3930,Meena Iyer 3930,9610003930,meena.iyer.3930@gmail.com,"430 Main Road, Kochi"
3931,Ajay Iyer 3931,9610003931,ajay.iyer.3931@gmail.com,"431 Main Road, Chennai"
3932,Kavya Iyer 3932,9610003932,kavya.iyer.3932@gmail.com,"432 Main Road, Coimbatore"
3933,Ravi Iyer 3933,9610003933,ravi.iyer.3933@gmail.com,"433 Main Road, Bangalore"
3934,Pooja Iyer 3934,9610003934,pooja.iyer.3934@gmail.com,"434 Main Road, Hyderabad"
3935,Manoj Iyer 3935,9610003935,manoj.iyer.3935@gmail.com,"435 Main Road, Madurai"
3936,Swathi Iyer 3936,9610003936,swathi.iyer.3936@gmail.com,"436 Main Road, Salem"
3937,Gokul Iyer 3937,9610003937,gokul.iyer.3937@gmail.com,"437 Main Road, Trichy"
3938,Nisha Iyer 3938,9610003938,nisha.iyer.3938@gmail.com,"438 Main Road, Pune"
3939,Harish Iyer 3939,9610003939,harish.iyer.3939@gmail.com,"439 Main Road, Mumbai"
3940,Deepa Iyer 3940,9610003940,deepa.iyer.3940@gmail.com,"440 Main Road, Kochi"
3941,Arun Nair 3941,9610003941,arun.nair.3941@gmail.com,"441 Main Road, Chennai"
3942,Priya Nair 3942,9610003942,priya.nair.3942@gmail.com,"442 Main Road, Coimbatore"
3943,Rahul Nair 3943,9610003943,rahul.nair.3943@gmail.com,"443 Main Road, Bangalore"
3944,Divya Nair 3944,9610003944,divya.nair.3944@gmail.com,"444 Main Road, Hyderabad"
3945,Karthik Nair 3945,9610003945,karthik.nair.3945@gmail.com,"445 Main Road, Madurai"
3946,Sneha Nair 3946,9610003946,sneha.nair.3946@gmail.com,"446 Main Road, Salem"
3947,Vijay Nair 3947,9610003947,vijay.nair.3947@gmail.com,"447 Main Road, Trichy"
3948,Anitha Nair 3948,9610003948,anitha.nair.3948@gmail.com,"448 Main Road, Pune"
3949,Suresh Nair 3949,9610003949,suresh.nair.3949@gmail.com,"449 Main Road, Mumbai"
3950,Meena Nair 3950,9610003950,meena.nair.3950@gmail.com,"450 Main Road, Kochi"
3951,Ajay Nair 3951,9610003951,ajay.nair.3951@gmail.com,"451 Main Road, Chennai"
3952,Kavya Nair 3952,9610003952,kavya.nair.3952@gmail.com,"452 Main Road, Coimbatore"
3953,Ravi Nair 3953,9610003953,ravi.nair.3953@gmail.com,"453 Main Road, Bangalore"
3954,Pooja Nair 3954,9610003954,pooja.nair.3954@gmail.com,"454 Main Road, Hyderabad"
3955,Manoj Nair 3955,9610003955,manoj.nair.3955@gmail.com,"455 Main Road, Madurai"
3956,Swathi Nair 3956,9610003956,swathi.nair.3956@gmail.com,"456 Main Road, Salem"
3957,Gokul Nair 3957,9610003957,gokul.nair.3957@gmail.com,"457 Main Road, Trichy"
3958,Nisha Nair 3958,9610003958,nisha.nair.3958@gmail.com,"458 Main Road, Pune"
3959,Harish Nair 3959,9610003959,harish.nair.3959@gmail.com,"459 Main Road, Mumbai"
3960,Deepa Nair 3960,9610003960,deepa.nair.3960@gmail.com,"460 Main Road, Kochi"
3961,Arun Patel 3961,9610003961,arun.patel.3961@gmail.com,"461 Main Road, Chennai"
3962,Priya Patel 3962,9610003962,priya.patel.3962@gmail.com,"462 Main Road, Coimbatore"
3963,Rahul Patel 3963,9610003963,rahul.patel.3963@gmail.com,"463 Main Road, Bangalore"
3964,Divya Patel 3964,9610003964,divya.patel.3964@gmail.com,"464 Main Road, Hyderabad"
3965,Karthik Patel 3965,9610003965,karthik.patel.3965@gmail.com,"465 Main Road, Madurai"
3966,Sneha Patel 3966,9610003966,sneha.patel.3966@gmail.com,"466 Main Road, Salem"
3967,Vijay Patel 3967,9610003967,vijay.patel.3967@gmail.com,"467 Main Road, Trichy"
3968,Anitha Patel 3968,9610003968,anitha.patel.3968@gmail.com,"468 Main Road, Pune"
3969,Suresh Patel 3969,9610003969,suresh.patel.3969@gmail.com,"469 Main Road, Mumbai"
3970,Meena Patel 3970,9610003970,meena.patel.3970@gmail.com,"470 Main Road, Kochi"
3971,Ajay Patel 3971,9610003971,ajay.patel.3971@gmail.com,"471 Main Road, Chennai"
3972,Kavya Patel 3972,9610003972,kavya.patel.3972@gmail.com,"472 Main Road, Coimbatore"
3973,Ravi Patel 3973,9610003973,ravi.patel.3973@gmail.com,"473 Main Road, Bangalore"
3974,Pooja Patel 3974,9610003974,pooja.patel.3974@gmail.com,"474 Main Road, Hyderabad"
3975,Manoj Patel 3975,9610003975,manoj.patel.3975@gmail.com,"475 Main Road, Madurai"
3976,Swathi Patel 3976,9610003976,swathi.patel.3976@gmail.com,"476 Main Road, Salem"
3977,Gokul Patel 3977,9610003977,gokul.patel.3977@gmail.com,"477 Main Road, Trichy"
3978,Nisha Patel 3978,9610003978,nisha.patel.3978@gmail.com,"478 Main Road, Pune"
3979,Harish Patel 3979,9610003979,harish.patel.3979@gmail.com,"479 Main Road, Mumbai"
3980,Deepa Patel 3980,9610003980,deepa.patel.3980@gmail.com,"480 Main Road, Kochi"
3981,Arun Singh 3981,9610003981,arun.singh.3981@gmail.com,"481 Main Road, Chennai"
3982,Priya Singh 3982,9610003982,priya.singh.3982@gmail.com,"482 Main Road, Coimbatore"
3983,Rahul Singh 3983,9610003983,rahul.singh.3983@gmail.com,"483 Main Road, Bangalore"
3984,Divya Singh 3984,9610003984,divya.singh.3984@gmail.com,"484 Main Road, Hyderabad"
3985,Karthik Singh 3985,9610003985,karthik.singh.3985@gmail.com,"485 Main Road, Madurai"
3986,Sneha Singh 3986,9610003986,sneha.singh.3986@gmail.com,"486 Main Road, Salem"
3987,Vijay Singh 3987,9610003987,vijay.singh.3987@gmail.com,"487 Main Road, Trichy"
3988,Anitha Singh 3988,9610003988,anitha.singh.3988@gmail.com,"488 Main Road, Pune"
3989,Suresh Singh 3989,9610003989,suresh.singh.3989@gmail.com,"489 Main Road, Mumbai"
3990,Meena Singh 3990,9610003990,meena.singh.3990@gmail.com,"490 Main Road, Kochi"
3991,Ajay Singh 3991,9610003991,ajay.singh.3991@gmail.com,"491 Main Road, Chennai"
3992,Kavya Singh 3992,9610003992,kavya.singh.3992@gmail.com,"492 Main Road, Coimbatore"
3993,Ravi Singh 3993,9610003993,ravi.singh.3993@gmail.com,"493 Main Road, Bangalore"
3994,Pooja Singh 3994,9610003994,pooja.singh.3994@gmail.com,"494 Main Road, Hyderabad"
3995,Manoj Singh 3995,9610003995,manoj.singh.3995@gmail.com,"495 Main Road, Madurai"
3996,Swathi Singh 3996,9610003996,swathi.singh.3996@gmail.com,"496 Main Road, Salem"
3997,Gokul Singh 3997,9610003997,gokul.singh.3997@gmail.com,"497 Main Road, Trichy"
3998,Nisha Singh 3998,9610003998,nisha.singh.3998@gmail.com,"498 Main Road, Pune"
3999,Harish Singh 3999,9610003999,harish.singh.3999@gmail.com,"499 Main Road, Mumbai"
4000,Deepa Singh 4000,9610004000,deepa.singh.4000@gmail.com,"500 Main Road, Kochi"
4001,Arun Kumar 4001,9610004001,arun.kumar.4001@gmail.com,"501 Main Road, Chennai"
4002,Priya Kumar 4002,9610004002,priya.kumar.4002@gmail.com,"502 Main Road, Coimbatore"
4003,Rahul Kumar 4003,9610004003,rahul.kumar.4003@gmail.com,"503 Main Road, Bangalore"
4004,Divya Kumar 4004,9610004004,divya.kumar.4004@gmail.com,"504 Main Road, Hyderabad"
4005,Karthik Kumar 4005,9610004005,karthik.kumar.4005@gmail.com,"505 Main Road, Madurai"
4006,Sneha Kumar 4006,9610004006,sneha.kumar.4006@gmail.com,"506 Main Road, Salem"
4007,Vijay Kumar 4007,9610004007,vijay.kumar.4007@gmail.com,"507 Main Road, Trichy"
4008,Anitha Kumar 4008,9610004008,anitha.kumar.4008@gmail.com,"508 Main Road, Pune"
4009,Suresh Kumar 4009,9610004009,suresh.kumar.4009@gmail.com,"509 Main Road, Mumbai"
4010,Meena Kumar 4010,9610004010,meena.kumar.4010@gmail.com,"510 Main Road, Kochi"
4011,Ajay Kumar 4011,9610004011,ajay.kumar.4011@gmail.com,"511 Main Road, Chennai"
4012,Kavya Kumar 4012,9610004012,kavya.kumar.4012@gmail.com,"512 Main Road, Coimbatore"
4013,Ravi Kumar 4013,9610004013,ravi.kumar.4013@gmail.com,"513 Main Road, Bangalore"
4014,Pooja Kumar 4014,9610004014,pooja.kumar.4014@gmail.com,"514 Main Road, Hyderabad"
4015,Manoj Kumar 4015,9610004015,manoj.kumar.4015@gmail.com,"515 Main Road, Madurai"
4016,Swathi Kumar 4016,9610004016,swathi.kumar.4016@gmail.com,"516 Main Road, Salem"
4017,Gokul Kumar 4017,9610004017,gokul.kumar.4017@gmail.com,"517 Main Road, Trichy"
4018,Nisha Kumar 4018,9610004018,nisha.kumar.4018@gmail.com,"518 Main Road, Pune"
4019,Harish Kumar 4019,9610004019,harish.kumar.4019@gmail.com,"519 Main Road, Mumbai"
4020,Deepa Kumar 4020,9610004020,deepa.kumar.4020@gmail.com,"520 Main Road, Kochi"
4021,Arun Sharma 4021,9610004021,arun.sharma.4021@gmail.com,"521 Main Road, Chennai"
4022,Priya Sharma 4022,9610004022,priya.sharma.4022@gmail.com,"522 Main Road, Coimbatore"
4023,Rahul Sharma 4023,9610004023,rahul.sharma.4023@gmail.com,"523 Main Road, Bangalore"
4024,Divya Sharma 4024,9610004024,divya.sharma.4024@gmail.com,"524 Main Road, Hyderabad"
4025,Karthik Sharma 4025,9610004025,karthik.sharma.4025@gmail.com,"525 Main Road, Madurai"
4026,Sneha Sharma 4026,9610004026,sneha.sharma.4026@gmail.com,"526 Main Road, Salem"
4027,Vijay Sharma 4027,9610004027,vijay.sharma.4027@gmail.com,"527 Main Road, Trichy"
4028,Anitha Sharma 4028,9610004028,anitha.sharma.4028@gmail.com,"528 Main Road, Pune"
4029,Suresh Sharma 4029,9610004029,suresh.sharma.4029@gmail.com,"529 Main Road, Mumbai"
4030,Meena Sharma 4030,9610004030,meena.sharma.4030@gmail.com,"530 Main Road, Kochi"
4031,Ajay Sharma 4031,9610004031,ajay.sharma.4031@gmail.com,"531 Main Road, Chennai"
4032,Kavya Sharma 4032,9610004032,kavya.sharma.4032@gmail.com,"532 Main Road, Coimbatore"
4033,Ravi Sharma 4033,9610004033,ravi.sharma.4033@gmail.com,"533 Main Road, Bangalore"
4034,Pooja Sharma 4034,9610004034,pooja.sharma.4034@gmail.com,"534 Main Road, Hyderabad"
4035,Manoj Sharma 4035,9610004035,manoj.sharma.4035@gmail.com,"535 Main Road, Madurai"
4036,Swathi Sharma 4036,9610004036,swathi.sharma.4036@gmail.com,"536 Main Road, Salem"
4037,Gokul Sharma 4037,9610004037,gokul.sharma.4037@gmail.com,"537 Main Road, Trichy"
4038,Nisha Sharma 4038,9610004038,nisha.sharma.4038@gmail.com,"538 Main Road, Pune"
4039,Harish Sharma 4039,9610004039,harish.sharma.4039@gmail.com,"539 Main Road, Mumbai"
4040,Deepa Sharma 4040,9610004040,deepa.sharma.4040@gmail.com,"540 Main Road, Kochi"
4041,Arun Raj 4041,9610004041,arun.raj.4041@gmail.com,"541 Main Road, Chennai"
4042,Priya Raj 4042,9610004042,priya.raj.4042@gmail.com,"542 Main Road, Coimbatore"
4043,Rahul Raj 4043,9610004043,rahul.raj.4043@gmail.com,"543 Main Road, Bangalore"
4044,Divya Raj 4044,9610004044,divya.raj.4044@gmail.com,"544 Main Road, Hyderabad"
4045,Karthik Raj 4045,9610004045,karthik.raj.4045@gmail.com,"545 Main Road, Madurai"
4046,Sneha Raj 4046,9610004046,sneha.raj.4046@gmail.com,"546 Main Road, Salem"
4047,Vijay Raj 4047,9610004047,vijay.raj.4047@gmail.com,"547 Main Road, Trichy"
4048,Anitha Raj 4048,9610004048,anitha.raj.4048@gmail.com,"548 Main Road, Pune"
4049,Suresh Raj 4049,9610004049,suresh.raj.4049@gmail.com,"549 Main Road, Mumbai"
4050,Meena Raj 4050,9610004050,meena.raj.4050@gmail.com,"550 Main Road, Kochi"
4051,Ajay Raj 4051,9610004051,ajay.raj.4051@gmail.com,"551 Main Road, Chennai"
4052,Kavya Raj 4052,9610004052,kavya.raj.4052@gmail.com,"552 Main Road, Coimbatore"
4053,Ravi Raj 4053,9610004053,ravi.raj.4053@gmail.com,"553 Main Road, Bangalore"
4054,Pooja Raj 4054,9610004054,pooja.raj.4054@gmail.com,"554 Main Road, Hyderabad"
4055,Manoj Raj 4055,9610004055,manoj.raj.4055@gmail.com,"555 Main Road, Madurai"
4056,Swathi Raj 4056,9610004056,swathi.raj.4056@gmail.com,"556 Main Road, Salem"
4057,Gokul Raj 4057,9610004057,gokul.raj.4057@gmail.com,"557 Main Road, Trichy"
4058,Nisha Raj 4058,9610004058,nisha.raj.4058@gmail.com,"558 Main Road, Pune"
4059,Harish Raj 4059,9610004059,harish.raj.4059@gmail.com,"559 Main Road, Mumbai"
4060,Deepa Raj 4060,9610004060,deepa.raj.4060@gmail.com,"560 Main Road, Kochi"
4061,Arun Devi 4061,9610004061,arun.devi.4061@gmail.com,"561 Main Road, Chennai"
4062,Priya Devi 4062,9610004062,priya.devi.4062@gmail.com,"562 Main Road, Coimbatore"
4063,Rahul Devi 4063,9610004063,rahul.devi.4063@gmail.com,"563 Main Road, Bangalore"
4064,Divya Devi 4064,9610004064,divya.devi.4064@gmail.com,"564 Main Road, Hyderabad"
4065,Karthik Devi 4065,9610004065,karthik.devi.4065@gmail.com,"565 Main Road, Madurai"
4066,Sneha Devi 4066,9610004066,sneha.devi.4066@gmail.com,"566 Main Road, Salem"
4067,Vijay Devi 4067,9610004067,vijay.devi.4067@gmail.com,"567 Main Road, Trichy"
4068,Anitha Devi 4068,9610004068,anitha.devi.4068@gmail.com,"568 Main Road, Pune"
4069,Suresh Devi 4069,9610004069,suresh.devi.4069@gmail.com,"569 Main Road, Mumbai"
4070,Meena Devi 4070,9610004070,meena.devi.4070@gmail.com,"570 Main Road, Kochi"
4071,Ajay Devi 4071,9610004071,ajay.devi.4071@gmail.com,"571 Main Road, Chennai"
4072,Kavya Devi 4072,9610004072,kavya.devi.4072@gmail.com,"572 Main Road, Coimbatore"
4073,Ravi Devi 4073,9610004073,ravi.devi.4073@gmail.com,"573 Main Road, Bangalore"
4074,Pooja Devi 4074,9610004074,pooja.devi.4074@gmail.com,"574 Main Road, Hyderabad"
4075,Manoj Devi 4075,9610004075,manoj.devi.4075@gmail.com,"575 Main Road, Madurai"
4076,Swathi Devi 4076,9610004076,swathi.devi.4076@gmail.com,"576 Main Road, Salem"
4077,Gokul Devi 4077,9610004077,gokul.devi.4077@gmail.com,"577 Main Road, Trichy"
4078,Nisha Devi 4078,9610004078,nisha.devi.4078@gmail.com,"578 Main Road, Pune"
4079,Harish Devi 4079,9610004079,harish.devi.4079@gmail.com,"579 Main Road, Mumbai"
4080,Deepa Devi 4080,9610004080,deepa.devi.4080@gmail.com,"580 Main Road, Kochi"
4081,Arun Krishnan 4081,9610004081,arun.krishnan.4081@gmail.com,"581 Main Road, Chennai"
4082,Priya Krishnan 4082,9610004082,priya.krishnan.4082@gmail.com,"582 Main Road, Coimbatore"
4083,Rahul Krishnan 4083,9610004083,rahul.krishnan.4083@gmail.com,"583 Main Road, Bangalore"
4084,Divya Krishnan 4084,9610004084,divya.krishnan.4084@gmail.com,"584 Main Road, Hyderabad"
4085,Karthik Krishnan 4085,9610004085,karthik.krishnan.4085@gmail.com,"585 Main Road, Madurai"
4086,Sneha Krishnan 4086,9610004086,sneha.krishnan.4086@gmail.com,"586 Main Road, Salem"
4087,Vijay Krishnan 4087,9610004087,vijay.krishnan.4087@gmail.com,"587 Main Road, Trichy"
4088,Anitha Krishnan 4088,9610004088,anitha.krishnan.4088@gmail.com,"588 Main Road, Pune"
4089,Suresh Krishnan 4089,9610004089,suresh.krishnan.4089@gmail.com,"589 Main Road, Mumbai"
4090,Meena Krishnan 4090,9610004090,meena.krishnan.4090@gmail.com,"590 Main Road, Kochi"
4091,Ajay Krishnan 4091,9610004091,ajay.krishnan.4091@gmail.com,"591 Main Road, Chennai"
4092,Kavya Krishnan 4092,9610004092,kavya.krishnan.4092@gmail.com,"592 Main Road, Coimbatore"
4093,Ravi Krishnan 4093,9610004093,ravi.krishnan.4093@gmail.com,"593 Main Road, Bangalore"
4094,Pooja Krishnan 4094,9610004094,pooja.krishnan.4094@gmail.com,"594 Main Road, Hyderabad"
4095,Manoj Krishnan 4095,9610004095,manoj.krishnan.4095@gmail.com,"595 Main Road, Madurai"
4096,Swathi Krishnan 4096,9610004096,swathi.krishnan.4096@gmail.com,"596 Main Road, Salem"
4097,Gokul Krishnan 4097,9610004097,gokul.krishnan.4097@gmail.com,"597 Main Road, Trichy"
4098,Nisha Krishnan 4098,9610004098,nisha.krishnan.4098@gmail.com,"598 Main Road, Pune"
4099,Harish Krishnan 4099,9610004099,harish.krishnan.4099@gmail.com,"599 Main Road, Mumbai"
4100,Deepa Krishnan 4100,9610004100,deepa.krishnan.4100@gmail.com,"600 Main Road, Kochi"
4101,Arun Reddy 4101,9610004101,arun.reddy.4101@gmail.com,"601 Main Road, Chennai"
4102,Priya Reddy 4102,9610004102,priya.reddy.4102@gmail.com,"602 Main Road, Coimbatore"
4103,Rahul Reddy 4103,9610004103,rahul.reddy.4103@gmail.com,"603 Main Road, Bangalore"
4104,Divya Reddy 4104,9610004104,divya.reddy.4104@gmail.com,"604 Main Road, Hyderabad"
4105,Karthik Reddy 4105,9610004105,karthik.reddy.4105@gmail.com,"605 Main Road, Madurai"
4106,Sneha Reddy 4106,9610004106,sneha.reddy.4106@gmail.com,"606 Main Road, Salem"
4107,Vijay Reddy 4107,9610004107,vijay.reddy.4107@gmail.com,"607 Main Road, Trichy"
4108,Anitha Reddy 4108,9610004108,anitha.reddy.4108@gmail.com,"608 Main Road, Pune"
4109,Suresh Reddy 4109,9610004109,suresh.reddy.4109@gmail.com,"609 Main Road, Mumbai"
4110,Meena Reddy 4110,9610004110,meena.reddy.4110@gmail.com,"610 Main Road, Kochi"
4111,Ajay Reddy 4111,9610004111,ajay.reddy.4111@gmail.com,"611 Main Road, Chennai"
4112,Kavya Reddy 4112,9610004112,kavya.reddy.4112@gmail.com,"612 Main Road, Coimbatore"
4113,Ravi Reddy 4113,9610004113,ravi.reddy.4113@gmail.com,"613 Main Road, Bangalore"
4114,Pooja Reddy 4114,9610004114,pooja.reddy.4114@gmail.com,"614 Main Road, Hyderabad"
4115,Manoj Reddy 4115,9610004115,manoj.reddy.4115@gmail.com,"615 Main Road, Madurai"
4116,Swathi Reddy 4116,9610004116,swathi.reddy.4116@gmail.com,"616 Main Road, Salem"
4117,Gokul Reddy 4117,9610004117,gokul.reddy.4117@gmail.com,"617 Main Road, Trichy"
4118,Nisha Reddy 4118,9610004118,nisha.reddy.4118@gmail.com,"618 Main Road, Pune"
4119,Harish Reddy 4119,9610004119,harish.reddy.4119@gmail.com,"619 Main Road, Mumbai"
4120,Deepa Reddy 4120,9610004120,deepa.reddy.4120@gmail.com,"620 Main Road, Kochi"
4121,Arun Iyer 4121,9610004121,arun.iyer.4121@gmail.com,"621 Main Road, Chennai"
4122,Priya Iyer 4122,9610004122,priya.iyer.4122@gmail.com,"622 Main Road, Coimbatore"
4123,Rahul Iyer 4123,9610004123,rahul.iyer.4123@gmail.com,"623 Main Road, Bangalore"
4124,Divya Iyer 4124,9610004124,divya.iyer.4124@gmail.com,"624 Main Road, Hyderabad"
4125,Karthik Iyer 4125,9610004125,karthik.iyer.4125@gmail.com,"625 Main Road, Madurai"
4126,Sneha Iyer 4126,9610004126,sneha.iyer.4126@gmail.com,"626 Main Road, Salem"
4127,Vijay Iyer 4127,9610004127,vijay.iyer.4127@gmail.com,"627 Main Road, Trichy"
4128,Anitha Iyer 4128,9610004128,anitha.iyer.4128@gmail.com,"628 Main Road, Pune"
4129,Suresh Iyer 4129,9610004129,suresh.iyer.4129@gmail.com,"629 Main Road, Mumbai"
4130,Meena Iyer 4130,9610004130,meena.iyer.4130@gmail.com,"630 Main Road, Kochi"
4131,Ajay Iyer 4131,9610004131,ajay.iyer.4131@gmail.com,"631 Main Road, Chennai"
4132,Kavya Iyer 4132,9610004132,kavya.iyer.4132@gmail.com,"632 Main Road, Coimbatore"
4133,Ravi Iyer 4133,9610004133,ravi.iyer.4133@gmail.com,"633 Main Road, Bangalore"
4134,Pooja Iyer 4134,9610004134,pooja.iyer.4134@gmail.com,"634 Main Road, Hyderabad"
4135,Manoj Iyer 4135,9610004135,manoj.iyer.4135@gmail.com,"635 Main Road, Madurai"
4136,Swathi Iyer 4136,9610004136,swathi.iyer.4136@gmail.com,"636 Main Road, Salem"
4137,Gokul Iyer 4137,9610004137,gokul.iyer.4137@gmail.com,"637 Main Road, Trichy"
4138,Nisha Iyer 4138,9610004138,nisha.iyer.4138@gmail.com,"638 Main Road, Pune"
4139,Harish Iyer 4139,9610004139,harish.iyer.4139@gmail.com,"639 Main Road, Mumbai"
4140,Deepa Iyer 4140,9610004140,deepa.iyer.4140@gmail.com,"640 Main Road, Kochi"
4141,Arun Nair 4141,9610004141,arun.nair.4141@gmail.com,"641 Main Road, Chennai"
4142,Priya Nair 4142,9610004142,priya.nair.4142@gmail.com,"642 Main Road, Coimbatore"
4143,Rahul Nair 4143,9610004143,rahul.nair.4143@gmail.com,"643 Main Road, Bangalore"
4144,Divya Nair 4144,9610004144,divya.nair.4144@gmail.com,"644 Main Road, Hyderabad"
4145,Karthik Nair 4145,9610004145,karthik.nair.4145@gmail.com,"645 Main Road, Madurai"
4146,Sneha Nair 4146,9610004146,sneha.nair.4146@gmail.com,"646 Main Road, Salem"
4147,Vijay Nair 4147,9610004147,vijay.nair.4147@gmail.com,"647 Main Road, Trichy"
4148,Anitha Nair 4148,9610004148,anitha.nair.4148@gmail.com,"648 Main Road, Pune"
4149,Suresh Nair 4149,9610004149,suresh.nair.4149@gmail.com,"649 Main Road, Mumbai"
4150,Meena Nair 4150,9610004150,meena.nair.4150@gmail.com,"650 Main Road, Kochi"
4151,Ajay Nair 4151,9610004151,ajay.nair.4151@gmail.com,"651 Main Road, Chennai"
4152,Kavya Nair 4152,9610004152,kavya.nair.4152@gmail.com,"652 Main Road, Coimbatore"
4153,Ravi Nair 4153,9610004153,ravi.nair.4153@gmail.com,"653 Main Road, Bangalore"
4154,Pooja Nair 4154,9610004154,pooja.nair.4154@gmail.com,"654 Main Road, Hyderabad"
4155,Manoj Nair 4155,9610004155,manoj.nair.4155@gmail.com,"655 Main Road, Madurai"
4156,Swathi Nair 4156,9610004156,swathi.nair.4156@gmail.com,"656 Main Road, Salem"
4157,Gokul Nair 4157,9610004157,gokul.nair.4157@gmail.com,"657 Main Road, Trichy"
4158,Nisha Nair 4158,9610004158,nisha.nair.4158@gmail.com,"658 Main Road, Pune"
4159,Harish Nair 4159,9610004159,harish.nair.4159@gmail.com,"659 Main Road, Mumbai"
4160,Deepa Nair 4160,9610004160,deepa.nair.4160@gmail.com,"660 Main Road, Kochi"
4161,Arun Patel 4161,9610004161,arun.patel.4161@gmail.com,"661 Main Road, Chennai"
4162,Priya Patel 4162,9610004162,priya.patel.4162@gmail.com,"662 Main Road, Coimbatore"
4163,Rahul Patel 4163,9610004163,rahul.patel.4163@gmail.com,"663 Main Road, Bangalore"
4164,Divya Patel 4164,9610004164,divya.patel.4164@gmail.com,"664 Main Road, Hyderabad"
4165,Karthik Patel 4165,9610004165,karthik.patel.4165@gmail.com,"665 Main Road, Madurai"
4166,Sneha Patel 4166,9610004166,sneha.patel.4166@gmail.com,"666 Main Road, Salem"
4167,Vijay Patel 4167,9610004167,vijay.patel.4167@gmail.com,"667 Main Road, Trichy"
4168,Anitha Patel 4168,9610004168,anitha.patel.4168@gmail.com,"668 Main Road, Pune"
4169,Suresh Patel 4169,9610004169,suresh.patel.4169@gmail.com,"669 Main Road, Mumbai"
4170,Meena Patel 4170,9610004170,meena.patel.4170@gmail.com,"670 Main Road, Kochi"
4171,Ajay Patel 4171,9610004171,ajay.patel.4171@gmail.com,"671 Main Road, Chennai"
4172,Kavya Patel 4172,9610004172,kavya.patel.4172@gmail.com,"672 Main Road, Coimbatore"
4173,Ravi Patel 4173,9610004173,ravi.patel.4173@gmail.com,"673 Main Road, Bangalore"
4174,Pooja Patel 4174,9610004174,pooja.patel.4174@gmail.com,"674 Main Road, Hyderabad"
4175,Manoj Patel 4175,9610004175,manoj.patel.4175@gmail.com,"675 Main Road, Madurai"
4176,Swathi Patel 4176,9610004176,swathi.patel.4176@gmail.com,"676 Main Road, Salem"
4177,Gokul Patel 4177,9610004177,gokul.patel.4177@gmail.com,"677 Main Road, Trichy"
4178,Nisha Patel 4178,9610004178,nisha.patel.4178@gmail.com,"678 Main Road, Pune"
4179,Harish Patel 4179,9610004179,harish.patel.4179@gmail.com,"679 Main Road, Mumbai"
4180,Deepa Patel 4180,9610004180,deepa.patel.4180@gmail.com,"680 Main Road, Kochi"
4181,Arun Singh 4181,9610004181,arun.singh.4181@gmail.com,"681 Main Road, Chennai"
4182,Priya Singh 4182,9610004182,priya.singh.4182@gmail.com,"682 Main Road, Coimbatore"
4183,Rahul Singh 4183,9610004183,rahul.singh.4183@gmail.com,"683 Main Road, Bangalore"
4184,Divya Singh 4184,9610004184,divya.singh.4184@gmail.com,"684 Main Road, Hyderabad"
4185,Karthik Singh 4185,9610004185,karthik.singh.4185@gmail.com,"685 Main Road, Madurai"
4186,Sneha Singh 4186,9610004186,sneha.singh.4186@gmail.com,"686 Main Road, Salem"
4187,Vijay Singh 4187,9610004187,vijay.singh.4187@gmail.com,"687 Main Road, Trichy"
4188,Anitha Singh 4188,9610004188,anitha.singh.4188@gmail.com,"688 Main Road, Pune"
4189,Suresh Singh 4189,9610004189,suresh.singh.4189@gmail.com,"689 Main Road, Mumbai"
4190,Meena Singh 4190,9610004190,meena.singh.4190@gmail.com,"690 Main Road, Kochi"
4191,Ajay Singh 4191,9610004191,ajay.singh.4191@gmail.com,"691 Main Road, Chennai"
4192,Kavya Singh 4192,9610004192,kavya.singh.4192@gmail.com,"692 Main Road, Coimbatore"
4193,Ravi Singh 4193,9610004193,ravi.singh.4193@gmail.com,"693 Main Road, Bangalore"
4194,Pooja Singh 4194,9610004194,pooja.singh.4194@gmail.com,"694 Main Road, Hyderabad"
4195,Manoj Singh 4195,9610004195,manoj.singh.4195@gmail.com,"695 Main Road, Madurai"
4196,Swathi Singh 4196,9610004196,swathi.singh.4196@gmail.com,"696 Main Road, Salem"
4197,Gokul Singh 4197,9610004197,gokul.singh.4197@gmail.com,"697 Main Road, Trichy"
4198,Nisha Singh 4198,9610004198,nisha.singh.4198@gmail.com,"698 Main Road, Pune"
4199,Harish Singh 4199,9610004199,harish.singh.4199@gmail.com,"699 Main Road, Mumbai"
4200,Deepa Singh 4200,9610004200,deepa.singh.4200@gmail.com,"700 Main Road, Kochi"
4201,Arun Kumar 4201,9610004201,arun.kumar.4201@gmail.com,"701 Main Road, Chennai"
4202,Priya Kumar 4202,9610004202,priya.kumar.4202@gmail.com,"702 Main Road, Coimbatore"
4203,Rahul Kumar 4203,9610004203,rahul.kumar.4203@gmail.com,"703 Main Road, Bangalore"
4204,Divya Kumar 4204,9610004204,divya.kumar.4204@gmail.com,"704 Main Road, Hyderabad"
4205,Karthik Kumar 4205,9610004205,karthik.kumar.4205@gmail.com,"705 Main Road, Madurai"
4206,Sneha Kumar 4206,9610004206,sneha.kumar.4206@gmail.com,"706 Main Road, Salem"
4207,Vijay Kumar 4207,9610004207,vijay.kumar.4207@gmail.com,"707 Main Road, Trichy"
4208,Anitha Kumar 4208,9610004208,anitha.kumar.4208@gmail.com,"708 Main Road, Pune"
4209,Suresh Kumar 4209,9610004209,suresh.kumar.4209@gmail.com,"709 Main Road, Mumbai"
4210,Meena Kumar 4210,9610004210,meena.kumar.4210@gmail.com,"710 Main Road, Kochi"
4211,Ajay Kumar 4211,9610004211,ajay.kumar.4211@gmail.com,"711 Main Road, Chennai"
4212,Kavya Kumar 4212,9610004212,kavya.kumar.4212@gmail.com,"712 Main Road, Coimbatore"
4213,Ravi Kumar 4213,9610004213,ravi.kumar.4213@gmail.com,"713 Main Road, Bangalore"
4214,Pooja Kumar 4214,9610004214,pooja.kumar.4214@gmail.com,"714 Main Road, Hyderabad"
4215,Manoj Kumar 4215,9610004215,manoj.kumar.4215@gmail.com,"715 Main Road, Madurai"
4216,Swathi Kumar 4216,9610004216,swathi.kumar.4216@gmail.com,"716 Main Road, Salem"
4217,Gokul Kumar 4217,9610004217,gokul.kumar.4217@gmail.com,"717 Main Road, Trichy"
4218,Nisha Kumar 4218,9610004218,nisha.kumar.4218@gmail.com,"718 Main Road, Pune"
4219,Harish Kumar 4219,9610004219,harish.kumar.4219@gmail.com,"719 Main Road, Mumbai"
4220,Deepa Kumar 4220,9610004220,deepa.kumar.4220@gmail.com,"720 Main Road, Kochi"
4221,Arun Sharma 4221,9610004221,arun.sharma.4221@gmail.com,"721 Main Road, Chennai"
4222,Priya Sharma 4222,9610004222,priya.sharma.4222@gmail.com,"722 Main Road, Coimbatore"
4223,Rahul Sharma 4223,9610004223,rahul.sharma.4223@gmail.com,"723 Main Road, Bangalore"
4224,Divya Sharma 4224,9610004224,divya.sharma.4224@gmail.com,"724 Main Road, Hyderabad"
4225,Karthik Sharma 4225,9610004225,karthik.sharma.4225@gmail.com,"725 Main Road, Madurai"
4226,Sneha Sharma 4226,9610004226,sneha.sharma.4226@gmail.com,"726 Main Road, Salem"
4227,Vijay Sharma 4227,9610004227,vijay.sharma.4227@gmail.com,"727 Main Road, Trichy"
4228,Anitha Sharma 4228,9610004228,anitha.sharma.4228@gmail.com,"728 Main Road, Pune"
4229,Suresh Sharma 4229,9610004229,suresh.sharma.4229@gmail.com,"729 Main Road, Mumbai"
4230,Meena Sharma 4230,9610004230,meena.sharma.4230@gmail.com,"730 Main Road, Kochi"
4231,Ajay Sharma 4231,9610004231,ajay.sharma.4231@gmail.com,"731 Main Road, Chennai"
4232,Kavya Sharma 4232,9610004232,kavya.sharma.4232@gmail.com,"732 Main Road, Coimbatore"
4233,Ravi Sharma 4233,9610004233,ravi.sharma.4233@gmail.com,"733 Main Road, Bangalore"
4234,Pooja Sharma 4234,9610004234,pooja.sharma.4234@gmail.com,"734 Main Road, Hyderabad"
4235,Manoj Sharma 4235,9610004235,manoj.sharma.4235@gmail.com,"735 Main Road, Madurai"
4236,Swathi Sharma 4236,9610004236,swathi.sharma.4236@gmail.com,"736 Main Road, Salem"
4237,Gokul Sharma 4237,9610004237,gokul.sharma.4237@gmail.com,"737 Main Road, Trichy"
4238,Nisha Sharma 4238,9610004238,nisha.sharma.4238@gmail.com,"738 Main Road, Pune"
4239,Harish Sharma 4239,9610004239,harish.sharma.4239@gmail.com,"739 Main Road, Mumbai"
4240,Deepa Sharma 4240,9610004240,deepa.sharma.4240@gmail.com,"740 Main Road, Kochi"
4241,Arun Raj 4241,9610004241,arun.raj.4241@gmail.com,"741 Main Road, Chennai"
4242,Priya Raj 4242,9610004242,priya.raj.4242@gmail.com,"742 Main Road, Coimbatore"
4243,Rahul Raj 4243,9610004243,rahul.raj.4243@gmail.com,"743 Main Road, Bangalore"
4244,Divya Raj 4244,9610004244,divya.raj.4244@gmail.com,"744 Main Road, Hyderabad"
4245,Karthik Raj 4245,9610004245,karthik.raj.4245@gmail.com,"745 Main Road, Madurai"
4246,Sneha Raj 4246,9610004246,sneha.raj.4246@gmail.com,"746 Main Road, Salem"
4247,Vijay Raj 4247,9610004247,vijay.raj.4247@gmail.com,"747 Main Road, Trichy"
4248,Anitha Raj 4248,9610004248,anitha.raj.4248@gmail.com,"748 Main Road, Pune"
4249,Suresh Raj 4249,9610004249,suresh.raj.4249@gmail.com,"749 Main Road, Mumbai"
4250,Meena Raj 4250,9610004250,meena.raj.4250@gmail.com,"750 Main Road, Kochi"
4251,Ajay Raj 4251,9610004251,ajay.raj.4251@gmail.com,"751 Main Road, Chennai"
4252,Kavya Raj 4252,9610004252,kavya.raj.4252@gmail.com,"752 Main Road, Coimbatore"
4253,Ravi Raj 4253,9610004253,ravi.raj.4253@gmail.com,"753 Main Road, Bangalore"
4254,Pooja Raj 4254,9610004254,pooja.raj.4254@gmail.com,"754 Main Road, Hyderabad"
4255,Manoj Raj 4255,9610004255,manoj.raj.4255@gmail.com,"755 Main Road, Madurai"
4256,Swathi Raj 4256,9610004256,swathi.raj.4256@gmail.com,"756 Main Road, Salem"
4257,Gokul Raj 4257,9610004257,gokul.raj.4257@gmail.com,"757 Main Road, Trichy"
4258,Nisha Raj 4258,9610004258,nisha.raj.4258@gmail.com,"758 Main Road, Pune"
4259,Harish Raj 4259,9610004259,harish.raj.4259@gmail.com,"759 Main Road, Mumbai"
4260,Deepa Raj 4260,9610004260,deepa.raj.4260@gmail.com,"760 Main Road, Kochi"
4261,Arun Devi 4261,9610004261,arun.devi.4261@gmail.com,"761 Main Road, Chennai"
4262,Priya Devi 4262,9610004262,priya.devi.4262@gmail.com,"762 Main Road, Coimbatore"
4263,Rahul Devi 4263,9610004263,rahul.devi.4263@gmail.com,"763 Main Road, Bangalore"
4264,Divya Devi 4264,9610004264,divya.devi.4264@gmail.com,"764 Main Road, Hyderabad"
4265,Karthik Devi 4265,9610004265,karthik.devi.4265@gmail.com,"765 Main Road, Madurai"
4266,Sneha Devi 4266,9610004266,sneha.devi.4266@gmail.com,"766 Main Road, Salem"
4267,Vijay Devi 4267,9610004267,vijay.devi.4267@gmail.com,"767 Main Road, Trichy"
4268,Anitha Devi 4268,9610004268,anitha.devi.4268@gmail.com,"768 Main Road, Pune"
4269,Suresh Devi 4269,9610004269,suresh.devi.4269@gmail.com,"769 Main Road, Mumbai"
4270,Meena Devi 4270,9610004270,meena.devi.4270@gmail.com,"770 Main Road, Kochi"
4271,Ajay Devi 4271,9610004271,ajay.devi.4271@gmail.com,"771 Main Road, Chennai"
4272,Kavya Devi 4272,9610004272,kavya.devi.4272@gmail.com,"772 Main Road, Coimbatore"
4273,Ravi Devi 4273,9610004273,ravi.devi.4273@gmail.com,"773 Main Road, Bangalore"
4274,Pooja Devi 4274,9610004274,pooja.devi.4274@gmail.com,"774 Main Road, Hyderabad"
4275,Manoj Devi 4275,9610004275,manoj.devi.4275@gmail.com,"775 Main Road, Madurai"
4276,Swathi Devi 4276,9610004276,swathi.devi.4276@gmail.com,"776 Main Road, Salem"
4277,Gokul Devi 4277,9610004277,gokul.devi.4277@gmail.com,"777 Main Road, Trichy"
4278,Nisha Devi 4278,9610004278,nisha.devi.4278@gmail.com,"778 Main Road, Pune"
4279,Harish Devi 4279,9610004279,harish.devi.4279@gmail.com,"779 Main Road, Mumbai"
4280,Deepa Devi 4280,9610004280,deepa.devi.4280@gmail.com,"780 Main Road, Kochi"
4281,Arun Krishnan 4281,9610004281,arun.krishnan.4281@gmail.com,"781 Main Road, Chennai"
4282,Priya Krishnan 4282,9610004282,priya.krishnan.4282@gmail.com,"782 Main Road, Coimbatore"
4283,Rahul Krishnan 4283,9610004283,rahul.krishnan.4283@gmail.com,"783 Main Road, Bangalore"
4284,Divya Krishnan 4284,9610004284,divya.krishnan.4284@gmail.com,"784 Main Road, Hyderabad"
4285,Karthik Krishnan 4285,9610004285,karthik.krishnan.4285@gmail.com,"785 Main Road, Madurai"
4286,Sneha Krishnan 4286,9610004286,sneha.krishnan.4286@gmail.com,"786 Main Road, Salem"
4287,Vijay Krishnan 4287,9610004287,vijay.krishnan.4287@gmail.com,"787 Main Road, Trichy"
4288,Anitha Krishnan 4288,9610004288,anitha.krishnan.4288@gmail.com,"788 Main Road, Pune"
4289,Suresh Krishnan 4289,9610004289,suresh.krishnan.4289@gmail.com,"789 Main Road, Mumbai"
4290,Meena Krishnan 4290,9610004290,meena.krishnan.4290@gmail.com,"790 Main Road, Kochi"
4291,Ajay Krishnan 4291,9610004291,ajay.krishnan.4291@gmail.com,"791 Main Road, Chennai"
4292,Kavya Krishnan 4292,9610004292,kavya.krishnan.4292@gmail.com,"792 Main Road, Coimbatore"
4293,Ravi Krishnan 4293,9610004293,ravi.krishnan.4293@gmail.com,"793 Main Road, Bangalore"
4294,Pooja Krishnan 4294,9610004294,pooja.krishnan.4294@gmail.com,"794 Main Road, Hyderabad"
4295,Manoj Krishnan 4295,9610004295,manoj.krishnan.4295@gmail.com,"795 Main Road, Madurai"
4296,Swathi Krishnan 4296,9610004296,swathi.krishnan.4296@gmail.com,"796 Main Road, Salem"
4297,Gokul Krishnan 4297,9610004297,gokul.krishnan.4297@gmail.com,"797 Main Road, Trichy"
4298,Nisha Krishnan 4298,9610004298,nisha.krishnan.4298@gmail.com,"798 Main Road, Pune"
4299,Harish Krishnan 4299,9610004299,harish.krishnan.4299@gmail.com,"799 Main Road, Mumbai"
4300,Deepa Krishnan 4300,9610004300,deepa.krishnan.4300@gmail.com,"800 Main Road, Kochi"
4301,Arun Reddy 4301,9610004301,arun.reddy.4301@gmail.com,"801 Main Road, Chennai"
4302,Priya Reddy 4302,9610004302,priya.reddy.4302@gmail.com,"802 Main Road, Coimbatore"
4303,Rahul Reddy 4303,9610004303,rahul.reddy.4303@gmail.com,"803 Main Road, Bangalore"
4304,Divya Reddy 4304,9610004304,divya.reddy.4304@gmail.com,"804 Main Road, Hyderabad"
4305,Karthik Reddy 4305,9610004305,karthik.reddy.4305@gmail.com,"805 Main Road, Madurai"
4306,Sneha Reddy 4306,9610004306,sneha.reddy.4306@gmail.com,"806 Main Road, Salem"
4307,Vijay Reddy 4307,9610004307,vijay.reddy.4307@gmail.com,"807 Main Road, Trichy"
4308,Anitha Reddy 4308,9610004308,anitha.reddy.4308@gmail.com,"808 Main Road, Pune"
4309,Suresh Reddy 4309,9610004309,suresh.reddy.4309@gmail.com,"809 Main Road, Mumbai"
4310,Meena Reddy 4310,9610004310,meena.reddy.4310@gmail.com,"810 Main Road, Kochi"
4311,Ajay Reddy 4311,9610004311,ajay.reddy.4311@gmail.com,"811 Main Road, Chennai"
4312,Kavya Reddy 4312,9610004312,kavya.reddy.4312@gmail.com,"812 Main Road, Coimbatore"
4313,Ravi Reddy 4313,9610004313,ravi.reddy.4313@gmail.com,"813 Main Road, Bangalore"
4314,Pooja Reddy 4314,9610004314,pooja.reddy.4314@gmail.com,"814 Main Road, Hyderabad"
4315,Manoj Reddy 4315,9610004315,manoj.reddy.4315@gmail.com,"815 Main Road, Madurai"
4316,Swathi Reddy 4316,9610004316,swathi.reddy.4316@gmail.com,"816 Main Road, Salem"
4317,Gokul Reddy 4317,9610004317,gokul.reddy.4317@gmail.com,"817 Main Road, Trichy"
4318,Nisha Reddy 4318,9610004318,nisha.reddy.4318@gmail.com,"818 Main Road, Pune"
4319,Harish Reddy 4319,9610004319,harish.reddy.4319@gmail.com,"819 Main Road, Mumbai"
4320,Deepa Reddy 4320,9610004320,deepa.reddy.4320@gmail.com,"820 Main Road, Kochi"
4321,Arun Iyer 4321,9610004321,arun.iyer.4321@gmail.com,"821 Main Road, Chennai"
4322,Priya Iyer 4322,9610004322,priya.iyer.4322@gmail.com,"822 Main Road, Coimbatore"
4323,Rahul Iyer 4323,9610004323,rahul.iyer.4323@gmail.com,"823 Main Road, Bangalore"
4324,Divya Iyer 4324,9610004324,divya.iyer.4324@gmail.com,"824 Main Road, Hyderabad"
4325,Karthik Iyer 4325,9610004325,karthik.iyer.4325@gmail.com,"825 Main Road, Madurai"
4326,Sneha Iyer 4326,9610004326,sneha.iyer.4326@gmail.com,"826 Main Road, Salem"
4327,Vijay Iyer 4327,9610004327,vijay.iyer.4327@gmail.com,"827 Main Road, Trichy"
4328,Anitha Iyer 4328,9610004328,anitha.iyer.4328@gmail.com,"828 Main Road, Pune"
4329,Suresh Iyer 4329,9610004329,suresh.iyer.4329@gmail.com,"829 Main Road, Mumbai"
4330,Meena Iyer 4330,9610004330,meena.iyer.4330@gmail.com,"830 Main Road, Kochi"
4331,Ajay Iyer 4331,9610004331,ajay.iyer.4331@gmail.com,"831 Main Road, Chennai"
4332,Kavya Iyer 4332,9610004332,kavya.iyer.4332@gmail.com,"832 Main Road, Coimbatore"
4333,Ravi Iyer 4333,9610004333,ravi.iyer.4333@gmail.com,"833 Main Road, Bangalore"
4334,Pooja Iyer 4334,9610004334,pooja.iyer.4334@gmail.com,"834 Main Road, Hyderabad"
4335,Manoj Iyer 4335,9610004335,manoj.iyer.4335@gmail.com,"835 Main Road, Madurai"
4336,Swathi Iyer 4336,9610004336,swathi.iyer.4336@gmail.com,"836 Main Road, Salem"
4337,Gokul Iyer 4337,9610004337,gokul.iyer.4337@gmail.com,"837 Main Road, Trichy"
4338,Nisha Iyer 4338,9610004338,nisha.iyer.4338@gmail.com,"838 Main Road, Pune"
4339,Harish Iyer 4339,9610004339,harish.iyer.4339@gmail.com,"839 Main Road, Mumbai"
4340,Deepa Iyer 4340,9610004340,deepa.iyer.4340@gmail.com,"840 Main Road, Kochi"
4341,Arun Nair 4341,9610004341,arun.nair.4341@gmail.com,"841 Main Road, Chennai"
4342,Priya Nair 4342,9610004342,priya.nair.4342@gmail.com,"842 Main Road, Coimbatore"
4343,Rahul Nair 4343,9610004343,rahul.nair.4343@gmail.com,"843 Main Road, Bangalore"
4344,Divya Nair 4344,9610004344,divya.nair.4344@gmail.com,"844 Main Road, Hyderabad"
4345,Karthik Nair 4345,9610004345,karthik.nair.4345@gmail.com,"845 Main Road, Madurai"
4346,Sneha Nair 4346,9610004346,sneha.nair.4346@gmail.com,"846 Main Road, Salem"
4347,Vijay Nair 4347,9610004347,vijay.nair.4347@gmail.com,"847 Main Road, Trichy"
4348,Anitha Nair 4348,9610004348,anitha.nair.4348@gmail.com,"848 Main Road, Pune"
4349,Suresh Nair 4349,9610004349,suresh.nair.4349@gmail.com,"849 Main Road, Mumbai"
4350,Meena Nair 4350,9610004350,meena.nair.4350@gmail.com,"850 Main Road, Kochi"
4351,Ajay Nair 4351,9610004351,ajay.nair.4351@gmail.com,"851 Main Road, Chennai"
4352,Kavya Nair 4352,9610004352,kavya.nair.4352@gmail.com,"852 Main Road, Coimbatore"
4353,Ravi Nair 4353,9610004353,ravi.nair.4353@gmail.com,"853 Main Road, Bangalore"
4354,Pooja Nair 4354,9610004354,pooja.nair.4354@gmail.com,"854 Main Road, Hyderabad"
4355,Manoj Nair 4355,9610004355,manoj.nair.4355@gmail.com,"855 Main Road, Madurai"
4356,Swathi Nair 4356,9610004356,swathi.nair.4356@gmail.com,"856 Main Road, Salem"
4357,Gokul Nair 4357,9610004357,gokul.nair.4357@gmail.com,"857 Main Road, Trichy"
4358,Nisha Nair 4358,9610004358,nisha.nair.4358@gmail.com,"858 Main Road, Pune"
4359,Harish Nair 4359,9610004359,harish.nair.4359@gmail.com,"859 Main Road, Mumbai"
4360,Deepa Nair 4360,9610004360,deepa.nair.4360@gmail.com,"860 Main Road, Kochi"
4361,Arun Patel 4361,9610004361,arun.patel.4361@gmail.com,"861 Main Road, Chennai"
4362,Priya Patel 4362,9610004362,priya.patel.4362@gmail.com,"862 Main Road, Coimbatore"
4363,Rahul Patel 4363,9610004363,rahul.patel.4363@gmail.com,"863 Main Road, Bangalore"
4364,Divya Patel 4364,9610004364,divya.patel.4364@gmail.com,"864 Main Road, Hyderabad"
4365,Karthik Patel 4365,9610004365,karthik.patel.4365@gmail.com,"865 Main Road, Madurai"
4366,Sneha Patel 4366,9610004366,sneha.patel.4366@gmail.com,"866 Main Road, Salem"
4367,Vijay Patel 4367,9610004367,vijay.patel.4367@gmail.com,"867 Main Road, Trichy"
4368,Anitha Patel 4368,9610004368,anitha.patel.4368@gmail.com,"868 Main Road, Pune"
4369,Suresh Patel 4369,9610004369,suresh.patel.4369@gmail.com,"869 Main Road, Mumbai"
4370,Meena Patel 4370,9610004370,meena.patel.4370@gmail.com,"870 Main Road, Kochi"
4371,Ajay Patel 4371,9610004371,ajay.patel.4371@gmail.com,"871 Main Road, Chennai"
4372,Kavya Patel 4372,9610004372,kavya.patel.4372@gmail.com,"872 Main Road, Coimbatore"
4373,Ravi Patel 4373,9610004373,ravi.patel.4373@gmail.com,"873 Main Road, Bangalore"
4374,Pooja Patel 4374,9610004374,pooja.patel.4374@gmail.com,"874 Main Road, Hyderabad"
4375,Manoj Patel 4375,9610004375,manoj.patel.4375@gmail.com,"875 Main Road, Madurai"
4376,Swathi Patel 4376,9610004376,swathi.patel.4376@gmail.com,"876 Main Road, Salem"
4377,Gokul Patel 4377,9610004377,gokul.patel.4377@gmail.com,"877 Main Road, Trichy"
4378,Nisha Patel 4378,9610004378,nisha.patel.4378@gmail.com,"878 Main Road, Pune"
4379,Harish Patel 4379,9610004379,harish.patel.4379@gmail.com,"879 Main Road, Mumbai"
4380,Deepa Patel 4380,9610004380,deepa.patel.4380@gmail.com,"880 Main Road, Kochi"
4381,Arun Singh 4381,9610004381,arun.singh.4381@gmail.com,"881 Main Road, Chennai"
4382,Priya Singh 4382,9610004382,priya.singh.4382@gmail.com,"882 Main Road, Coimbatore"
4383,Rahul Singh 4383,9610004383,rahul.singh.4383@gmail.com,"883 Main Road, Bangalore"
4384,Divya Singh 4384,9610004384,divya.singh.4384@gmail.com,"884 Main Road, Hyderabad"
4385,Karthik Singh 4385,9610004385,karthik.singh.4385@gmail.com,"885 Main Road, Madurai"
4386,Sneha Singh 4386,9610004386,sneha.singh.4386@gmail.com,"886 Main Road, Salem"
4387,Vijay Singh 4387,9610004387,vijay.singh.4387@gmail.com,"887 Main Road, Trichy"
4388,Anitha Singh 4388,9610004388,anitha.singh.4388@gmail.com,"888 Main Road, Pune"
4389,Suresh Singh 4389,9610004389,suresh.singh.4389@gmail.com,"889 Main Road, Mumbai"
4390,Meena Singh 4390,9610004390,meena.singh.4390@gmail.com,"890 Main Road, Kochi"
4391,Ajay Singh 4391,9610004391,ajay.singh.4391@gmail.com,"891 Main Road, Chennai"
4392,Kavya Singh 4392,9610004392,kavya.singh.4392@gmail.com,"892 Main Road, Coimbatore"
4393,Ravi Singh 4393,9610004393,ravi.singh.4393@gmail.com,"893 Main Road, Bangalore"
4394,Pooja Singh 4394,9610004394,pooja.singh.4394@gmail.com,"894 Main Road, Hyderabad"
4395,Manoj Singh 4395,9610004395,manoj.singh.4395@gmail.com,"895 Main Road, Madurai"
4396,Swathi Singh 4396,9610004396,swathi.singh.4396@gmail.com,"896 Main Road, Salem"
4397,Gokul Singh 4397,9610004397,gokul.singh.4397@gmail.com,"897 Main Road, Trichy"
4398,Nisha Singh 4398,9610004398,nisha.singh.4398@gmail.com,"898 Main Road, Pune"
4399,Harish Singh 4399,9610004399,harish.singh.4399@gmail.com,"899 Main Road, Mumbai"
4400,Deepa Singh 4400,9610004400,deepa.singh.4400@gmail.com,"900 Main Road, Kochi"
4401,Arun Kumar 4401,9610004401,arun.kumar.4401@gmail.com,"901 Main Road, Chennai"
4402,Priya Kumar 4402,9610004402,priya.kumar.4402@gmail.com,"902 Main Road, Coimbatore"
4403,Rahul Kumar 4403,9610004403,rahul.kumar.4403@gmail.com,"903 Main Road, Bangalore"
4404,Divya Kumar 4404,9610004404,divya.kumar.4404@gmail.com,"904 Main Road, Hyderabad"
4405,Karthik Kumar 4405,9610004405,karthik.kumar.4405@gmail.com,"905 Main Road, Madurai"
4406,Sneha Kumar 4406,9610004406,sneha.kumar.4406@gmail.com,"906 Main Road, Salem"
4407,Vijay Kumar 4407,9610004407,vijay.kumar.4407@gmail.com,"907 Main Road, Trichy"
4408,Anitha Kumar 4408,9610004408,anitha.kumar.4408@gmail.com,"908 Main Road, Pune"
4409,Suresh Kumar 4409,9610004409,suresh.kumar.4409@gmail.com,"909 Main Road, Mumbai"
4410,Meena Kumar 4410,9610004410,meena.kumar.4410@gmail.com,"910 Main Road, Kochi"
4411,Ajay Kumar 4411,9610004411,ajay.kumar.4411@gmail.com,"911 Main Road, Chennai"
4412,Kavya Kumar 4412,9610004412,kavya.kumar.4412@gmail.com,"912 Main Road, Coimbatore"
4413,Ravi Kumar 4413,9610004413,ravi.kumar.4413@gmail.com,"913 Main Road, Bangalore"
4414,Pooja Kumar 4414,9610004414,pooja.kumar.4414@gmail.com,"914 Main Road, Hyderabad"
4415,Manoj Kumar 4415,9610004415,manoj.kumar.4415@gmail.com,"915 Main Road, Madurai"
4416,Swathi Kumar 4416,9610004416,swathi.kumar.4416@gmail.com,"916 Main Road, Salem"
4417,Gokul Kumar 4417,9610004417,gokul.kumar.4417@gmail.com,"917 Main Road, Trichy"
4418,Nisha Kumar 4418,9610004418,nisha.kumar.4418@gmail.com,"918 Main Road, Pune"
4419,Harish Kumar 4419,9610004419,harish.kumar.4419@gmail.com,"919 Main Road, Mumbai"
4420,Deepa Kumar 4420,9610004420,deepa.kumar.4420@gmail.com,"920 Main Road, Kochi"
4421,Arun Sharma 4421,9610004421,arun.sharma.4421@gmail.com,"921 Main Road, Chennai"
4422,Priya Sharma 4422,9610004422,priya.sharma.4422@gmail.com,"922 Main Road, Coimbatore"
4423,Rahul Sharma 4423,9610004423,rahul.sharma.4423@gmail.com,"923 Main Road, Bangalore"
4424,Divya Sharma 4424,9610004424,divya.sharma.4424@gmail.com,"924 Main Road, Hyderabad"
4425,Karthik Sharma 4425,9610004425,karthik.sharma.4425@gmail.com,"925 Main Road, Madurai"
4426,Sneha Sharma 4426,9610004426,sneha.sharma.4426@gmail.com,"926 Main Road, Salem"
4427,Vijay Sharma 4427,9610004427,vijay.sharma.4427@gmail.com,"927 Main Road, Trichy"
4428,Anitha Sharma 4428,9610004428,anitha.sharma.4428@gmail.com,"928 Main Road, Pune"
4429,Suresh Sharma 4429,9610004429,suresh.sharma.4429@gmail.com,"929 Main Road, Mumbai"
4430,Meena Sharma 4430,9610004430,meena.sharma.4430@gmail.com,"930 Main Road, Kochi"
4431,Ajay Sharma 4431,9610004431,ajay.sharma.4431@gmail.com,"931 Main Road, Chennai"
4432,Kavya Sharma 4432,9610004432,kavya.sharma.4432@gmail.com,"932 Main Road, Coimbatore"
4433,Ravi Sharma 4433,9610004433,ravi.sharma.4433@gmail.com,"933 Main Road, Bangalore"
4434,Pooja Sharma 4434,9610004434,pooja.sharma.4434@gmail.com,"934 Main Road, Hyderabad"
4435,Manoj Sharma 4435,9610004435,manoj.sharma.4435@gmail.com,"935 Main Road, Madurai"
4436,Swathi Sharma 4436,9610004436,swathi.sharma.4436@gmail.com,"936 Main Road, Salem"
4437,Gokul Sharma 4437,9610004437,gokul.sharma.4437@gmail.com,"937 Main Road, Trichy"
4438,Nisha Sharma 4438,9610004438,nisha.sharma.4438@gmail.com,"938 Main Road, Pune"
4439,Harish Sharma 4439,9610004439,harish.sharma.4439@gmail.com,"939 Main Road, Mumbai"
4440,Deepa Sharma 4440,9610004440,deepa.sharma.4440@gmail.com,"940 Main Road, Kochi"
4441,Arun Raj 4441,9610004441,arun.raj.4441@gmail.com,"941 Main Road, Chennai"
4442,Priya Raj 4442,9610004442,priya.raj.4442@gmail.com,"942 Main Road, Coimbatore"
4443,Rahul Raj 4443,9610004443,rahul.raj.4443@gmail.com,"943 Main Road, Bangalore"
4444,Divya Raj 4444,9610004444,divya.raj.4444@gmail.com,"944 Main Road, Hyderabad"
4445,Karthik Raj 4445,9610004445,karthik.raj.4445@gmail.com,"945 Main Road, Madurai"
4446,Sneha Raj 4446,9610004446,sneha.raj.4446@gmail.com,"946 Main Road, Salem"
4447,Vijay Raj 4447,9610004447,vijay.raj.4447@gmail.com,"947 Main Road, Trichy"
4448,Anitha Raj 4448,9610004448,anitha.raj.4448@gmail.com,"948 Main Road, Pune"
4449,Suresh Raj 4449,9610004449,suresh.raj.4449@gmail.com,"949 Main Road, Mumbai"
4450,Meena Raj 4450,9610004450,meena.raj.4450@gmail.com,"950 Main Road, Kochi"
4451,Ajay Raj 4451,9610004451,ajay.raj.4451@gmail.com,"951 Main Road, Chennai"
4452,Kavya Raj 4452,9610004452,kavya.raj.4452@gmail.com,"952 Main Road, Coimbatore"
4453,Ravi Raj 4453,9610004453,ravi.raj.4453@gmail.com,"953 Main Road, Bangalore"
4454,Pooja Raj 4454,9610004454,pooja.raj.4454@gmail.com,"954 Main Road, Hyderabad"
4455,Manoj Raj 4455,9610004455,manoj.raj.4455@gmail.com,"955 Main Road, Madurai"
4456,Swathi Raj 4456,9610004456,swathi.raj.4456@gmail.com,"956 Main Road, Salem"
4457,Gokul Raj 4457,9610004457,gokul.raj.4457@gmail.com,"957 Main Road, Trichy"
4458,Nisha Raj 4458,9610004458,nisha.raj.4458@gmail.com,"958 Main Road, Pune"
4459,Harish Raj 4459,9610004459,harish.raj.4459@gmail.com,"959 Main Road, Mumbai"
4460,Deepa Raj 4460,9610004460,deepa.raj.4460@gmail.com,"960 Main Road, Kochi"
4461,Arun Devi 4461,9610004461,arun.devi.4461@gmail.com,"961 Main Road, Chennai"
4462,Priya Devi 4462,9610004462,priya.devi.4462@gmail.com,"962 Main Road, Coimbatore"
4463,Rahul Devi 4463,9610004463,rahul.devi.4463@gmail.com,"963 Main Road, Bangalore"
4464,Divya Devi 4464,9610004464,divya.devi.4464@gmail.com,"964 Main Road, Hyderabad"
4465,Karthik Devi 4465,9610004465,karthik.devi.4465@gmail.com,"965 Main Road, Madurai"
4466,Sneha Devi 4466,9610004466,sneha.devi.4466@gmail.com,"966 Main Road, Salem"
4467,Vijay Devi 4467,9610004467,vijay.devi.4467@gmail.com,"967 Main Road, Trichy"
4468,Anitha Devi 4468,9610004468,anitha.devi.4468@gmail.com,"968 Main Road, Pune"
4469,Suresh Devi 4469,9610004469,suresh.devi.4469@gmail.com,"969 Main Road, Mumbai"
4470,Meena Devi 4470,9610004470,meena.devi.4470@gmail.com,"970 Main Road, Kochi"
4471,Ajay Devi 4471,9610004471,ajay.devi.4471@gmail.com,"971 Main Road, Chennai"
4472,Kavya Devi 4472,9610004472,kavya.devi.4472@gmail.com,"972 Main Road, Coimbatore"
4473,Ravi Devi 4473,9610004473,ravi.devi.4473@gmail.com,"973 Main Road, Bangalore"
4474,Pooja Devi 4474,9610004474,pooja.devi.4474@gmail.com,"974 Main Road, Hyderabad"
4475,Manoj Devi 4475,9610004475,manoj.devi.4475@gmail.com,"975 Main Road, Madurai"
4476,Swathi Devi 4476,9610004476,swathi.devi.4476@gmail.com,"976 Main Road, Salem"
4477,Gokul Devi 4477,9610004477,gokul.devi.4477@gmail.com,"977 Main Road, Trichy"
4478,Nisha Devi 4478,9610004478,nisha.devi.4478@gmail.com,"978 Main Road, Pune"
4479,Harish Devi 4479,9610004479,harish.devi.4479@gmail.com,"979 Main Road, Mumbai"
4480,Deepa Devi 4480,9610004480,deepa.devi.4480@gmail.com,"980 Main Road, Kochi"
4481,Arun Krishnan 4481,9610004481,arun.krishnan.4481@gmail.com,"981 Main Road, Chennai"
4482,Priya Krishnan 4482,9610004482,priya.krishnan.4482@gmail.com,"982 Main Road, Coimbatore"
4483,Rahul Krishnan 4483,9610004483,rahul.krishnan.4483@gmail.com,"983 Main Road, Bangalore"
4484,Divya Krishnan 4484,9610004484,divya.krishnan.4484@gmail.com,"984 Main Road, Hyderabad"
4485,Karthik Krishnan 4485,9610004485,karthik.krishnan.4485@gmail.com,"985 Main Road, Madurai"
4486,Sneha Krishnan 4486,9610004486,sneha.krishnan.4486@gmail.com,"986 Main Road, Salem"
4487,Vijay Krishnan 4487,9610004487,vijay.krishnan.4487@gmail.com,"987 Main Road, Trichy"
4488,Anitha Krishnan 4488,9610004488,anitha.krishnan.4488@gmail.com,"988 Main Road, Pune"
4489,Suresh Krishnan 4489,9610004489,suresh.krishnan.4489@gmail.com,"989 Main Road, Mumbai"
4490,Meena Krishnan 4490,9610004490,meena.krishnan.4490@gmail.com,"990 Main Road, Kochi"
4491,Ajay Krishnan 4491,9610004491,ajay.krishnan.4491@gmail.com,"991 Main Road, Chennai"
4492,Kavya Krishnan 4492,9610004492,kavya.krishnan.4492@gmail.com,"992 Main Road, Coimbatore"
4493,Ravi Krishnan 4493,9610004493,ravi.krishnan.4493@gmail.com,"993 Main Road, Bangalore"
4494,Pooja Krishnan 4494,9610004494,pooja.krishnan.4494@gmail.com,"994 Main Road, Hyderabad"
4495,Manoj Krishnan 4495,9610004495,manoj.krishnan.4495@gmail.com,"995 Main Road, Madurai"
4496,Swathi Krishnan 4496,9610004496,swathi.krishnan.4496@gmail.com,"996 Main Road, Salem"
4497,Gokul Krishnan 4497,9610004497,gokul.krishnan.4497@gmail.com,"997 Main Road, Trichy"
4498,Nisha Krishnan 4498,9610004498,nisha.krishnan.4498@gmail.com,"998 Main Road, Pune"
4499,Harish Krishnan 4499,9610004499,harish.krishnan.4499@gmail.com,"999 Main Road, Mumbai"
4500,Deepa Krishnan 4500,9610004500,deepa.krishnan.4500@gmail.com,"100 Main Road, Kochi"
4501,Arun Reddy 4501,9610004501,arun.reddy.4501@gmail.com,"101 Main Road, Chennai"
4502,Priya Reddy 4502,9610004502,priya.reddy.4502@gmail.com,"102 Main Road, Coimbatore"
4503,Rahul Reddy 4503,9610004503,rahul.reddy.4503@gmail.com,"103 Main Road, Bangalore"
4504,Divya Reddy 4504,9610004504,divya.reddy.4504@gmail.com,"104 Main Road, Hyderabad"
4505,Karthik Reddy 4505,9610004505,karthik.reddy.4505@gmail.com,"105 Main Road, Madurai"
4506,Sneha Reddy 4506,9610004506,sneha.reddy.4506@gmail.com,"106 Main Road, Salem"
4507,Vijay Reddy 4507,9610004507,vijay.reddy.4507@gmail.com,"107 Main Road, Trichy"
4508,Anitha Reddy 4508,9610004508,anitha.reddy.4508@gmail.com,"108 Main Road, Pune"
4509,Suresh Reddy 4509,9610004509,suresh.reddy.4509@gmail.com,"109 Main Road, Mumbai"
4510,Meena Reddy 4510,9610004510,meena.reddy.4510@gmail.com,"110 Main Road, Kochi"
4511,Ajay Reddy 4511,9610004511,ajay.reddy.4511@gmail.com,"111 Main Road, Chennai"
4512,Kavya Reddy 4512,9610004512,kavya.reddy.4512@gmail.com,"112 Main Road, Coimbatore"
4513,Ravi Reddy 4513,9610004513,ravi.reddy.4513@gmail.com,"113 Main Road, Bangalore"
4514,Pooja Reddy 4514,9610004514,pooja.reddy.4514@gmail.com,"114 Main Road, Hyderabad"
4515,Manoj Reddy 4515,9610004515,manoj.reddy.4515@gmail.com,"115 Main Road, Madurai"
4516,Swathi Reddy 4516,9610004516,swathi.reddy.4516@gmail.com,"116 Main Road, Salem"
4517,Gokul Reddy 4517,9610004517,gokul.reddy.4517@gmail.com,"117 Main Road, Trichy"
4518,Nisha Reddy 4518,9610004518,nisha.reddy.4518@gmail.com,"118 Main Road, Pune"
4519,Harish Reddy 4519,9610004519,harish.reddy.4519@gmail.com,"119 Main Road, Mumbai"
4520,Deepa Reddy 4520,9610004520,deepa.reddy.4520@gmail.com,"120 Main Road, Kochi"
4521,Arun Iyer 4521,9610004521,arun.iyer.4521@gmail.com,"121 Main Road, Chennai"
4522,Priya Iyer 4522,9610004522,priya.iyer.4522@gmail.com,"122 Main Road, Coimbatore"
4523,Rahul Iyer 4523,9610004523,rahul.iyer.4523@gmail.com,"123 Main Road, Bangalore"
4524,Divya Iyer 4524,9610004524,divya.iyer.4524@gmail.com,"124 Main Road, Hyderabad"
4525,Karthik Iyer 4525,9610004525,karthik.iyer.4525@gmail.com,"125 Main Road, Madurai"
4526,Sneha Iyer 4526,9610004526,sneha.iyer.4526@gmail.com,"126 Main Road, Salem"
4527,Vijay Iyer 4527,9610004527,vijay.iyer.4527@gmail.com,"127 Main Road, Trichy"
4528,Anitha Iyer 4528,9610004528,anitha.iyer.4528@gmail.com,"128 Main Road, Pune"
4529,Suresh Iyer 4529,9610004529,suresh.iyer.4529@gmail.com,"129 Main Road, Mumbai"
4530,Meena Iyer 4530,9610004530,meena.iyer.4530@gmail.com,"130 Main Road, Kochi"
4531,Ajay Iyer 4531,9610004531,ajay.iyer.4531@gmail.com,"131 Main Road, Chennai"
4532,Kavya Iyer 4532,9610004532,kavya.iyer.4532@gmail.com,"132 Main Road, Coimbatore"
4533,Ravi Iyer 4533,9610004533,ravi.iyer.4533@gmail.com,"133 Main Road, Bangalore"
4534,Pooja Iyer 4534,9610004534,pooja.iyer.4534@gmail.com,"134 Main Road, Hyderabad"
4535,Manoj Iyer 4535,9610004535,manoj.iyer.4535@gmail.com,"135 Main Road, Madurai"
4536,Swathi Iyer 4536,9610004536,swathi.iyer.4536@gmail.com,"136 Main Road, Salem"
4537,Gokul Iyer 4537,9610004537,gokul.iyer.4537@gmail.com,"137 Main Road, Trichy"
4538,Nisha Iyer 4538,9610004538,nisha.iyer.4538@gmail.com,"138 Main Road, Pune"
4539,Harish Iyer 4539,9610004539,harish.iyer.4539@gmail.com,"139 Main Road, Mumbai"
4540,Deepa Iyer 4540,9610004540,deepa.iyer.4540@gmail.com,"140 Main Road, Kochi"
4541,Arun Nair 4541,9610004541,arun.nair.4541@gmail.com,"141 Main Road, Chennai"
4542,Priya Nair 4542,9610004542,priya.nair.4542@gmail.com,"142 Main Road, Coimbatore"
4543,Rahul Nair 4543,9610004543,rahul.nair.4543@gmail.com,"143 Main Road, Bangalore"
4544,Divya Nair 4544,9610004544,divya.nair.4544@gmail.com,"144 Main Road, Hyderabad"
4545,Karthik Nair 4545,9610004545,karthik.nair.4545@gmail.com,"145 Main Road, Madurai"
4546,Sneha Nair 4546,9610004546,sneha.nair.4546@gmail.com,"146 Main Road, Salem"
4547,Vijay Nair 4547,9610004547,vijay.nair.4547@gmail.com,"147 Main Road, Trichy"
4548,Anitha Nair 4548,9610004548,anitha.nair.4548@gmail.com,"148 Main Road, Pune"
4549,Suresh Nair 4549,9610004549,suresh.nair.4549@gmail.com,"149 Main Road, Mumbai"
4550,Meena Nair 4550,9610004550,meena.nair.4550@gmail.com,"150 Main Road, Kochi"
4551,Ajay Nair 4551,9610004551,ajay.nair.4551@gmail.com,"151 Main Road, Chennai"
4552,Kavya Nair 4552,9610004552,kavya.nair.4552@gmail.com,"152 Main Road, Coimbatore"
4553,Ravi Nair 4553,9610004553,ravi.nair.4553@gmail.com,"153 Main Road, Bangalore"
4554,Pooja Nair 4554,9610004554,pooja.nair.4554@gmail.com,"154 Main Road, Hyderabad"
4555,Manoj Nair 4555,9610004555,manoj.nair.4555@gmail.com,"155 Main Road, Madurai"
4556,Swathi Nair 4556,9610004556,swathi.nair.4556@gmail.com,"156 Main Road, Salem"
4557,Gokul Nair 4557,9610004557,gokul.nair.4557@gmail.com,"157 Main Road, Trichy"
4558,Nisha Nair 4558,9610004558,nisha.nair.4558@gmail.com,"158 Main Road, Pune"
4559,Harish Nair 4559,9610004559,harish.nair.4559@gmail.com,"159 Main Road, Mumbai"
4560,Deepa Nair 4560,9610004560,deepa.nair.4560@gmail.com,"160 Main Road, Kochi"
4561,Arun Patel 4561,9610004561,arun.patel.4561@gmail.com,"161 Main Road, Chennai"
4562,Priya Patel 4562,9610004562,priya.patel.4562@gmail.com,"162 Main Road, Coimbatore"
4563,Rahul Patel 4563,9610004563,rahul.patel.4563@gmail.com,"163 Main Road, Bangalore"
4564,Divya Patel 4564,9610004564,divya.patel.4564@gmail.com,"164 Main Road, Hyderabad"
4565,Karthik Patel 4565,9610004565,karthik.patel.4565@gmail.com,"165 Main Road, Madurai"
4566,Sneha Patel 4566,9610004566,sneha.patel.4566@gmail.com,"166 Main Road, Salem"
4567,Vijay Patel 4567,9610004567,vijay.patel.4567@gmail.com,"167 Main Road, Trichy"
4568,Anitha Patel 4568,9610004568,anitha.patel.4568@gmail.com,"168 Main Road, Pune"
4569,Suresh Patel 4569,9610004569,suresh.patel.4569@gmail.com,"169 Main Road, Mumbai"
4570,Meena Patel 4570,9610004570,meena.patel.4570@gmail.com,"170 Main Road, Kochi"
4571,Ajay Patel 4571,9610004571,ajay.patel.4571@gmail.com,"171 Main Road, Chennai"
4572,Kavya Patel 4572,9610004572,kavya.patel.4572@gmail.com,"172 Main Road, Coimbatore"
4573,Ravi Patel 4573,9610004573,ravi.patel.4573@gmail.com,"173 Main Road, Bangalore"
4574,Pooja Patel 4574,9610004574,pooja.patel.4574@gmail.com,"174 Main Road, Hyderabad"
4575,Manoj Patel 4575,9610004575,manoj.patel.4575@gmail.com,"175 Main Road, Madurai"
4576,Swathi Patel 4576,9610004576,swathi.patel.4576@gmail.com,"176 Main Road, Salem"
4577,Gokul Patel 4577,9610004577,gokul.patel.4577@gmail.com,"177 Main Road, Trichy"
4578,Nisha Patel 4578,9610004578,nisha.patel.4578@gmail.com,"178 Main Road, Pune"
4579,Harish Patel 4579,9610004579,harish.patel.4579@gmail.com,"179 Main Road, Mumbai"
4580,Deepa Patel 4580,9610004580,deepa.patel.4580@gmail.com,"180 Main Road, Kochi"
4581,Arun Singh 4581,9610004581,arun.singh.4581@gmail.com,"181 Main Road, Chennai"
4582,Priya Singh 4582,9610004582,priya.singh.4582@gmail.com,"182 Main Road, Coimbatore"
4583,Rahul Singh 4583,9610004583,rahul.singh.4583@gmail.com,"183 Main Road, Bangalore"
4584,Divya Singh 4584,9610004584,divya.singh.4584@gmail.com,"184 Main Road, Hyderabad"
4585,Karthik Singh 4585,9610004585,karthik.singh.4585@gmail.com,"185 Main Road, Madurai"
4586,Sneha Singh 4586,9610004586,sneha.singh.4586@gmail.com,"186 Main Road, Salem"
4587,Vijay Singh 4587,9610004587,vijay.singh.4587@gmail.com,"187 Main Road, Trichy"
4588,Anitha Singh 4588,9610004588,anitha.singh.4588@gmail.com,"188 Main Road, Pune"
4589,Suresh Singh 4589,9610004589,suresh.singh.4589@gmail.com,"189 Main Road, Mumbai"
4590,Meena Singh 4590,9610004590,meena.singh.4590@gmail.com,"190 Main Road, Kochi"
4591,Ajay Singh 4591,9610004591,ajay.singh.4591@gmail.com,"191 Main Road, Chennai"
4592,Kavya Singh 4592,9610004592,kavya.singh.4592@gmail.com,"192 Main Road, Coimbatore"
4593,Ravi Singh 4593,9610004593,ravi.singh.4593@gmail.com,"193 Main Road, Bangalore"
4594,Pooja Singh 4594,9610004594,pooja.singh.4594@gmail.com,"194 Main Road, Hyderabad"
4595,Manoj Singh 4595,9610004595,manoj.singh.4595@gmail.com,"195 Main Road, Madurai"
4596,Swathi Singh 4596,9610004596,swathi.singh.4596@gmail.com,"196 Main Road, Salem"
4597,Gokul Singh 4597,9610004597,gokul.singh.4597@gmail.com,"197 Main Road, Trichy"
4598,Nisha Singh 4598,9610004598,nisha.singh.4598@gmail.com,"198 Main Road, Pune"
4599,Harish Singh 4599,9610004599,harish.singh.4599@gmail.com,"199 Main Road, Mumbai"
4600,Deepa Singh 4600,9610004600,deepa.singh.4600@gmail.com,"200 Main Road, Kochi"
4601,Arun Kumar 4601,9610004601,arun.kumar.4601@gmail.com,"201 Main Road, Chennai"
4602,Priya Kumar 4602,9610004602,priya.kumar.4602@gmail.com,"202 Main Road, Coimbatore"
4603,Rahul Kumar 4603,9610004603,rahul.kumar.4603@gmail.com,"203 Main Road, Bangalore"
4604,Divya Kumar 4604,9610004604,divya.kumar.4604@gmail.com,"204 Main Road, Hyderabad"
4605,Karthik Kumar 4605,9610004605,karthik.kumar.4605@gmail.com,"205 Main Road, Madurai"
4606,Sneha Kumar 4606,9610004606,sneha.kumar.4606@gmail.com,"206 Main Road, Salem"
4607,Vijay Kumar 4607,9610004607,vijay.kumar.4607@gmail.com,"207 Main Road, Trichy"
4608,Anitha Kumar 4608,9610004608,anitha.kumar.4608@gmail.com,"208 Main Road, Pune"
4609,Suresh Kumar 4609,9610004609,suresh.kumar.4609@gmail.com,"209 Main Road, Mumbai"
4610,Meena Kumar 4610,9610004610,meena.kumar.4610@gmail.com,"210 Main Road, Kochi"
4611,Ajay Kumar 4611,9610004611,ajay.kumar.4611@gmail.com,"211 Main Road, Chennai"
4612,Kavya Kumar 4612,9610004612,kavya.kumar.4612@gmail.com,"212 Main Road, Coimbatore"
4613,Ravi Kumar 4613,9610004613,ravi.kumar.4613@gmail.com,"213 Main Road, Bangalore"
4614,Pooja Kumar 4614,9610004614,pooja.kumar.4614@gmail.com,"214 Main Road, Hyderabad"
4615,Manoj Kumar 4615,9610004615,manoj.kumar.4615@gmail.com,"215 Main Road, Madurai"
4616,Swathi Kumar 4616,9610004616,swathi.kumar.4616@gmail.com,"216 Main Road, Salem"
4617,Gokul Kumar 4617,9610004617,gokul.kumar.4617@gmail.com,"217 Main Road, Trichy"
4618,Nisha Kumar 4618,9610004618,nisha.kumar.4618@gmail.com,"218 Main Road, Pune"
4619,Harish Kumar 4619,9610004619,harish.kumar.4619@gmail.com,"219 Main Road, Mumbai"
4620,Deepa Kumar 4620,9610004620,deepa.kumar.4620@gmail.com,"220 Main Road, Kochi"
4621,Arun Sharma 4621,9610004621,arun.sharma.4621@gmail.com,"221 Main Road, Chennai"
4622,Priya Sharma 4622,9610004622,priya.sharma.4622@gmail.com,"222 Main Road, Coimbatore"
4623,Rahul Sharma 4623,9610004623,rahul.sharma.4623@gmail.com,"223 Main Road, Bangalore"
4624,Divya Sharma 4624,9610004624,divya.sharma.4624@gmail.com,"224 Main Road, Hyderabad"
4625,Karthik Sharma 4625,9610004625,karthik.sharma.4625@gmail.com,"225 Main Road, Madurai"
4626,Sneha Sharma 4626,9610004626,sneha.sharma.4626@gmail.com,"226 Main Road, Salem"
4627,Vijay Sharma 4627,9610004627,vijay.sharma.4627@gmail.com,"227 Main Road, Trichy"
4628,Anitha Sharma 4628,9610004628,anitha.sharma.4628@gmail.com,"228 Main Road, Pune"
4629,Suresh Sharma 4629,9610004629,suresh.sharma.4629@gmail.com,"229 Main Road, Mumbai"
4630,Meena Sharma 4630,9610004630,meena.sharma.4630@gmail.com,"230 Main Road, Kochi"
4631,Ajay Sharma 4631,9610004631,ajay.sharma.4631@gmail.com,"231 Main Road, Chennai"
4632,Kavya Sharma 4632,9610004632,kavya.sharma.4632@gmail.com,"232 Main Road, Coimbatore"
4633,Ravi Sharma 4633,9610004633,ravi.sharma.4633@gmail.com,"233 Main Road, Bangalore"
4634,Pooja Sharma 4634,9610004634,pooja.sharma.4634@gmail.com,"234 Main Road, Hyderabad"
4635,Manoj Sharma 4635,9610004635,manoj.sharma.4635@gmail.com,"235 Main Road, Madurai"
4636,Swathi Sharma 4636,9610004636,swathi.sharma.4636@gmail.com,"236 Main Road, Salem"
4637,Gokul Sharma 4637,9610004637,gokul.sharma.4637@gmail.com,"237 Main Road, Trichy"
4638,Nisha Sharma 4638,9610004638,nisha.sharma.4638@gmail.com,"238 Main Road, Pune"
4639,Harish Sharma 4639,9610004639,harish.sharma.4639@gmail.com,"239 Main Road, Mumbai"
4640,Deepa Sharma 4640,9610004640,deepa.sharma.4640@gmail.com,"240 Main Road, Kochi"
4641,Arun Raj 4641,9610004641,arun.raj.4641@gmail.com,"241 Main Road, Chennai"
4642,Priya Raj 4642,9610004642,priya.raj.4642@gmail.com,"242 Main Road, Coimbatore"
4643,Rahul Raj 4643,9610004643,rahul.raj.4643@gmail.com,"243 Main Road, Bangalore"
4644,Divya Raj 4644,9610004644,divya.raj.4644@gmail.com,"244 Main Road, Hyderabad"
4645,Karthik Raj 4645,9610004645,karthik.raj.4645@gmail.com,"245 Main Road, Madurai"
4646,Sneha Raj 4646,9610004646,sneha.raj.4646@gmail.com,"246 Main Road, Salem"
4647,Vijay Raj 4647,9610004647,vijay.raj.4647@gmail.com,"247 Main Road, Trichy"
4648,Anitha Raj 4648,9610004648,anitha.raj.4648@gmail.com,"248 Main Road, Pune"
4649,Suresh Raj 4649,9610004649,suresh.raj.4649@gmail.com,"249 Main Road, Mumbai"
4650,Meena Raj 4650,9610004650,meena.raj.4650@gmail.com,"250 Main Road, Kochi"
4651,Ajay Raj 4651,9610004651,ajay.raj.4651@gmail.com,"251 Main Road, Chennai"
4652,Kavya Raj 4652,9610004652,kavya.raj.4652@gmail.com,"252 Main Road, Coimbatore"
4653,Ravi Raj 4653,9610004653,ravi.raj.4653@gmail.com,"253 Main Road, Bangalore"
4654,Pooja Raj 4654,9610004654,pooja.raj.4654@gmail.com,"254 Main Road, Hyderabad"
4655,Manoj Raj 4655,9610004655,manoj.raj.4655@gmail.com,"255 Main Road, Madurai"
4656,Swathi Raj 4656,9610004656,swathi.raj.4656@gmail.com,"256 Main Road, Salem"
4657,Gokul Raj 4657,9610004657,gokul.raj.4657@gmail.com,"257 Main Road, Trichy"
4658,Nisha Raj 4658,9610004658,nisha.raj.4658@gmail.com,"258 Main Road, Pune"
4659,Harish Raj 4659,9610004659,harish.raj.4659@gmail.com,"259 Main Road, Mumbai"
4660,Deepa Raj 4660,9610004660,deepa.raj.4660@gmail.com,"260 Main Road, Kochi"
4661,Arun Devi 4661,9610004661,arun.devi.4661@gmail.com,"261 Main Road, Chennai"
4662,Priya Devi 4662,9610004662,priya.devi.4662@gmail.com,"262 Main Road, Coimbatore"
4663,Rahul Devi 4663,9610004663,rahul.devi.4663@gmail.com,"263 Main Road, Bangalore"
4664,Divya Devi 4664,9610004664,divya.devi.4664@gmail.com,"264 Main Road, Hyderabad"
4665,Karthik Devi 4665,9610004665,karthik.devi.4665@gmail.com,"265 Main Road, Madurai"
4666,Sneha Devi 4666,9610004666,sneha.devi.4666@gmail.com,"266 Main Road, Salem"
4667,Vijay Devi 4667,9610004667,vijay.devi.4667@gmail.com,"267 Main Road, Trichy"
4668,Anitha Devi 4668,9610004668,anitha.devi.4668@gmail.com,"268 Main Road, Pune"
4669,Suresh Devi 4669,9610004669,suresh.devi.4669@gmail.com,"269 Main Road, Mumbai"
4670,Meena Devi 4670,9610004670,meena.devi.4670@gmail.com,"270 Main Road, Kochi"
4671,Ajay Devi 4671,9610004671,ajay.devi.4671@gmail.com,"271 Main Road, Chennai"
4672,Kavya Devi 4672,9610004672,kavya.devi.4672@gmail.com,"272 Main Road, Coimbatore"
4673,Ravi Devi 4673,9610004673,ravi.devi.4673@gmail.com,"273 Main Road, Bangalore"
4674,Pooja Devi 4674,9610004674,pooja.devi.4674@gmail.com,"274 Main Road, Hyderabad"
4675,Manoj Devi 4675,9610004675,manoj.devi.4675@gmail.com,"275 Main Road, Madurai"
4676,Swathi Devi 4676,9610004676,swathi.devi.4676@gmail.com,"276 Main Road, Salem"
4677,Gokul Devi 4677,9610004677,gokul.devi.4677@gmail.com,"277 Main Road, Trichy"
4678,Nisha Devi 4678,9610004678,nisha.devi.4678@gmail.com,"278 Main Road, Pune"
4679,Harish Devi 4679,9610004679,harish.devi.4679@gmail.com,"279 Main Road, Mumbai"
4680,Deepa Devi 4680,9610004680,deepa.devi.4680@gmail.com,"280 Main Road, Kochi"
4681,Arun Krishnan 4681,9610004681,arun.krishnan.4681@gmail.com,"281 Main Road, Chennai"
4682,Priya Krishnan 4682,9610004682,priya.krishnan.4682@gmail.com,"282 Main Road, Coimbatore"
4683,Rahul Krishnan 4683,9610004683,rahul.krishnan.4683@gmail.com,"283 Main Road, Bangalore"
4684,Divya Krishnan 4684,9610004684,divya.krishnan.4684@gmail.com,"284 Main Road, Hyderabad"
4685,Karthik Krishnan 4685,9610004685,karthik.krishnan.4685@gmail.com,"285 Main Road, Madurai"
4686,Sneha Krishnan 4686,9610004686,sneha.krishnan.4686@gmail.com,"286 Main Road, Salem"
4687,Vijay Krishnan 4687,9610004687,vijay.krishnan.4687@gmail.com,"287 Main Road, Trichy"
4688,Anitha Krishnan 4688,9610004688,anitha.krishnan.4688@gmail.com,"288 Main Road, Pune"
4689,Suresh Krishnan 4689,9610004689,suresh.krishnan.4689@gmail.com,"289 Main Road, Mumbai"
4690,Meena Krishnan 4690,9610004690,meena.krishnan.4690@gmail.com,"290 Main Road, Kochi"
4691,Ajay Krishnan 4691,9610004691,ajay.krishnan.4691@gmail.com,"291 Main Road, Chennai"
4692,Kavya Krishnan 4692,9610004692,kavya.krishnan.4692@gmail.com,"292 Main Road, Coimbatore"
4693,Ravi Krishnan 4693,9610004693,ravi.krishnan.4693@gmail.com,"293 Main Road, Bangalore"
4694,Pooja Krishnan 4694,9610004694,pooja.krishnan.4694@gmail.com,"294 Main Road, Hyderabad"
4695,Manoj Krishnan 4695,9610004695,manoj.krishnan.4695@gmail.com,"295 Main Road, Madurai"
4696,Swathi Krishnan 4696,9610004696,swathi.krishnan.4696@gmail.com,"296 Main Road, Salem"
4697,Gokul Krishnan 4697,9610004697,gokul.krishnan.4697@gmail.com,"297 Main Road, Trichy"
4698,Nisha Krishnan 4698,9610004698,nisha.krishnan.4698@gmail.com,"298 Main Road, Pune"
4699,Harish Krishnan 4699,9610004699,harish.krishnan.4699@gmail.com,"299 Main Road, Mumbai"
4700,Deepa Krishnan 4700,9610004700,deepa.krishnan.4700@gmail.com,"300 Main Road, Kochi"
4701,Arun Reddy 4701,9610004701,arun.reddy.4701@gmail.com,"301 Main Road, Chennai"
4702,Priya Reddy 4702,9610004702,priya.reddy.4702@gmail.com,"302 Main Road, Coimbatore"
4703,Rahul Reddy 4703,9610004703,rahul.reddy.4703@gmail.com,"303 Main Road, Bangalore"
4704,Divya Reddy 4704,9610004704,divya.reddy.4704@gmail.com,"304 Main Road, Hyderabad"
4705,Karthik Reddy 4705,9610004705,karthik.reddy.4705@gmail.com,"305 Main Road, Madurai"
4706,Sneha Reddy 4706,9610004706,sneha.reddy.4706@gmail.com,"306 Main Road, Salem"
4707,Vijay Reddy 4707,9610004707,vijay.reddy.4707@gmail.com,"307 Main Road, Trichy"
4708,Anitha Reddy 4708,9610004708,anitha.reddy.4708@gmail.com,"308 Main Road, Pune"
4709,Suresh Reddy 4709,9610004709,suresh.reddy.4709@gmail.com,"309 Main Road, Mumbai"
4710,Meena Reddy 4710,9610004710,meena.reddy.4710@gmail.com,"310 Main Road, Kochi"
4711,Ajay Reddy 4711,9610004711,ajay.reddy.4711@gmail.com,"311 Main Road, Chennai"
4712,Kavya Reddy 4712,9610004712,kavya.reddy.4712@gmail.com,"312 Main Road, Coimbatore"
4713,Ravi Reddy 4713,9610004713,ravi.reddy.4713@gmail.com,"313 Main Road, Bangalore"
4714,Pooja Reddy 4714,9610004714,pooja.reddy.4714@gmail.com,"314 Main Road, Hyderabad"
4715,Manoj Reddy 4715,9610004715,manoj.reddy.4715@gmail.com,"315 Main Road, Madurai"
4716,Swathi Reddy 4716,9610004716,swathi.reddy.4716@gmail.com,"316 Main Road, Salem"
4717,Gokul Reddy 4717,9610004717,gokul.reddy.4717@gmail.com,"317 Main Road, Trichy"
4718,Nisha Reddy 4718,9610004718,nisha.reddy.4718@gmail.com,"318 Main Road, Pune"
4719,Harish Reddy 4719,9610004719,harish.reddy.4719@gmail.com,"319 Main Road, Mumbai"
4720,Deepa Reddy 4720,9610004720,deepa.reddy.4720@gmail.com,"320 Main Road, Kochi"
4721,Arun Iyer 4721,9610004721,arun.iyer.4721@gmail.com,"321 Main Road, Chennai"
4722,Priya Iyer 4722,9610004722,priya.iyer.4722@gmail.com,"322 Main Road, Coimbatore"
4723,Rahul Iyer 4723,9610004723,rahul.iyer.4723@gmail.com,"323 Main Road, Bangalore"
4724,Divya Iyer 4724,9610004724,divya.iyer.4724@gmail.com,"324 Main Road, Hyderabad"
4725,Karthik Iyer 4725,9610004725,karthik.iyer.4725@gmail.com,"325 Main Road, Madurai"
4726,Sneha Iyer 4726,9610004726,sneha.iyer.4726@gmail.com,"326 Main Road, Salem"
4727,Vijay Iyer 4727,9610004727,vijay.iyer.4727@gmail.com,"327 Main Road, Trichy"
4728,Anitha Iyer 4728,9610004728,anitha.iyer.4728@gmail.com,"328 Main Road, Pune"
4729,Suresh Iyer 4729,9610004729,suresh.iyer.4729@gmail.com,"329 Main Road, Mumbai"
4730,Meena Iyer 4730,9610004730,meena.iyer.4730@gmail.com,"330 Main Road, Kochi"
4731,Ajay Iyer 4731,9610004731,ajay.iyer.4731@gmail.com,"331 Main Road, Chennai"
4732,Kavya Iyer 4732,9610004732,kavya.iyer.4732@gmail.com,"332 Main Road, Coimbatore"
4733,Ravi Iyer 4733,9610004733,ravi.iyer.4733@gmail.com,"333 Main Road, Bangalore"
4734,Pooja Iyer 4734,9610004734,pooja.iyer.4734@gmail.com,"334 Main Road, Hyderabad"
4735,Manoj Iyer 4735,9610004735,manoj.iyer.4735@gmail.com,"335 Main Road, Madurai"
4736,Swathi Iyer 4736,9610004736,swathi.iyer.4736@gmail.com,"336 Main Road, Salem"
4737,Gokul Iyer 4737,9610004737,gokul.iyer.4737@gmail.com,"337 Main Road, Trichy"
4738,Nisha Iyer 4738,9610004738,nisha.iyer.4738@gmail.com,"338 Main Road, Pune"
4739,Harish Iyer 4739,9610004739,harish.iyer.4739@gmail.com,"339 Main Road, Mumbai"
4740,Deepa Iyer 4740,9610004740,deepa.iyer.4740@gmail.com,"340 Main Road, Kochi"
4741,Arun Nair 4741,9610004741,arun.nair.4741@gmail.com,"341 Main Road, Chennai"
4742,Priya Nair 4742,9610004742,priya.nair.4742@gmail.com,"342 Main Road, Coimbatore"
4743,Rahul Nair 4743,9610004743,rahul.nair.4743@gmail.com,"343 Main Road, Bangalore"
4744,Divya Nair 4744,9610004744,divya.nair.4744@gmail.com,"344 Main Road, Hyderabad"
4745,Karthik Nair 4745,9610004745,karthik.nair.4745@gmail.com,"345 Main Road, Madurai"
4746,Sneha Nair 4746,9610004746,sneha.nair.4746@gmail.com,"346 Main Road, Salem"
4747,Vijay Nair 4747,9610004747,vijay.nair.4747@gmail.com,"347 Main Road, Trichy"
4748,Anitha Nair 4748,9610004748,anitha.nair.4748@gmail.com,"348 Main Road, Pune"
4749,Suresh Nair 4749,9610004749,suresh.nair.4749@gmail.com,"349 Main Road, Mumbai"
4750,Meena Nair 4750,9610004750,meena.nair.4750@gmail.com,"350 Main Road, Kochi"
4751,Ajay Nair 4751,9610004751,ajay.nair.4751@gmail.com,"351 Main Road, Chennai"
4752,Kavya Nair 4752,9610004752,kavya.nair.4752@gmail.com,"352 Main Road, Coimbatore"
4753,Ravi Nair 4753,9610004753,ravi.nair.4753@gmail.com,"353 Main Road, Bangalore"
4754,Pooja Nair 4754,9610004754,pooja.nair.4754@gmail.com,"354 Main Road, Hyderabad"
4755,Manoj Nair 4755,9610004755,manoj.nair.4755@gmail.com,"355 Main Road, Madurai"
4756,Swathi Nair 4756,9610004756,swathi.nair.4756@gmail.com,"356 Main Road, Salem"
4757,Gokul Nair 4757,9610004757,gokul.nair.4757@gmail.com,"357 Main Road, Trichy"
4758,Nisha Nair 4758,9610004758,nisha.nair.4758@gmail.com,"358 Main Road, Pune"
4759,Harish Nair 4759,9610004759,harish.nair.4759@gmail.com,"359 Main Road, Mumbai"
4760,Deepa Nair 4760,9610004760,deepa.nair.4760@gmail.com,"360 Main Road, Kochi"
4761,Arun Patel 4761,9610004761,arun.patel.4761@gmail.com,"361 Main Road, Chennai"
4762,Priya Patel 4762,9610004762,priya.patel.4762@gmail.com,"362 Main Road, Coimbatore"
4763,Rahul Patel 4763,9610004763,rahul.patel.4763@gmail.com,"363 Main Road, Bangalore"
4764,Divya Patel 4764,9610004764,divya.patel.4764@gmail.com,"364 Main Road, Hyderabad"
4765,Karthik Patel 4765,9610004765,karthik.patel.4765@gmail.com,"365 Main Road, Madurai"
4766,Sneha Patel 4766,9610004766,sneha.patel.4766@gmail.com,"366 Main Road, Salem"
4767,Vijay Patel 4767,9610004767,vijay.patel.4767@gmail.com,"367 Main Road, Trichy"
4768,Anitha Patel 4768,9610004768,anitha.patel.4768@gmail.com,"368 Main Road, Pune"
4769,Suresh Patel 4769,9610004769,suresh.patel.4769@gmail.com,"369 Main Road, Mumbai"
4770,Meena Patel 4770,9610004770,meena.patel.4770@gmail.com,"370 Main Road, Kochi"
4771,Ajay Patel 4771,9610004771,ajay.patel.4771@gmail.com,"371 Main Road, Chennai"
4772,Kavya Patel 4772,9610004772,kavya.patel.4772@gmail.com,"372 Main Road, Coimbatore"
4773,Ravi Patel 4773,9610004773,ravi.patel.4773@gmail.com,"373 Main Road, Bangalore"
4774,Pooja Patel 4774,9610004774,pooja.patel.4774@gmail.com,"374 Main Road, Hyderabad"
4775,Manoj Patel 4775,9610004775,manoj.patel.4775@gmail.com,"375 Main Road, Madurai"
4776,Swathi Patel 4776,9610004776,swathi.patel.4776@gmail.com,"376 Main Road, Salem"
4777,Gokul Patel 4777,9610004777,gokul.patel.4777@gmail.com,"377 Main Road, Trichy"
4778,Nisha Patel 4778,9610004778,nisha.patel.4778@gmail.com,"378 Main Road, Pune"
4779,Harish Patel 4779,9610004779,harish.patel.4779@gmail.com,"379 Main Road, Mumbai"
4780,Deepa Patel 4780,9610004780,deepa.patel.4780@gmail.com,"380 Main Road, Kochi"
4781,Arun Singh 4781,9610004781,arun.singh.4781@gmail.com,"381 Main Road, Chennai"
4782,Priya Singh 4782,9610004782,priya.singh.4782@gmail.com,"382 Main Road, Coimbatore"
4783,Rahul Singh 4783,9610004783,rahul.singh.4783@gmail.com,"383 Main Road, Bangalore"
4784,Divya Singh 4784,9610004784,divya.singh.4784@gmail.com,"384 Main Road, Hyderabad"
4785,Karthik Singh 4785,9610004785,karthik.singh.4785@gmail.com,"385 Main Road, Madurai"
4786,Sneha Singh 4786,9610004786,sneha.singh.4786@gmail.com,"386 Main Road, Salem"
4787,Vijay Singh 4787,9610004787,vijay.singh.4787@gmail.com,"387 Main Road, Trichy"
4788,Anitha Singh 4788,9610004788,anitha.singh.4788@gmail.com,"388 Main Road, Pune"
4789,Suresh Singh 4789,9610004789,suresh.singh.4789@gmail.com,"389 Main Road, Mumbai"
4790,Meena Singh 4790,9610004790,meena.singh.4790@gmail.com,"390 Main Road, Kochi"
4791,Ajay Singh 4791,9610004791,ajay.singh.4791@gmail.com,"391 Main Road, Chennai"
4792,Kavya Singh 4792,9610004792,kavya.singh.4792@gmail.com,"392 Main Road, Coimbatore"
4793,Ravi Singh 4793,9610004793,ravi.singh.4793@gmail.com,"393 Main Road, Bangalore"
4794,Pooja Singh 4794,9610004794,pooja.singh.4794@gmail.com,"394 Main Road, Hyderabad"
4795,Manoj Singh 4795,9610004795,manoj.singh.4795@gmail.com,"395 Main Road, Madurai"
4796,Swathi Singh 4796,9610004796,swathi.singh.4796@gmail.com,"396 Main Road, Salem"
4797,Gokul Singh 4797,9610004797,gokul.singh.4797@gmail.com,"397 Main Road, Trichy"
4798,Nisha Singh 4798,9610004798,nisha.singh.4798@gmail.com,"398 Main Road, Pune"
4799,Harish Singh 4799,9610004799,harish.singh.4799@gmail.com,"399 Main Road, Mumbai"
4800,Deepa Singh 4800,9610004800,deepa.singh.4800@gmail.com,"400 Main Road, Kochi"
4801,Arun Kumar 4801,9610004801,arun.kumar.4801@gmail.com,"401 Main Road, Chennai"
4802,Priya Kumar 4802,9610004802,priya.kumar.4802@gmail.com,"402 Main Road, Coimbatore"
4803,Rahul Kumar 4803,9610004803,rahul.kumar.4803@gmail.com,"403 Main Road, Bangalore"
4804,Divya Kumar 4804,9610004804,divya.kumar.4804@gmail.com,"404 Main Road, Hyderabad"
4805,Karthik Kumar 4805,9610004805,karthik.kumar.4805@gmail.com,"405 Main Road, Madurai"
4806,Sneha Kumar 4806,9610004806,sneha.kumar.4806@gmail.com,"406 Main Road, Salem"
4807,Vijay Kumar 4807,9610004807,vijay.kumar.4807@gmail.com,"407 Main Road, Trichy"
4808,Anitha Kumar 4808,9610004808,anitha.kumar.4808@gmail.com,"408 Main Road, Pune"
4809,Suresh Kumar 4809,9610004809,suresh.kumar.4809@gmail.com,"409 Main Road, Mumbai"
4810,Meena Kumar 4810,9610004810,meena.kumar.4810@gmail.com,"410 Main Road, Kochi"
4811,Ajay Kumar 4811,9610004811,ajay.kumar.4811@gmail.com,"411 Main Road, Chennai"
4812,Kavya Kumar 4812,9610004812,kavya.kumar.4812@gmail.com,"412 Main Road, Coimbatore"
4813,Ravi Kumar 4813,9610004813,ravi.kumar.4813@gmail.com,"413 Main Road, Bangalore"
4814,Pooja Kumar 4814,9610004814,pooja.kumar.4814@gmail.com,"414 Main Road, Hyderabad"
4815,Manoj Kumar 4815,9610004815,manoj.kumar.4815@gmail.com,"415 Main Road, Madurai"
4816,Swathi Kumar 4816,9610004816,swathi.kumar.4816@gmail.com,"416 Main Road, Salem"
4817,Gokul Kumar 4817,9610004817,gokul.kumar.4817@gmail.com,"417 Main Road, Trichy"
4818,Nisha Kumar 4818,9610004818,nisha.kumar.4818@gmail.com,"418 Main Road, Pune"
4819,Harish Kumar 4819,9610004819,harish.kumar.4819@gmail.com,"419 Main Road, Mumbai"
4820,Deepa Kumar 4820,9610004820,deepa.kumar.4820@gmail.com,"420 Main Road, Kochi"
4821,Arun Sharma 4821,9610004821,arun.sharma.4821@gmail.com,"421 Main Road, Chennai"
4822,Priya Sharma 4822,9610004822,priya.sharma.4822@gmail.com,"422 Main Road, Coimbatore"
4823,Rahul Sharma 4823,9610004823,rahul.sharma.4823@gmail.com,"423 Main Road, Bangalore"
4824,Divya Sharma 4824,9610004824,divya.sharma.4824@gmail.com,"424 Main Road, Hyderabad"
4825,Karthik Sharma 4825,9610004825,karthik.sharma.4825@gmail.com,"425 Main Road, Madurai"
4826,Sneha Sharma 4826,9610004826,sneha.sharma.4826@gmail.com,"426 Main Road, Salem"
4827,Vijay Sharma 4827,9610004827,vijay.sharma.4827@gmail.com,"427 Main Road, Trichy"
4828,Anitha Sharma 4828,9610004828,anitha.sharma.4828@gmail.com,"428 Main Road, Pune"
4829,Suresh Sharma 4829,9610004829,suresh.sharma.4829@gmail.com,"429 Main Road, Mumbai"
4830,Meena Sharma 4830,9610004830,meena.sharma.4830@gmail.com,"430 Main Road, Kochi"
4831,Ajay Sharma 4831,9610004831,ajay.sharma.4831@gmail.com,"431 Main Road, Chennai"
4832,Kavya Sharma 4832,9610004832,kavya.sharma.4832@gmail.com,"432 Main Road, Coimbatore"
4833,Ravi Sharma 4833,9610004833,ravi.sharma.4833@gmail.com,"433 Main Road, Bangalore"
4834,Pooja Sharma 4834,9610004834,pooja.sharma.4834@gmail.com,"434 Main Road, Hyderabad"
4835,Manoj Sharma 4835,9610004835,manoj.sharma.4835@gmail.com,"435 Main Road, Madurai"
4836,Swathi Sharma 4836,9610004836,swathi.sharma.4836@gmail.com,"436 Main Road, Salem"
4837,Gokul Sharma 4837,9610004837,gokul.sharma.4837@gmail.com,"437 Main Road, Trichy"
4838,Nisha Sharma 4838,9610004838,nisha.sharma.4838@gmail.com,"438 Main Road, Pune"
4839,Harish Sharma 4839,9610004839,harish.sharma.4839@gmail.com,"439 Main Road, Mumbai"
4840,Deepa Sharma 4840,9610004840,deepa.sharma.4840@gmail.com,"440 Main Road, Kochi"
4841,Arun Raj 4841,9610004841,arun.raj.4841@gmail.com,"441 Main Road, Chennai"
4842,Priya Raj 4842,9610004842,priya.raj.4842@gmail.com,"442 Main Road, Coimbatore"
4843,Rahul Raj 4843,9610004843,rahul.raj.4843@gmail.com,"443 Main Road, Bangalore"
4844,Divya Raj 4844,9610004844,divya.raj.4844@gmail.com,"444 Main Road, Hyderabad"
4845,Karthik Raj 4845,9610004845,karthik.raj.4845@gmail.com,"445 Main Road, Madurai"
4846,Sneha Raj 4846,9610004846,sneha.raj.4846@gmail.com,"446 Main Road, Salem"
4847,Vijay Raj 4847,9610004847,vijay.raj.4847@gmail.com,"447 Main Road, Trichy"
4848,Anitha Raj 4848,9610004848,anitha.raj.4848@gmail.com,"448 Main Road, Pune"
4849,Suresh Raj 4849,9610004849,suresh.raj.4849@gmail.com,"449 Main Road, Mumbai"
4850,Meena Raj 4850,9610004850,meena.raj.4850@gmail.com,"450 Main Road, Kochi"
4851,Ajay Raj 4851,9610004851,ajay.raj.4851@gmail.com,"451 Main Road, Chennai"
4852,Kavya Raj 4852,9610004852,kavya.raj.4852@gmail.com,"452 Main Road, Coimbatore"
4853,Ravi Raj 4853,9610004853,ravi.raj.4853@gmail.com,"453 Main Road, Bangalore"
4854,Pooja Raj 4854,9610004854,pooja.raj.4854@gmail.com,"454 Main Road, Hyderabad"
4855,Manoj Raj 4855,9610004855,manoj.raj.4855@gmail.com,"455 Main Road, Madurai"
4856,Swathi Raj 4856,9610004856,swathi.raj.4856@gmail.com,"456 Main Road, Salem"
4857,Gokul Raj 4857,9610004857,gokul.raj.4857@gmail.com,"457 Main Road, Trichy"
4858,Nisha Raj 4858,9610004858,nisha.raj.4858@gmail.com,"458 Main Road, Pune"
4859,Harish Raj 4859,9610004859,harish.raj.4859@gmail.com,"459 Main Road, Mumbai"
4860,Deepa Raj 4860,9610004860,deepa.raj.4860@gmail.com,"460 Main Road, Kochi"
4861,Arun Devi 4861,9610004861,arun.devi.4861@gmail.com,"461 Main Road, Chennai"
4862,Priya Devi 4862,9610004862,priya.devi.4862@gmail.com,"462 Main Road, Coimbatore"
4863,Rahul Devi 4863,9610004863,rahul.devi.4863@gmail.com,"463 Main Road, Bangalore"
4864,Divya Devi 4864,9610004864,divya.devi.4864@gmail.com,"464 Main Road, Hyderabad"
4865,Karthik Devi 4865,9610004865,karthik.devi.4865@gmail.com,"465 Main Road, Madurai"
4866,Sneha Devi 4866,9610004866,sneha.devi.4866@gmail.com,"466 Main Road, Salem"
4867,Vijay Devi 4867,9610004867,vijay.devi.4867@gmail.com,"467 Main Road, Trichy"
4868,Anitha Devi 4868,9610004868,anitha.devi.4868@gmail.com,"468 Main Road, Pune"
4869,Suresh Devi 4869,9610004869,suresh.devi.4869@gmail.com,"469 Main Road, Mumbai"
4870,Meena Devi 4870,9610004870,meena.devi.4870@gmail.com,"470 Main Road, Kochi"
4871,Ajay Devi 4871,9610004871,ajay.devi.4871@gmail.com,"471 Main Road, Chennai"
4872,Kavya Devi 4872,9610004872,kavya.devi.4872@gmail.com,"472 Main Road, Coimbatore"
4873,Ravi Devi 4873,9610004873,ravi.devi.4873@gmail.com,"473 Main Road, Bangalore"
4874,Pooja Devi 4874,9610004874,pooja.devi.4874@gmail.com,"474 Main Road, Hyderabad"
4875,Manoj Devi 4875,9610004875,manoj.devi.4875@gmail.com,"475 Main Road, Madurai"
4876,Swathi Devi 4876,9610004876,swathi.devi.4876@gmail.com,"476 Main Road, Salem"
4877,Gokul Devi 4877,9610004877,gokul.devi.4877@gmail.com,"477 Main Road, Trichy"
4878,Nisha Devi 4878,9610004878,nisha.devi.4878@gmail.com,"478 Main Road, Pune"
4879,Harish Devi 4879,9610004879,harish.devi.4879@gmail.com,"479 Main Road, Mumbai"
4880,Deepa Devi 4880,9610004880,deepa.devi.4880@gmail.com,"480 Main Road, Kochi"
4881,Arun Krishnan 4881,9610004881,arun.krishnan.4881@gmail.com,"481 Main Road, Chennai"
4882,Priya Krishnan 4882,9610004882,priya.krishnan.4882@gmail.com,"482 Main Road, Coimbatore"
4883,Rahul Krishnan 4883,9610004883,rahul.krishnan.4883@gmail.com,"483 Main Road, Bangalore"
4884,Divya Krishnan 4884,9610004884,divya.krishnan.4884@gmail.com,"484 Main Road, Hyderabad"
4885,Karthik Krishnan 4885,9610004885,karthik.krishnan.4885@gmail.com,"485 Main Road, Madurai"
4886,Sneha Krishnan 4886,9610004886,sneha.krishnan.4886@gmail.com,"486 Main Road, Salem"
4887,Vijay Krishnan 4887,9610004887,vijay.krishnan.4887@gmail.com,"487 Main Road, Trichy"
4888,Anitha Krishnan 4888,9610004888,anitha.krishnan.4888@gmail.com,"488 Main Road, Pune"
4889,Suresh Krishnan 4889,9610004889,suresh.krishnan.4889@gmail.com,"489 Main Road, Mumbai"
4890,Meena Krishnan 4890,9610004890,meena.krishnan.4890@gmail.com,"490 Main Road, Kochi"
4891,Ajay Krishnan 4891,9610004891,ajay.krishnan.4891@gmail.com,"491 Main Road, Chennai"
4892,Kavya Krishnan 4892,9610004892,kavya.krishnan.4892@gmail.com,"492 Main Road, Coimbatore"
4893,Ravi Krishnan 4893,9610004893,ravi.krishnan.4893@gmail.com,"493 Main Road, Bangalore"
4894,Pooja Krishnan 4894,9610004894,pooja.krishnan.4894@gmail.com,"494 Main Road, Hyderabad"
4895,Manoj Krishnan 4895,9610004895,manoj.krishnan.4895@gmail.com,"495 Main Road, Madurai"
4896,Swathi Krishnan 4896,9610004896,swathi.krishnan.4896@gmail.com,"496 Main Road, Salem"
4897,Gokul Krishnan 4897,9610004897,gokul.krishnan.4897@gmail.com,"497 Main Road, Trichy"
4898,Nisha Krishnan 4898,9610004898,nisha.krishnan.4898@gmail.com,"498 Main Road, Pune"
4899,Harish Krishnan 4899,9610004899,harish.krishnan.4899@gmail.com,"499 Main Road, Mumbai"
4900,Deepa Krishnan 4900,9610004900,deepa.krishnan.4900@gmail.com,"500 Main Road, Kochi"
4901,Arun Reddy 4901,9610004901,arun.reddy.4901@gmail.com,"501 Main Road, Chennai"
4902,Priya Reddy 4902,9610004902,priya.reddy.4902@gmail.com,"502 Main Road, Coimbatore"
4903,Rahul Reddy 4903,9610004903,rahul.reddy.4903@gmail.com,"503 Main Road, Bangalore"
4904,Divya Reddy 4904,9610004904,divya.reddy.4904@gmail.com,"504 Main Road, Hyderabad"
4905,Karthik Reddy 4905,9610004905,karthik.reddy.4905@gmail.com,"505 Main Road, Madurai"
4906,Sneha Reddy 4906,9610004906,sneha.reddy.4906@gmail.com,"506 Main Road, Salem"
4907,Vijay Reddy 4907,9610004907,vijay.reddy.4907@gmail.com,"507 Main Road, Trichy"
4908,Anitha Reddy 4908,9610004908,anitha.reddy.4908@gmail.com,"508 Main Road, Pune"
4909,Suresh Reddy 4909,9610004909,suresh.reddy.4909@gmail.com,"509 Main Road, Mumbai"
4910,Meena Reddy 4910,9610004910,meena.reddy.4910@gmail.com,"510 Main Road, Kochi"
4911,Ajay Reddy 4911,9610004911,ajay.reddy.4911@gmail.com,"511 Main Road, Chennai"
4912,Kavya Reddy 4912,9610004912,kavya.reddy.4912@gmail.com,"512 Main Road, Coimbatore"
4913,Ravi Reddy 4913,9610004913,ravi.reddy.4913@gmail.com,"513 Main Road, Bangalore"
4914,Pooja Reddy 4914,9610004914,pooja.reddy.4914@gmail.com,"514 Main Road, Hyderabad"
4915,Manoj Reddy 4915,9610004915,manoj.reddy.4915@gmail.com,"515 Main Road, Madurai"
4916,Swathi Reddy 4916,9610004916,swathi.reddy.4916@gmail.com,"516 Main Road, Salem"
4917,Gokul Reddy 4917,9610004917,gokul.reddy.4917@gmail.com,"517 Main Road, Trichy"
4918,Nisha Reddy 4918,9610004918,nisha.reddy.4918@gmail.com,"518 Main Road, Pune"
4919,Harish Reddy 4919,9610004919,harish.reddy.4919@gmail.com,"519 Main Road, Mumbai"
4920,Deepa Reddy 4920,9610004920,deepa.reddy.4920@gmail.com,"520 Main Road, Kochi"
4921,Arun Iyer 4921,9610004921,arun.iyer.4921@gmail.com,"521 Main Road, Chennai"
4922,Priya Iyer 4922,9610004922,priya.iyer.4922@gmail.com,"522 Main Road, Coimbatore"
4923,Rahul Iyer 4923,9610004923,rahul.iyer.4923@gmail.com,"523 Main Road, Bangalore"
4924,Divya Iyer 4924,9610004924,divya.iyer.4924@gmail.com,"524 Main Road, Hyderabad"
4925,Karthik Iyer 4925,9610004925,karthik.iyer.4925@gmail.com,"525 Main Road, Madurai"
4926,Sneha Iyer 4926,9610004926,sneha.iyer.4926@gmail.com,"526 Main Road, Salem"
4927,Vijay Iyer 4927,9610004927,vijay.iyer.4927@gmail.com,"527 Main Road, Trichy"
4928,Anitha Iyer 4928,9610004928,anitha.iyer.4928@gmail.com,"528 Main Road, Pune"
4929,Suresh Iyer 4929,9610004929,suresh.iyer.4929@gmail.com,"529 Main Road, Mumbai"
4930,Meena Iyer 4930,9610004930,meena.iyer.4930@gmail.com,"530 Main Road, Kochi"
4931,Ajay Iyer 4931,9610004931,ajay.iyer.4931@gmail.com,"531 Main Road, Chennai"
4932,Kavya Iyer 4932,9610004932,kavya.iyer.4932@gmail.com,"532 Main Road, Coimbatore"
4933,Ravi Iyer 4933,9610004933,ravi.iyer.4933@gmail.com,"533 Main Road, Bangalore"
4934,Pooja Iyer 4934,9610004934,pooja.iyer.4934@gmail.com,"534 Main Road, Hyderabad"
4935,Manoj Iyer 4935,9610004935,manoj.iyer.4935@gmail.com,"535 Main Road, Madurai"
4936,Swathi Iyer 4936,9610004936,swathi.iyer.4936@gmail.com,"536 Main Road, Salem"
4937,Gokul Iyer 4937,9610004937,gokul.iyer.4937@gmail.com,"537 Main Road, Trichy"
4938,Nisha Iyer 4938,9610004938,nisha.iyer.4938@gmail.com,"538 Main Road, Pune"
4939,Harish Iyer 4939,9610004939,harish.iyer.4939@gmail.com,"539 Main Road, Mumbai"
4940,Deepa Iyer 4940,9610004940,deepa.iyer.4940@gmail.com,"540 Main Road, Kochi"
4941,Arun Nair 4941,9610004941,arun.nair.4941@gmail.com,"541 Main Road, Chennai"
4942,Priya Nair 4942,9610004942,priya.nair.4942@gmail.com,"542 Main Road, Coimbatore"
4943,Rahul Nair 4943,9610004943,rahul.nair.4943@gmail.com,"543 Main Road, Bangalore"
4944,Divya Nair 4944,9610004944,divya.nair.4944@gmail.com,"544 Main Road, Hyderabad"
4945,Karthik Nair 4945,9610004945,karthik.nair.4945@gmail.com,"545 Main Road, Madurai"
4946,Sneha Nair 4946,9610004946,sneha.nair.4946@gmail.com,"546 Main Road, Salem"
4947,Vijay Nair 4947,9610004947,vijay.nair.4947@gmail.com,"547 Main Road, Trichy"
4948,Anitha Nair 4948,9610004948,anitha.nair.4948@gmail.com,"548 Main Road, Pune"
4949,Suresh Nair 4949,9610004949,suresh.nair.4949@gmail.com,"549 Main Road, Mumbai"
4950,Meena Nair 4950,9610004950,meena.nair.4950@gmail.com,"550 Main Road, Kochi"
4951,Ajay Nair 4951,9610004951,ajay.nair.4951@gmail.com,"551 Main Road, Chennai"
4952,Kavya Nair 4952,9610004952,kavya.nair.4952@gmail.com,"552 Main Road, Coimbatore"
4953,Ravi Nair 4953,9610004953,ravi.nair.4953@gmail.com,"553 Main Road, Bangalore"
4954,Pooja Nair 4954,9610004954,pooja.nair.4954@gmail.com,"554 Main Road, Hyderabad"
4955,Manoj Nair 4955,9610004955,manoj.nair.4955@gmail.com,"555 Main Road, Madurai"
4956,Swathi Nair 4956,9610004956,swathi.nair.4956@gmail.com,"556 Main Road, Salem"
4957,Gokul Nair 4957,9610004957,gokul.nair.4957@gmail.com,"557 Main Road, Trichy"
4958,Nisha Nair 4958,9610004958,nisha.nair.4958@gmail.com,"558 Main Road, Pune"
4959,Harish Nair 4959,9610004959,harish.nair.4959@gmail.com,"559 Main Road, Mumbai"
4960,Deepa Nair 4960,9610004960,deepa.nair.4960@gmail.com,"560 Main Road, Kochi"
4961,Arun Patel 4961,9610004961,arun.patel.4961@gmail.com,"561 Main Road, Chennai"
4962,Priya Patel 4962,9610004962,priya.patel.4962@gmail.com,"562 Main Road, Coimbatore"
4963,Rahul Patel 4963,9610004963,rahul.patel.4963@gmail.com,"563 Main Road, Bangalore"
4964,Divya Patel 4964,9610004964,divya.patel.4964@gmail.com,"564 Main Road, Hyderabad"
4965,Karthik Patel 4965,9610004965,karthik.patel.4965@gmail.com,"565 Main Road, Madurai"
4966,Sneha Patel 4966,9610004966,sneha.patel.4966@gmail.com,"566 Main Road, Salem"
4967,Vijay Patel 4967,9610004967,vijay.patel.4967@gmail.com,"567 Main Road, Trichy"
4968,Anitha Patel 4968,9610004968,anitha.patel.4968@gmail.com,"568 Main Road, Pune"
4969,Suresh Patel 4969,9610004969,suresh.patel.4969@gmail.com,"569 Main Road, Mumbai"
4970,Meena Patel 4970,9610004970,meena.patel.4970@gmail.com,"570 Main Road, Kochi"
4971,Ajay Patel 4971,9610004971,ajay.patel.4971@gmail.com,"571 Main Road, Chennai"
4972,Kavya Patel 4972,9610004972,kavya.patel.4972@gmail.com,"572 Main Road, Coimbatore"
4973,Ravi Patel 4973,9610004973,ravi.patel.4973@gmail.com,"573 Main Road, Bangalore"
4974,Pooja Patel 4974,9610004974,pooja.patel.4974@gmail.com,"574 Main Road, Hyderabad"
4975,Manoj Patel 4975,9610004975,manoj.patel.4975@gmail.com,"575 Main Road, Madurai"
4976,Swathi Patel 4976,9610004976,swathi.patel.4976@gmail.com,"576 Main Road, Salem"
4977,Gokul Patel 4977,9610004977,gokul.patel.4977@gmail.com,"577 Main Road, Trichy"
4978,Nisha Patel 4978,9610004978,nisha.patel.4978@gmail.com,"578 Main Road, Pune"
4979,Harish Patel 4979,9610004979,harish.patel.4979@gmail.com,"579 Main Road, Mumbai"
4980,Deepa Patel 4980,9610004980,deepa.patel.4980@gmail.com,"580 Main Road, Kochi"
4981,Arun Singh 4981,9610004981,arun.singh.4981@gmail.com,"581 Main Road, Chennai"
4982,Priya Singh 4982,9610004982,priya.singh.4982@gmail.com,"582 Main Road, Coimbatore"
4983,Rahul Singh 4983,9610004983,rahul.singh.4983@gmail.com,"583 Main Road, Bangalore"
4984,Divya Singh 4984,9610004984,divya.singh.4984@gmail.com,"584 Main Road, Hyderabad"
4985,Karthik Singh 4985,9610004985,karthik.singh.4985@gmail.com,"585 Main Road, Madurai"
4986,Sneha Singh 4986,9610004986,sneha.singh.4986@gmail.com,"586 Main Road, Salem"
4987,Vijay Singh 4987,9610004987,vijay.singh.4987@gmail.com,"587 Main Road, Trichy"
4988,Anitha Singh 4988,9610004988,anitha.singh.4988@gmail.com,"588 Main Road, Pune"
4989,Suresh Singh 4989,9610004989,suresh.singh.4989@gmail.com,"589 Main Road, Mumbai"
4990,Meena Singh 4990,9610004990,meena.singh.4990@gmail.com,"590 Main Road, Kochi"
4991,Ajay Singh 4991,9610004991,ajay.singh.4991@gmail.com,"591 Main Road, Chennai"
4992,Kavya Singh 4992,9610004992,kavya.singh.4992@gmail.com,"592 Main Road, Coimbatore"
4993,Ravi Singh 4993,9610004993,ravi.singh.4993@gmail.com,"593 Main Road, Bangalore"
4994,Pooja Singh 4994,9610004994,pooja.singh.4994@gmail.com,"594 Main Road, Hyderabad"
4995,Manoj Singh 4995,9610004995,manoj.singh.4995@gmail.com,"595 Main Road, Madurai"
4996,Swathi Singh 4996,9610004996,swathi.singh.4996@gmail.com,"596 Main Road, Salem"
4997,Gokul Singh 4997,9610004997,gokul.singh.4997@gmail.com,"597 Main Road, Trichy"
4998,Nisha Singh 4998,9610004998,nisha.singh.4998@gmail.com,"598 Main Road, Pune"
4999,Harish Singh 4999,9610004999,harish.singh.4999@gmail.com,"599 Main Road, Mumbai"
5000,Deepa Singh 5000,9610005000,deepa.singh.5000@gmail.com,"600 Main Road, Kochi"
